file,tranche,bytes,pages,encrypted,signed,tagged,hasForms,sha256,origin_url,orig_name
arxiv-2606.10889.pdf,arxiv,1089695,4,false,false,false,false,2f65fce83633f39b44a60beffcfc564c99bfd9263d29c593f324a19752f27e44,https://arxiv.org/abs/2606.10889v1,2606.10889v1
arxiv-2606.10891.pdf,arxiv,7256943,19,false,false,false,false,e5939ee4d2ddb07207e5851433282ddf0814839b670b121f994137aaebaf8ee6,https://arxiv.org/abs/2606.10891v1,2606.10891v1
arxiv-2606.11066.pdf,arxiv,2190649,10,false,false,false,false,5f04aff9fed1074d4fa0d99b98f7041102a9e14df13ed0bedcf6ce52eb8fdb27,https://arxiv.org/abs/2606.11066v1,2606.11066v1
arxiv-2606.11091.pdf,arxiv,13564175,48,false,false,false,false,4cc2f99a4a4495bbd2d48bac359776cc30f5aa4cbe2253cad119e9caff3b8aff,https://arxiv.org/abs/2606.11091v1,2606.11091v1
arxiv-2606.11415.pdf,arxiv,4747093,16,false,false,false,false,5e9e2d4e7d6780ca6ade7b9a5e57dc06c30801fa01f83a8641d88fbfb153322e,https://arxiv.org/abs/2606.11415v1,2606.11415v1
arxiv-2606.11500.pdf,arxiv,3663616,25,false,false,false,false,8f2b81f57fe4acf0d962f706a9c391c97c44e988111e6f81dc53e3622d9fdddb,https://arxiv.org/abs/2606.11500v1,2606.11500v1
arxiv-2606.11555.pdf,arxiv,662603,4,false,false,false,false,db356564ac8c36901a61fc07939ac4fd49e6df59457c434311453294dd7115d0,https://arxiv.org/abs/2606.11555v1,2606.11555v1
arxiv-2606.11598.pdf,arxiv,3591421,51,false,false,false,false,331f127875510ad9ba9a97f37bd9fe976dc0e6f152ded8c4586a0af4d8a90577,https://arxiv.org/abs/2606.11598v1,2606.11598v1
arxiv-2606.11833.pdf,arxiv,3786753,22,false,false,false,false,a3b96758162c8459f9136923fb8bbebb3166da44d508733c2188bff8d55e2248,https://arxiv.org/abs/2606.11833v1,2606.11833v1
arxiv-2606.11893.pdf,arxiv,27461912,63,false,false,false,false,5f3513ced91ae953edb7aa008f01a3fc3f5b3c1c67b788159776e5db49584564,https://arxiv.org/abs/2606.11893v1,2606.11893v1
arxiv-2606.12600.pdf,arxiv,1604966,13,false,false,false,false,442b0b917b6422f4aee87daaf2854ef84c3a0ebb67d4a9ca757c7aaa6da6e7e1,https://arxiv.org/abs/2606.12600v1,2606.12600v1
arxiv-2606.12684.pdf,arxiv,9055810,39,false,false,false,false,5e818264b7de9bc771ffb2f28fa180fa8f99b61141cb320964010138696320a7,https://arxiv.org/abs/2606.12684v1,2606.12684v1
arxiv-2606.13017.pdf,arxiv,1296754,7,false,false,false,false,b9660c6312d207f39ce0f1cc8e374951d2dbd0b75020b31cd2b6b2a3d14facc2,https://arxiv.org/abs/2606.13017v1,2606.13017v1
arxiv-2606.13132.pdf,arxiv,517162,13,false,false,false,false,c2ed7dec84770c905d25663d00e44e5f55569fff48aaab84bf309c191fcea241,https://arxiv.org/abs/2606.13132v1,2606.13132v1
arxiv-2606.13260.pdf,arxiv,8089306,19,false,false,false,false,0d8d5478258f7b28f918cef5547a670f44541d5b7b0d9824f1dbc4750b393430,https://arxiv.org/abs/2606.13260v1,2606.13260v1
arxiv-2606.13801.pdf,arxiv,8238553,21,false,false,false,false,b345dbee39370016d7f8ab1a491a5d94982ae2d82a40ceccca2d118b6c7c7272,https://arxiv.org/abs/2606.13801v1,2606.13801v1
arxiv-2606.14614.pdf,arxiv,525742,6,false,false,false,false,8f6b9e858985b0176be25363a32437163346f29b88a0d235e99216d8fa1e59d8,https://arxiv.org/abs/2606.14614v1,2606.14614v1
arxiv-2606.14649.pdf,arxiv,4322958,19,false,false,false,false,a4907613ae9aceb41604b859f9ed06b44d8d6130797926de081045e5778f8a52,https://arxiv.org/abs/2606.14649v2,2606.14649v2
arxiv-2606.14692.pdf,arxiv,3643341,17,false,false,false,false,c34be04ae8da84d34e985fc686e9d403c7542034fa2e7e4275bea5f946f4e9e4,https://arxiv.org/abs/2606.14692v1,2606.14692v1
arxiv-2606.14975.pdf,arxiv,4724495,21,false,false,false,false,455773bed3c62f259f45177c5bc1e9c6d052048a5cc0c4856821527f9e9f2f8b,https://arxiv.org/abs/2606.14975v1,2606.14975v1
arxiv-2606.15192.pdf,arxiv,5573060,7,false,false,false,false,6c93e598cbdcd1c9d8592e94ed0ac5ecc22192b34bdf0aa2ed5fc2b17ce77037,https://arxiv.org/abs/2606.15192v1,2606.15192v1
arxiv-2606.15348.pdf,arxiv,574248,27,false,false,false,false,81dd0b2e8b22c43a8d0c61243f0dfaa5e7f08ec3de322e5eb6385f5e77193ead,https://arxiv.org/abs/2606.15348v1,2606.15348v1
arxiv-2606.15989.pdf,arxiv,9608947,22,false,false,false,false,baf6132ca41fd246d32e792922df08f1c59768f1c0adf1936030d4ab11d6fcfe,https://arxiv.org/abs/2606.15989v1,2606.15989v1
arxiv-2606.16041.pdf,arxiv,3146436,28,false,false,false,false,2c4e138d5001a11ee128073cf66724f0fc750389641a50cea96c805eb08d7e0e,https://arxiv.org/abs/2606.16041v1,2606.16041v1
arxiv-2606.16294.pdf,arxiv,4388497,19,false,false,false,false,ba6ae9d44ed81905ad193f69eba32c08d7ab0823fb3e7eff06532afe40f3fbce,https://arxiv.org/abs/2606.16294v1,2606.16294v1
arxiv-2606.16590.pdf,arxiv,1995358,6,false,false,false,false,3ff84c8b15a7b98455ab6132b17d7d0e22785ac2ddbcaa322b90124d8bcd20a2,https://arxiv.org/abs/2606.16590v2,2606.16590v2
arxiv-2606.16693.pdf,arxiv,1031992,29,false,false,false,false,a4e82d8a9c18b1b63b56975ec70654fcc85b79dad9dfc303dc45125cad0d1c7d,https://arxiv.org/abs/2606.16693v1,2606.16693v1
arxiv-2606.16694.pdf,arxiv,2159486,10,false,false,false,false,1d99e1d3ee3196bc0e149c1497b1b7fc0cb3d9b54d6b53ceff54ce9580565481,https://arxiv.org/abs/2606.16694v1,2606.16694v1
arxiv-2606.17456.pdf,arxiv,1589761,7,false,false,false,false,f3db713d48e011bc30f7613b14145b3ed020d2d918788a3e07c1ef25213a477f,https://arxiv.org/abs/2606.17456v1,2606.17456v1
arxiv-2606.17736.pdf,arxiv,641557,16,false,false,false,false,61697e03e6e9e36e8c04c09fedfbc4faddeb347abe6145bce174d37f370c2d0b,https://arxiv.org/abs/2606.17736v1,2606.17736v1
arxiv-2606.17742.pdf,arxiv,16071195,33,false,false,false,false,adfb27228e25bb1800e29f9c6c626a3bff8173db22d55a906a6dc161b61e5ce4,https://arxiv.org/abs/2606.17742v1,2606.17742v1
arxiv-2606.17745.pdf,arxiv,1894228,21,false,false,false,false,2fdd305b13003bc5d49adef24be846c37fdcc12015cd82af866c29af4b3edc5d,https://arxiv.org/abs/2606.17745v2,2606.17745v2
arxiv-2606.18667.pdf,arxiv,11400075,19,false,false,false,false,27219fc0691f3169b0d5df0d73cb8c667a91bcea9f484175a9bae9e102b3d81c,https://arxiv.org/abs/2606.18667v1,2606.18667v1
arxiv-2606.19081.pdf,arxiv,7806548,13,false,false,false,false,0e295f315642d2c66e3a93215920b468340e5633d0670c39dc13d865f170e65e,https://arxiv.org/abs/2606.19081v1,2606.19081v1
arxiv-2606.20096.pdf,arxiv,3904241,16,false,false,false,false,2ecc65c99fb09088d9f88e7718bbab2224ed334039a1c3e21385de5ad7cda420,https://arxiv.org/abs/2606.20096v1,2606.20096v1
arxiv-2606.20345.pdf,arxiv,461605,6,false,false,false,false,d69d9d254c67e232757949210b8314335974bcf35f94435a505264cfe7da91a4,https://arxiv.org/abs/2606.20345v2,2606.20345v2
arxiv-2606.20733.pdf,arxiv,11028358,23,false,false,false,false,374de99b814bbcc469b8db9e21fa97c89b604d444eeb3ba654d9a57699b7e1ea,https://arxiv.org/abs/2606.20733v1,2606.20733v1
arxiv-2606.20844.pdf,arxiv,680278,29,false,false,true,false,0a274a45e4782b6dff2a70ffe8e95d7d4d2c37396967268af355c56836a09c51,https://arxiv.org/abs/2606.20844v1,2606.20844v1
arxiv-2606.21432.pdf,arxiv,513870,21,false,false,false,false,b9ea03cad3ac471c17c4109e7ff8bfa30889a9bee48d0ab6251f2177a9b5cbf2,https://arxiv.org/abs/2606.21432v1,2606.21432v1
arxiv-2606.21508.pdf,arxiv,2204165,23,false,false,false,false,3925cf93966cf017eafede388ea49dd36d7b5ed9eb70a7e0f96c3f3ba2e23938,https://arxiv.org/abs/2606.21508v1,2606.21508v1
arxiv-2606.21703.pdf,arxiv,2315720,6,false,false,false,false,0ccbb3d4744e17f952326db6e75588dc16c45adb5228149fc1ed2b11843871e4,https://arxiv.org/abs/2606.21703v1,2606.21703v1
arxiv-2606.21785.pdf,arxiv,4190759,24,false,false,false,false,f514e68a570b1157afd8f0da6baea7ef3c4481a12a2943974db8850159884286,https://arxiv.org/abs/2606.21785v2,2606.21785v2
arxiv-2606.21818.pdf,arxiv,718097,21,false,false,false,false,53cb68969c0a6944d25c7a8a3d23a58fd9c6eb7701b847cfe1d820dd382eca3e,https://arxiv.org/abs/2606.21818v1,2606.21818v1
arxiv-2606.21940.pdf,arxiv,1678489,13,false,false,false,false,360c69ee7774571b5457ebc27a7fb05a3a02c9566eff511ac04cf9e6019abd31,https://arxiv.org/abs/2606.21940v1,2606.21940v1
arxiv-2606.22695.pdf,arxiv,2666198,45,false,false,false,false,19d6ada4fd95c96369a8dfb57ab42302b83b57e20c6ac34e418e86700d6c8708,https://arxiv.org/abs/2606.22695v2,2606.22695v2
arxiv-2606.23066.pdf,arxiv,3809255,59,false,false,true,false,4a1d39cc66283c7671e3846468b3ba7fc172339440cbd5d601c2990926916f94,https://arxiv.org/abs/2606.23066v1,2606.23066v1
arxiv-2606.23325.pdf,arxiv,1500371,31,false,false,false,false,ca1c850df07df62934060f6dd104403aa6a5649ee3bfeae2dacab88be65fa423,https://arxiv.org/abs/2606.23325v1,2606.23325v1
arxiv-2606.23874.pdf,arxiv,28020112,31,false,false,false,false,24a030b246cb2c1dd69e2c4e4996f4ddb9dec25ee800405e290b050aba181b35,https://arxiv.org/abs/2606.23874v1,2606.23874v1
arxiv-2606.24037.pdf,arxiv,1014884,28,false,false,true,false,2c988dbb4bab049a4e7bae88d3e7722fdfc3ae3c2e6befbb3affc77d072def17,https://arxiv.org/abs/2606.24037v1,2606.24037v1
arxiv-2606.24351.pdf,arxiv,3922754,42,false,false,false,false,d6e0e4c3be38e1005f634ab297e23d6ddb5aefa43455ccc14bc8b674e160b94b,https://arxiv.org/abs/2606.24351v1,2606.24351v1
arxiv-2606.24394.pdf,arxiv,1715096,16,false,false,false,false,0da4392d328943df0f0b91e9e3683a352764942a0f4de916d4645b871927580b,https://arxiv.org/abs/2606.24394v1,2606.24394v1
arxiv-2606.24406.pdf,arxiv,1997471,8,false,false,false,false,42e80ddce2074aa22126c64062cff28091885b86b0a2d7676df40aab93880b29,https://arxiv.org/abs/2606.24406v1,2606.24406v1
arxiv-2606.24668.pdf,arxiv,405123,5,false,false,true,false,26c460686633a01b0233efa94b25af01f1f1e54173b9ebcc2e93de6926d3553f,https://arxiv.org/abs/2606.24668v1,2606.24668v1
arxiv-2606.25826.pdf,arxiv,2354119,46,false,false,false,false,6e981b13008e910bc60e99a0fe9f4700372dfbfbc2d8cd63da0238f093ee1ca7,https://arxiv.org/abs/2606.25826v1,2606.25826v1
arxiv-2606.25874.pdf,arxiv,728119,9,false,false,false,false,e6a15f4c0e937b752125bf4e7cc069fd6b84d51bd9d737313986f849017b0034,https://arxiv.org/abs/2606.25874v1,2606.25874v1
arxiv-2606.26272.pdf,arxiv,7008157,16,false,false,false,false,4b32368b4d8608d567734096749d29ea4567d0e493b6919509ffae8ff885ad35,https://arxiv.org/abs/2606.26272v1,2606.26272v1
arxiv-2606.26279.pdf,arxiv,2081086,12,false,false,false,false,fe4441625977d6a3c5c86a4c3e07f5e7b98ffaaf614d9174fca9834d35ce8e50,https://arxiv.org/abs/2606.26279v1,2606.26279v1
arxiv-2606.26433.pdf,arxiv,9118633,21,false,false,false,false,93fc3529af38c3e2e88bb474201a5665c35f2fa0cb35de6798f29caa3db6a16f,https://arxiv.org/abs/2606.26433v1,2606.26433v1
arxiv-2606.26448.pdf,arxiv,9284748,44,false,false,false,false,7b1717d4c4707e5a1b0e68ad8112cceac90758cfc6bffeae65b967ce8a1fb9ed,https://arxiv.org/abs/2606.26448v1,2606.26448v1
arxiv-2606.26491.pdf,arxiv,11481587,13,false,false,false,false,99d492b77cbcaf506f1eec0c55387f45d0c5102b3a95e5a9e72aed996205fdf7,https://arxiv.org/abs/2606.26491v1,2606.26491v1
arxiv-2606.26646.pdf,arxiv,2622112,13,false,false,false,false,9c75e6c3afc9c8e323cf5369ee4279cc4671cff816a0214fc95051a49617023a,https://arxiv.org/abs/2606.26646v1,2606.26646v1
arxiv-2606.26655.pdf,arxiv,4774617,35,false,false,false,false,56e4257c567600902f6e6c5f5b3373eb5972d896bc69d6ec0a034789d7e1f293,https://arxiv.org/abs/2606.26655v1,2606.26655v1
arxiv-2606.26656.pdf,arxiv,2059258,49,false,false,false,false,a828698bb24c257a9e846c6998541698639dfeff91848fc633315fdf62d6b78d,https://arxiv.org/abs/2606.26656v1,2606.26656v1
arxiv-2606.26726.pdf,arxiv,14399889,6,false,false,false,false,7e89cec8c0376eb73221e075953cc3cd21783c7fc760998b888c055cdaaf62b1,https://arxiv.org/abs/2606.26726v1,2606.26726v1
arxiv-2606.26733.pdf,arxiv,2052108,28,false,false,false,false,e934bd251b2a371c86da477e6f5bfce7dad244dcebdd077c394e1f32d691213d,https://arxiv.org/abs/2606.26733v1,2606.26733v1
arxiv-2606.27012.pdf,arxiv,1391307,17,false,false,false,false,3990b83cf567817fdc6972f5bd54a827eb9068fd363448864cdffcc16311b1e0,https://arxiv.org/abs/2606.27012v1,2606.27012v1
arxiv-2606.27133.pdf,arxiv,8359892,19,false,false,false,false,789bacf420f3270c5999630609a72c2957a94b5d66955e0edaeb8e5ca769e7d2,https://arxiv.org/abs/2606.27133v1,2606.27133v1
arxiv-2606.27207.pdf,arxiv,25659895,23,false,false,false,false,3fe2158fb055e42c67bd3b864d2972e0a07138840dc138b87f8f0c23b18e8a91,https://arxiv.org/abs/2606.27207v1,2606.27207v1
arxiv-2606.27220.pdf,arxiv,11422186,100,false,false,true,false,972e26da93cf194d2ea5eb21b628ddace9d9ac55a3591e538d953edcd5958039,https://arxiv.org/abs/2606.27220v1,2606.27220v1
arxiv-2606.27296.pdf,arxiv,2576921,6,false,false,false,false,c86854b561ebde99b8b70920f3991af0bb395b4055b02b0d5194c7188e802393,https://arxiv.org/abs/2606.27296v1,2606.27296v1
arxiv-2606.27310.pdf,arxiv,3622820,32,false,false,false,false,e66b2b1c8ffb244ada51d1270914a586c3f4d39665d4f569917c2e6344109d29,https://arxiv.org/abs/2606.27310v1,2606.27310v1
arxiv-2606.27529.pdf,arxiv,5007252,22,false,false,false,false,3ddbb2d61ece11e6d481105714c1bd8055a33caa314a4d951223b987cb389e3b,https://arxiv.org/abs/2606.27529v1,2606.27529v1
arxiv-2606.27783.pdf,arxiv,6911174,31,false,false,false,false,a062e332dceec8d6dc85dd8f9f22babdc4d9f3d92119f269faeb20d1ce836775,https://arxiv.org/abs/2606.27783v1,2606.27783v1
arxiv-2606.27946.pdf,arxiv,11688260,36,false,false,false,false,88f7eca5e58732611e41fbc5c03777894002a0bf12f67721617061ad64d21dff,https://arxiv.org/abs/2606.27946v1,2606.27946v1
arxiv-2606.28003.pdf,arxiv,1962855,33,false,false,false,false,b27c8ce85a42e554e51cfc16860cccb4497c47f6d6043976bbbc18561ad2b2ab,https://arxiv.org/abs/2606.28003v1,2606.28003v1
arxiv-2606.28240.pdf,arxiv,330874,6,false,false,false,false,4c3b2d2d899fd04ffbe6fbeb3aac1e9c296ffd02c89e0903ebfa3060f46328f9,https://arxiv.org/abs/2606.28240v1,2606.28240v1
arxiv-2606.28260.pdf,arxiv,1448617,7,false,false,false,false,ca2dcfee1afa810a6ea237907c23447681465822ccf779e0d0690f400416540b,https://arxiv.org/abs/2606.28260v1,2606.28260v1
arxiv-2606.28262.pdf,arxiv,2621608,19,false,false,false,false,6d5a604e3f37205884e54bcbeab25a7c3356660f8986f47582ff06b3d54d47b4,https://arxiv.org/abs/2606.28262v1,2606.28262v1
arxiv-2606.28399.pdf,arxiv,13354273,26,false,false,false,false,96cb5d2c058422d34a74e34eff4d65f5aa5a1e0be28219804d28e575bf4f2cda,https://arxiv.org/abs/2606.28399v1,2606.28399v1
arxiv-2606.28470.pdf,arxiv,3676796,26,false,false,false,false,87bb25fd09fc14a71d0be5c57b7c3384373335e3880a38ab4c9ea9f54e7d9531,https://arxiv.org/abs/2606.28470v1,2606.28470v1
arxiv-2606.28567.pdf,arxiv,658389,7,false,false,false,false,8991e14867aa52264e77737165c987c12ac2afe9a647dd169ad8876c63e3aee0,https://arxiv.org/abs/2606.28567v1,2606.28567v1
arxiv-2606.28653.pdf,arxiv,9383291,17,false,false,false,false,2f6d8a501fd03adb7f121e373d636bebc72eda260f271e14ceaf2dbc3790e32c,https://arxiv.org/abs/2606.28653v1,2606.28653v1
arxiv-2606.29051.pdf,arxiv,5150774,12,false,false,false,false,0342f2cc4ae2446dd288b5d4aaae6633001ae0b57785b397ea2cde2fbcad0bd4,https://arxiv.org/abs/2606.29051v1,2606.29051v1
arxiv-2606.29098.pdf,arxiv,977139,14,false,false,false,false,b452842dc50d2eef489e36c44b60355ec5992dc570cf1d840226d902b28c3a83,https://arxiv.org/abs/2606.29098v1,2606.29098v1
arxiv-2606.29410.pdf,arxiv,1423339,31,false,false,false,false,caf35779f11d31299ef778f521c311a07e0078d375365fefd7fee9b1f5bad01c,https://arxiv.org/abs/2606.29410v1,2606.29410v1
arxiv-2606.29499.pdf,arxiv,7590454,8,false,false,false,false,347a1042357c840e266c6d6aebfda6cc913ba68cbf8898ba3c769dd3192fc94d,https://arxiv.org/abs/2606.29499v1,2606.29499v1
arxiv-2606.29655.pdf,arxiv,500565,28,false,false,false,false,fd9597207e545729f76f3c76d39964a0ab626197e2bb9ccedc7adfea9522a488,https://arxiv.org/abs/2606.29655v1,2606.29655v1
arxiv-2606.29698.pdf,arxiv,8940512,23,false,false,false,false,1f9cc2efc532da6a29c03acb251a94f878dc6f9de067e862a3716f4d75dbbd6d,https://arxiv.org/abs/2606.29698v1,2606.29698v1
arxiv-2606.29838.pdf,arxiv,1859428,21,false,false,false,false,c6559b203dc06eddebfa9061419ce69bc785255ca9b554b3f1bd08eb3411daa5,https://arxiv.org/abs/2606.29838v1,2606.29838v1
arxiv-2606.29843.pdf,arxiv,14191256,17,false,false,false,false,b128e522e109c6321734f2821ee54f815fd350176590be72a10f1522b1f123b5,https://arxiv.org/abs/2606.29843v1,2606.29843v1
arxiv-2606.30041.pdf,arxiv,14897721,28,false,false,false,false,2dc66b371a17104e43f36a3f09d9a84346ff73ca6230259395f7251fc4ff51f9,https://arxiv.org/abs/2606.30041v1,2606.30041v1
arxiv-2606.30172.pdf,arxiv,522041,35,false,false,false,false,dd24f607d8d01140f10ce3b598a9a840c0a3ea4c6a0398024abacb3b5fabbcf2,https://arxiv.org/abs/2606.30172v1,2606.30172v1
arxiv-2606.30184.pdf,arxiv,412630,12,false,false,false,false,e8c45b53aeaac8410556119b0099c90eb6b7d07fd255d6da4884fcbb1520301d,https://arxiv.org/abs/2606.30184v1,2606.30184v1
arxiv-2606.30267.pdf,arxiv,18918345,45,false,false,false,false,4671afa540a27dda04f15be1600b8a03b925e245247758bbe904e058d9a949b1,https://arxiv.org/abs/2606.30267v1,2606.30267v1
arxiv-2606.30329.pdf,arxiv,4337681,29,false,false,false,false,720b24a1b6b9775bb5a00f73180cab29f730d27d45065a2343192a6114c2989d,https://arxiv.org/abs/2606.30329v2,2606.30329v2
arxiv-2606.30366.pdf,arxiv,3636323,21,false,false,false,false,6b0e21d555f1789357d026f674fb32830549562a925c3d18c8f3ad084de47605,https://arxiv.org/abs/2606.30366v1,2606.30366v1
arxiv-2606.30386.pdf,arxiv,316551,10,false,false,false,false,157453f727fb0a019d98135dba8cd72d94bdb70944b91dffac3ef13c22f8b4b9,https://arxiv.org/abs/2606.30386v1,2606.30386v1
arxiv-2606.30401.pdf,arxiv,785228,10,false,false,false,false,7133c338dc68dfd00e35714e08677623a3c2f808108466f1d0817a986b92fa70,https://arxiv.org/abs/2606.30401v1,2606.30401v1
arxiv-2606.30501.pdf,arxiv,4851876,18,false,false,false,false,e48ece071508d43652f48d709581f41dbcfabff01745ab301f221e9d2783c2fd,https://arxiv.org/abs/2606.30501v2,2606.30501v2
arxiv-2606.30535.pdf,arxiv,1435777,20,false,false,true,false,f29b1a99ad920585727ef4ed09f56205847172bcaf3eeb91eeb401185cef1c07,https://arxiv.org/abs/2606.30535v1,2606.30535v1
arxiv-2606.30605.pdf,arxiv,613868,12,false,false,false,false,e4dd62719ccf8bd961a4d5d52422411e0908b5b3f185270515da9bd7fe81fa09,https://arxiv.org/abs/2606.30605v1,2606.30605v1
arxiv-2606.30637.pdf,arxiv,1168605,72,false,false,false,false,66f9ade01f8bcb850d5fdd7bc93586d549c97f036cd0841cb8dc93959516190a,https://arxiv.org/abs/2606.30637v2,2606.30637v2
arxiv-2606.30772.pdf,arxiv,276776,14,false,false,false,false,9af5990d4306277e53b9235f0ba94a3eb97a91d5c3d7a80410332a0148c11206,https://arxiv.org/abs/2606.30772v1,2606.30772v1
arxiv-2606.30913.pdf,arxiv,16767879,11,false,false,false,false,3e3bb18802f0f6cba81a5aab3f13cc6635df32988b0183363c0ce29109ed6bd0,https://arxiv.org/abs/2606.30913v1,2606.30913v1
arxiv-2606.30971.pdf,arxiv,994595,17,false,false,false,false,191b8e513b68adfb7e2fc897e91fbff0e68c414ca72f12d8424498bf7f882c67,https://arxiv.org/abs/2606.30971v2,2606.30971v2
arxiv-2606.30983.pdf,arxiv,279597,4,false,false,false,false,a581d1d207ced6db2d7200aa16d718a4ea4b1c1f02a405884339ff974cb19af4,https://arxiv.org/abs/2606.30983v1,2606.30983v1
arxiv-2606.31009.pdf,arxiv,832568,18,false,false,false,false,2bf07af94d2c24172d50b5f4e623c6626f0bd36fa21f6b8c556c5d5335982fd7,https://arxiv.org/abs/2606.31009v1,2606.31009v1
arxiv-2606.31059.pdf,arxiv,9354583,15,false,false,false,false,1522e6f62a6b193032b56209a11ee3eb49f5201e24e1b69ae7b83068e356423f,https://arxiv.org/abs/2606.31059v1,2606.31059v1
arxiv-2606.31072.pdf,arxiv,388407,19,false,false,false,false,42a2c819697c13e9817a4a9a4f64990751927841d1ec95969145c66fc26a04a5,https://arxiv.org/abs/2606.31072v1,2606.31072v1
arxiv-2606.31078.pdf,arxiv,429874,20,false,false,false,false,7f7c5a7d42560bf0c88e558d9d0faae1d88e614d37ae45f754ebb6ca65cfe91d,https://arxiv.org/abs/2606.31078v1,2606.31078v1
arxiv-2606.31083.pdf,arxiv,509948,24,false,false,false,false,137586642dcfdd78fc10963461acdaeda1aee5bc5d2e7f515b609320359973ee,https://arxiv.org/abs/2606.31083v1,2606.31083v1
arxiv-2606.31123.pdf,arxiv,689761,36,false,false,false,false,dccf325141a16eb7778de9fc9de31a64279b3c4d6e3f7a7c5bf23762a1b31c67,https://arxiv.org/abs/2606.31123v1,2606.31123v1
arxiv-2606.31170.pdf,arxiv,294889,6,false,false,false,false,99b3071fd382e9a21bdaf39b71e0c7b735b38aa855bb94609636b283f56a5737,https://arxiv.org/abs/2606.31170v1,2606.31170v1
arxiv-2606.31224.pdf,arxiv,529790,29,false,false,false,false,073904d05cdf87e146b15f7f94d988e2fcefe40abe67f54c18041556f4b27354,https://arxiv.org/abs/2606.31224v1,2606.31224v1
arxiv-2606.31283.pdf,arxiv,3328283,25,false,false,false,false,39179913d18d7d679df36a30a2c68347e73b548f8306fb67f2f96f3081aa219e,https://arxiv.org/abs/2606.31283v1,2606.31283v1
arxiv-2606.31395.pdf,arxiv,341182,37,false,false,false,false,761b8200687224bc4a66a67852c51e15aead8dee417d7b1ca068ac9392a7255e,https://arxiv.org/abs/2606.31395v1,2606.31395v1
arxiv-2606.31448.pdf,arxiv,405855,6,false,false,false,false,14b6d6484520b07abd37a92c7ccf4337f154ba80f4072935880d1ae1517cdf24,https://arxiv.org/abs/2606.31448v1,2606.31448v1
arxiv-2606.31452.pdf,arxiv,400041,27,false,false,false,false,fe0c465a7ad55cf4e4bb39d3d026cbb56071981a64b45ce198155972e0f1660b,https://arxiv.org/abs/2606.31452v1,2606.31452v1
arxiv-2606.31620.pdf,arxiv,7088518,15,false,false,false,false,219a341130c585b679a0d17cf4461cacd56354027e2ddca1f668ef6aac911473,https://arxiv.org/abs/2606.31620v1,2606.31620v1
arxiv-2606.31656.pdf,arxiv,3410818,10,false,false,false,false,17db5e66dce37703ff6623458abf838f4102f5c3f0dec14ba3a2f6f66ead4b7c,https://arxiv.org/abs/2606.31656v1,2606.31656v1
arxiv-2606.31666.pdf,arxiv,626649,35,false,false,false,false,ccc59d50864d72d6988cd029bdcbca30a97640e4af5d58f5ceee57a6b1279221,https://arxiv.org/abs/2606.31666v1,2606.31666v1
arxiv-2606.31783.pdf,arxiv,519602,13,false,false,false,false,6823c8b8f765081b7dea9db396e0ccd72c4e8a361a34bfcac5f9216964ded2da,https://arxiv.org/abs/2606.31783v1,2606.31783v1
arxiv-2606.31786.pdf,arxiv,1850877,9,false,false,false,false,bb517505803732d746c03f1626272db190f75d971dc8906f0856cc40c5cea9f9,https://arxiv.org/abs/2606.31786v1,2606.31786v1
arxiv-2606.31838.pdf,arxiv,3072347,25,false,false,false,false,a3e8be023f3f3c0c522e7aa43f6aacbabf906903f960790605769912c835cc8a,https://arxiv.org/abs/2606.31838v1,2606.31838v1
arxiv-2606.31840.pdf,arxiv,6644562,27,false,false,false,false,90fa405e9c169ebd1548dcc05ca55ecd80feedc52e1e79851f0bd4637cc6399e,https://arxiv.org/abs/2606.31840v1,2606.31840v1
arxiv-2606.31894.pdf,arxiv,457638,19,false,false,false,false,99579bcf72df658a91a05496e0554c420b0dbad5612c0c4584075105e4e52ef4,https://arxiv.org/abs/2606.31894v1,2606.31894v1
arxiv-2606.31902.pdf,arxiv,1776893,16,false,false,false,false,069a4128ec38b063572eea94a1dafb6df254d31323329ca095437815bbee642b,https://arxiv.org/abs/2606.31902v1,2606.31902v1
arxiv-2606.31914.pdf,arxiv,2173654,19,false,false,false,false,541df425951891fd101e7d2faebbae0061a30e434e760b7b35e56a37496f7412,https://arxiv.org/abs/2606.31914v1,2606.31914v1
arxiv-2606.31944.pdf,arxiv,591574,12,false,false,false,false,24461d30b3fbb8a6ec0e9839bdc9d7c93e8ae8256ff70b4a99c54c5b42e01fd1,https://arxiv.org/abs/2606.31944v1,2606.31944v1
arxiv-2606.31965.pdf,arxiv,413362,16,false,false,false,false,09231d34215f7e07f61c0f4434541456e2db952176571f91cc1f50fc94f10128,https://arxiv.org/abs/2606.31965v1,2606.31965v1
arxiv-2606.31985.pdf,arxiv,3748106,29,false,false,false,false,926cf49a13370d70cb02bb30a1631caa8be428e192b5cedd08778cae48b0b8b6,https://arxiv.org/abs/2606.31985v2,2606.31985v2
arxiv-2607.00088.pdf,arxiv,698778,35,false,false,false,false,0ac27c2437449fdfb3eec0ae7162374be55b80c0ab6e43c8866457b40d82aaa8,https://arxiv.org/abs/2607.00088v1,2607.00088v1
arxiv-2607.00130.pdf,arxiv,802140,42,false,false,false,false,3e7c20c98acc89a10a0ae0e5cc847bac457177d75546c48c1958daac412550d5,https://arxiv.org/abs/2607.00130v1,2607.00130v1
arxiv-2607.00179.pdf,arxiv,2733295,9,false,false,false,false,34ca848543d6e0670d747c8cda19e5e56b985551e8099b9412f93b38275b07b8,https://arxiv.org/abs/2607.00179v1,2607.00179v1
arxiv-2607.00322.pdf,arxiv,1100927,76,false,false,false,false,b45f3bcbaf0310781bd988cb942dc1478d6f11fb168b2f08767a4a201f1fdf33,https://arxiv.org/abs/2607.00322v1,2607.00322v1
arxiv-2607.00400.pdf,arxiv,16489931,13,false,false,false,false,f8d5e9c2bf721e842bb1647fa45bcc61ac263ea5da958cd40e56aebef8ae62ea,https://arxiv.org/abs/2607.00400v1,2607.00400v1
arxiv-2607.00426.pdf,arxiv,719239,44,false,false,false,false,273b2ff20d58881958140c98a9131997f77392b0081fc5245d0418e672f3cb49,https://arxiv.org/abs/2607.00426v1,2607.00426v1
arxiv-2607.00467.pdf,arxiv,3010616,34,false,false,false,false,771adbffbf54171381e949e1eb819b5727caff9ef5fced8251876f6b5a9683e2,https://arxiv.org/abs/2607.00467v1,2607.00467v1
arxiv-2607.00652.pdf,arxiv,390188,7,false,false,false,false,e255709c5242931d5bde0d91a9da0a9904be34e9936acabe131e00cae2113bac,https://arxiv.org/abs/2607.00652v1,2607.00652v1
arxiv-2607.00694.pdf,arxiv,11818851,27,false,false,false,false,a04e30b641e2743334213a4fc82639be6abb1b106f5a71af66243bbe38860949,https://arxiv.org/abs/2607.00694v1,2607.00694v1
arxiv-2607.00706.pdf,arxiv,3417770,21,false,false,false,false,0a1b2e02c19b6176b4b427b218c1de5ab609ab70f997abf10469cfb08a069fbb,https://arxiv.org/abs/2607.00706v1,2607.00706v1
arxiv-2607.00708.pdf,arxiv,494531,8,false,false,false,false,483592002db1fc993cc70cb26e3a18147a4bcb7fde137e80d24576876a59b376,https://arxiv.org/abs/2607.00708v1,2607.00708v1
arxiv-2607.00723.pdf,arxiv,906195,21,false,false,false,false,6bbc10a7ff3c1399b89bf7a155adeec7c910b3916335d94a6f0fc814926c1631,https://arxiv.org/abs/2607.00723v1,2607.00723v1
arxiv-2607.00739.pdf,arxiv,947585,27,false,false,true,false,c29100dd52b91871a4ac2314aacca5a90b8de8d0a08f74a689c858bf046d4cf9,https://arxiv.org/abs/2607.00739v1,2607.00739v1
arxiv-2607.00813.pdf,arxiv,1083177,22,false,false,false,false,38e8f5534db72d26dce779babcd4dc2e3cd578d170c5ff082fe2eb7e4b852187,https://arxiv.org/abs/2607.00813v1,2607.00813v1
arxiv-2607.00822.pdf,arxiv,4858563,16,false,false,false,false,f4f0fe2fd6407254845c183585763c1858a5ac6708d0f4256d7edb981a7d0ea9,https://arxiv.org/abs/2607.00822v1,2607.00822v1
arxiv-2607.00851.pdf,arxiv,17178701,28,false,false,false,false,ff9c430db714e955a1b0a68ec3c8ae0ee887dfcae9e358b941bd46a6f4ca6041,https://arxiv.org/abs/2607.00851v1,2607.00851v1
arxiv-2607.00915.pdf,arxiv,1564322,79,false,false,false,false,d21a5941850a6e2ca8a8ae8809dcecc87677eb63ba25d51b446b7ee3b57cb521,https://arxiv.org/abs/2607.00915v1,2607.00915v1
arxiv-2607.00980.pdf,arxiv,528183,34,false,false,false,false,e64b239f13f5795b6ee0faeec89cd8b3c3dce5cb1b4e1f684719821723ead8fc,https://arxiv.org/abs/2607.00980v1,2607.00980v1
arxiv-2607.00992.pdf,arxiv,12596753,33,false,false,false,false,515b92d7860d6af6900bea26bac3a448263a5533e32a6e107eac216a074e4c1c,https://arxiv.org/abs/2607.00992v1,2607.00992v1
arxiv-2607.01009.pdf,arxiv,668318,17,false,false,false,false,907480d78812fc38381db9c0240e4f6ca77b076569bff024daebbbb816a20b8a,https://arxiv.org/abs/2607.01009v1,2607.01009v1
arxiv-2607.01031.pdf,arxiv,14512334,26,false,false,false,false,8f08dc4e31b01193f92adce4ff553bdfaffdf8f73bcecd78e36608d81f4f60d9,https://arxiv.org/abs/2607.01031v1,2607.01031v1
arxiv-2607.01098.pdf,arxiv,4812926,29,false,false,false,false,157e2021d9a436855f0f3441ae014c980ad0291aba06737a0f31fe2c535c3e2f,https://arxiv.org/abs/2607.01098v1,2607.01098v1
arxiv-2607.01112.pdf,arxiv,1520734,18,false,false,false,false,7c6a7cce68d13e763c387e6087f9d4de15888f37852bb2919bb154d1a891831a,https://arxiv.org/abs/2607.01112v1,2607.01112v1
arxiv-2607.01123.pdf,arxiv,8683291,14,false,false,false,false,4b0d01c20e6aabb57947044aac263ef75fc02344130f47347f7e76dc2c45d85f,https://arxiv.org/abs/2607.01123v1,2607.01123v1
arxiv-2607.01173.pdf,arxiv,579646,34,false,false,false,false,750f9ae1381f7e92b356bce3ac20b083ae1b85e088921973975e4ab9d63203fd,https://arxiv.org/abs/2607.01173v2,2607.01173v2
arxiv-2607.01178.pdf,arxiv,1144951,75,false,false,false,false,0c683afa9cf5ed64bc706a54c6e07c8bb56cf526fb51555130d1eed5b1b59baa,https://arxiv.org/abs/2607.01178v1,2607.01178v1
arxiv-2607.01209.pdf,arxiv,268536,6,false,false,false,false,394cb831f806ee8c8fb096ee758692b1fbc6e24b23c5d67f17082207f7c239ee,https://arxiv.org/abs/2607.01209v2,2607.01209v2
arxiv-2607.01229.pdf,arxiv,580528,45,false,false,false,false,e790e155d9a45d002d61b0985ef8ec152c1f8037590280fdf3b2e8ebc2ad3784,https://arxiv.org/abs/2607.01229v1,2607.01229v1
arxiv-2607.01338.pdf,arxiv,9426596,66,false,false,false,false,8515b6bf836d5623e73daffd113d4c6a72b69e34442dc1059de87700869e84b0,https://arxiv.org/abs/2607.01338v1,2607.01338v1
arxiv-2607.01355.pdf,arxiv,1146459,93,false,false,false,false,30ecfc25cad28af026e91c0e42f8efdaff2a2cd487e1e2c74ded44a0371ac9ea,https://arxiv.org/abs/2607.01355v1,2607.01355v1
arxiv-2607.01379.pdf,arxiv,595791,22,false,false,false,false,7a1ac499643268e742bbf634b36419e4d0fccabb32e975a7815f5010a3071757,https://arxiv.org/abs/2607.01379v1,2607.01379v1
arxiv-2607.01397.pdf,arxiv,493259,13,false,false,true,false,ac4bb5a314147dd561224ed57ce6566293b8a1f1b13add5d59a64709404c62ec,https://arxiv.org/abs/2607.01397v1,2607.01397v1
arxiv-2607.01400.pdf,arxiv,357628,12,false,false,false,false,73a3c600453e127735a86d18dab903a4a636ac598eb0af7f3d6314afb67aa694,https://arxiv.org/abs/2607.01400v2,2607.01400v2
arxiv-2607.01402.pdf,arxiv,551303,35,false,false,false,false,3ea22579bfd4e9f607ff5dd058d04a8be16b7c874e5f5d2ca092f392bff33c7e,https://arxiv.org/abs/2607.01402v1,2607.01402v1
arxiv-2607.01406.pdf,arxiv,1014352,6,false,false,false,false,8ce514675e51673226e12dc661736221f1e3aef2de83f6a73661501f2e391941,https://arxiv.org/abs/2607.01406v1,2607.01406v1
arxiv-2607.01412.pdf,arxiv,871376,19,false,false,false,false,a7e3fcb7e8bc2b2dc05df2dcb12ad1d106f4b40d60894ffc3e796c3bde0d1b89,https://arxiv.org/abs/2607.01412v1,2607.01412v1
arxiv-2607.01432.pdf,arxiv,621975,40,false,false,false,false,012d6f2390e647b1a250e4a4df74d36f67edb843a2d392f1d276a4387521f4db,https://arxiv.org/abs/2607.01432v1,2607.01432v1
arxiv-2607.01448.pdf,arxiv,1432057,20,false,false,false,false,319af1d787f991a70b76dd2c43499a86895635115980ed325a7ca04cd3eac14a,https://arxiv.org/abs/2607.01448v1,2607.01448v1
arxiv-2607.01451.pdf,arxiv,2754128,24,false,false,false,false,86a593636e36358daf82761b60fffe053fb50ccff76a6b11a0d5701183e22528,https://arxiv.org/abs/2607.01451v1,2607.01451v1
arxiv-2607.01452.pdf,arxiv,6707215,12,false,false,false,false,7544c0aef2ad89a80808965a435e62e8aa640cd700a4445efdeb22c4caa196ab,https://arxiv.org/abs/2607.01452v1,2607.01452v1
arxiv-2607.01463.pdf,arxiv,774206,34,false,false,false,false,7389931a28d0d2fba602bb8ae6abfdf626bff2be767f81c35a24ff4de11df468,https://arxiv.org/abs/2607.01463v1,2607.01463v1
arxiv-2607.01476.pdf,arxiv,619861,23,false,false,false,false,6e7234a44103424428f8173e5e0770c1193b74d465289bb3b0428273a37aa81b,https://arxiv.org/abs/2607.01476v1,2607.01476v1
arxiv-2607.01477.pdf,arxiv,9458933,15,false,false,false,false,4bf2db41d176f32e6cc1f53f4fad4e0401dd90ab55d4f50bd7c2e8b0ebc57f24,https://arxiv.org/abs/2607.01477v1,2607.01477v1
arxiv-2607.01479.pdf,arxiv,2955292,12,false,false,false,false,22dbc76578c85e6eea9aa58af21a2c1b7ebe6e742d2f466fe1ba6a25169897d0,https://arxiv.org/abs/2607.01479v1,2607.01479v1
arxiv-2607.01481.pdf,arxiv,30839214,20,false,false,false,false,8c6ffbf0e1dd983a7db469bc8ff1eb147ffadf9a013690d21e52db21ad08ff43,https://arxiv.org/abs/2607.01481v1,2607.01481v1
arxiv-2607.01507.pdf,arxiv,7118142,35,false,false,false,false,2dee5952ee3627ce4076657178e9d216a2b8d81f31775aa72983768ce0176ec8,https://arxiv.org/abs/2607.01507v1,2607.01507v1
arxiv-2607.01512.pdf,arxiv,1056967,6,false,false,false,false,b19984b0cd66f72b26609d6caff9dcea9a2d134a29731f0d8c7873fbbe1ff597,https://arxiv.org/abs/2607.01512v1,2607.01512v1
arxiv-2607.01513.pdf,arxiv,684733,27,false,false,false,false,2507a1c32b59597eb09761467c714344f625c5c401867fe619ce07f32fab188c,https://arxiv.org/abs/2607.01513v1,2607.01513v1
arxiv-2607.01514.pdf,arxiv,10178652,24,false,false,true,false,93a4890f0423a8122d581d908e32439c19d83b0fa7be70f2f37a1dc2f370ba15,https://arxiv.org/abs/2607.01514v1,2607.01514v1
arxiv-2607.01525.pdf,arxiv,3295983,178,false,false,false,false,f59bbea992f1a61c72420a5f531a1ad11f795950004cf0f5b0b2f1bc19422925,https://arxiv.org/abs/2607.01525v1,2607.01525v1
arxiv-2607.01540.pdf,arxiv,294033,6,false,false,false,false,089ee3991a5996a3c748267877aa180c5155bd57a7ce8cd21fc0e5f7b12058ed,https://arxiv.org/abs/2607.01540v1,2607.01540v1
arxiv-2607.01543.pdf,arxiv,295435,7,false,false,false,false,4f240ed759dc138a6a3aaa19bf8b3db8228cd8e5676e86db0489f61e33b9d1b8,https://arxiv.org/abs/2607.01543v1,2607.01543v1
arxiv-2607.01549.pdf,arxiv,2681583,58,false,false,false,false,2bf9301ed8ed4bd7973fbb267434e38c4d3737bee88294bdfd419149ab3e506e,https://arxiv.org/abs/2607.01549v1,2607.01549v1
arxiv-2607.01558.pdf,arxiv,1558695,31,false,false,false,false,21f157fbbe0deba6a489e973b4022d4bebb033f504786e5d242fb2a5ff5e4f5a,https://arxiv.org/abs/2607.01558v1,2607.01558v1
arxiv-2607.01603.pdf,arxiv,9956635,15,false,false,false,false,0ba07f7e46ddc8614466c5322850987b7d697a967dcd5d57ef16f9f8788fccea,https://arxiv.org/abs/2607.01603v1,2607.01603v1
arxiv-2607.01611.pdf,arxiv,506009,16,false,false,false,false,191698fa4f41a8eaa225d72de0e7fbed1dcf7838b263e9c4e46654d20c19be5c,https://arxiv.org/abs/2607.01611v1,2607.01611v1
arxiv-2607.01629.pdf,arxiv,3188243,44,false,false,false,false,59698c35f9c576b4124943f7a42e95ed6ca463625c8b23b0cec1b3a22d93c023,https://arxiv.org/abs/2607.01629v1,2607.01629v1
arxiv-2607.01645.pdf,arxiv,559667,58,false,false,false,false,53df7e0f44c9ef6f5b218c2d356f03cf606df928b46c2b0942913672e95f61b0,https://arxiv.org/abs/2607.01645v1,2607.01645v1
arxiv-2607.01666.pdf,arxiv,11620893,10,false,false,false,false,5314f214158ec4a1712a803decda0c79b17ca35a14e1a8e08790fb9db84cffe7,https://arxiv.org/abs/2607.01666v1,2607.01666v1
arxiv-2607.01683.pdf,arxiv,345920,6,false,false,false,false,a94cf1aa2248e8309eb070a3c36ec93e73740bbe03e1d7a4f5424ec2367b4068,https://arxiv.org/abs/2607.01683v1,2607.01683v1
arxiv-2607.01693.pdf,arxiv,596803,61,false,false,false,false,5e80e8b2fad19bb57b1400349ee9388357862612b510cfb325fe5c1fe0a7cf07,https://arxiv.org/abs/2607.01693v1,2607.01693v1
arxiv-2607.01717.pdf,arxiv,423958,18,false,false,false,false,82aa7d85e3f79a09972d601047a3dd99ef391f30de268f385501f051b9905122,https://arxiv.org/abs/2607.01717v1,2607.01717v1
arxiv-2607.01786.pdf,arxiv,1130043,7,false,false,false,false,0fe8db00043c9f6bac4fd97a73cc98cf358939896868576e317aadcfe0b4a6a5,https://arxiv.org/abs/2607.01786v1,2607.01786v1
arxiv-2607.01796.pdf,arxiv,984398,11,false,false,false,false,b61cbeb381cf75e5798e5cb916b5bbbfe3d360b67bb2d0552f1eb00404e3f349,https://arxiv.org/abs/2607.01796v1,2607.01796v1
arxiv-2607.01809.pdf,arxiv,551473,49,false,false,false,false,e678202c89c96a6c1e0bbae9ebb4542351de23dc9a5a6787c221f97bb671b9cb,https://arxiv.org/abs/2607.01809v2,2607.01809v2
arxiv-2607.01816.pdf,arxiv,559884,11,false,false,false,false,2e6a590bc96650a7da13c45efb11317a8d1fbac97bcd5257c8d08abed3491eb6,https://arxiv.org/abs/2607.01816v1,2607.01816v1
arxiv-2607.01821.pdf,arxiv,2142485,23,false,false,false,false,1b3a742949bb909885ec34e8f7b5761d259768f9dbe7cc05d8c478178024be1f,https://arxiv.org/abs/2607.01821v1,2607.01821v1
arxiv-2607.01832.pdf,arxiv,3859526,25,false,false,false,false,55640481c0b323cce48735dddc35565f124d395cf910828e10c7ac37b206abac,https://arxiv.org/abs/2607.01832v1,2607.01832v1
arxiv-2607.01853.pdf,arxiv,4680516,16,false,false,false,true,71393f12f21c3109a67dc559f2d9dae86bb63e364cfd10f3a6788a61c0c0d5c0,https://arxiv.org/abs/2607.01853v1,2607.01853v1
arxiv-2607.01862.pdf,arxiv,546278,25,false,false,false,false,95f050a47cf49958dc50aa838f300100a8993043a8c794cdc8c293677156a4b6,https://arxiv.org/abs/2607.01862v1,2607.01862v1
arxiv-2607.01877.pdf,arxiv,635234,29,false,false,false,false,1e8c6dadc32e92211a16c1a0579434ef3531e68d1f62b11a4e96c9dfecefe9c6,https://arxiv.org/abs/2607.01877v1,2607.01877v1
arxiv-2607.01878.pdf,arxiv,479561,17,false,false,false,false,1bd34c5689921f5bffb24cd1cb98db41bc18ac3eba617e2daf4f2e340dd3f7aa,https://arxiv.org/abs/2607.01878v1,2607.01878v1
arxiv-2607.01886.pdf,arxiv,20075960,31,false,false,false,false,6397a91e2ed819058246366515a8ef533e6a4002ef2d49901f3a95bde501d8f3,https://arxiv.org/abs/2607.01886v1,2607.01886v1
arxiv-2607.01909.pdf,arxiv,4488445,34,false,false,false,false,ce0c75b80b6a7c938170dcdeb8d9f37d1e840f414fcbe68455781a9779b8c208,https://arxiv.org/abs/2607.01909v2,2607.01909v2
arxiv-2607.01922.pdf,arxiv,7507786,18,false,false,false,false,4a7d7d8dbeb3d009eb429c515373b8af0b4935e087e79c03b10510862402754f,https://arxiv.org/abs/2607.01922v1,2607.01922v1
arxiv-2607.01931.pdf,arxiv,3055947,23,false,false,false,false,7c7395ad4348674cbf08e451f2cb1c8cf043aac7739a5e24181552d894bc2de9,https://arxiv.org/abs/2607.01931v1,2607.01931v1
arxiv-2607.01932.pdf,arxiv,1990197,10,false,false,false,false,ae9652a09cc99c2c20f7306d75093eaef755757718c936797a1be474131f7642,https://arxiv.org/abs/2607.01932v1,2607.01932v1
arxiv-2607.01946.pdf,arxiv,734208,42,false,false,false,false,72a15833517d2efc0480d0638af80784d18d84a019f2d3d5006a9aa3c34d762e,https://arxiv.org/abs/2607.01946v1,2607.01946v1
arxiv-2607.01948.pdf,arxiv,2250658,12,false,false,false,false,35abe7c41557a10ae4525873715128243e3261217549e55f6e45474cca28d0db,https://arxiv.org/abs/2607.01948v1,2607.01948v1
arxiv-2607.01959.pdf,arxiv,715158,21,false,false,false,false,86522a7b731ec103af95c106aa9b4c18da3d9de167bea548699c211109470e71,https://arxiv.org/abs/2607.01959v1,2607.01959v1
arxiv-2607.01961.pdf,arxiv,614426,13,false,false,false,false,780d9de54c0cf145c1c629734c8289a29cfece9f8767d70319a04c56a466a248,https://arxiv.org/abs/2607.01961v1,2607.01961v1
arxiv-2607.01971.pdf,arxiv,1326703,72,false,false,false,false,99944602c8c34ee7c40f056d432994ee59198db2d51c93a7f3b83a3fe9ae5293,https://arxiv.org/abs/2607.01971v1,2607.01971v1
arxiv-2607.01976.pdf,arxiv,758650,17,false,false,false,false,0e95956b3bdb71a76bdbb8e7b61c4a3bb5ec2fee2ca9049ce7cc43407341c7ea,https://arxiv.org/abs/2607.01976v1,2607.01976v1
arxiv-2607.01985.pdf,arxiv,442136,7,false,false,false,false,3d7b01410438bd181f64b0e12441d742eff46a22cf6132648880305167cc2f5b,https://arxiv.org/abs/2607.01985v1,2607.01985v1
arxiv-2607.01995.pdf,arxiv,907852,28,false,false,false,false,51aa50b0b4e0a9ab381c895340c042b7366d8f4896a3e89d944c33c0be1ad94a,https://arxiv.org/abs/2607.01995v1,2607.01995v1
arxiv-2607.01996.pdf,arxiv,26209548,10,false,false,false,false,4833012aa8f0b70085793f1277b74621f7aa748d528c55cbd96423d203e76946,https://arxiv.org/abs/2607.01996v1,2607.01996v1
arxiv-2607.02013.pdf,arxiv,656379,36,false,false,false,false,54aa6e85822a2908ac1cb7d0c5f0c6230d0579f90572fd373880250ffe4a3a64,https://arxiv.org/abs/2607.02013v1,2607.02013v1
arxiv-2607.02014.pdf,arxiv,670980,25,false,false,false,false,01e3da657d6a86ec1b790dc185fc5851424ee6dbc7a5476c52e51d08d907809b,https://arxiv.org/abs/2607.02014v1,2607.02014v1
arxiv-2607.02019.pdf,arxiv,341564,12,false,false,false,false,0b0d2fa521859e8b6e2497d48a4bab45b68c34409945fe0970bd9f9094fc05b0,https://arxiv.org/abs/2607.02019v1,2607.02019v1
arxiv-2607.02027.pdf,arxiv,366707,18,false,false,false,false,ff2a5ad00ef0a5acc7b9887776d59e1258fc90be79ab593858a5b47f26e1671e,https://arxiv.org/abs/2607.02027v1,2607.02027v1
arxiv-2607.02040.pdf,arxiv,8165452,18,false,false,false,false,c617bbe50c3326300b62d6391246c26616505a1c9969449415d38a90a0b884a6,https://arxiv.org/abs/2607.02040v1,2607.02040v1
arxiv-2607.02066.pdf,arxiv,587160,33,false,false,false,false,5bd2ea14a760959de5ca0bea8932b74b7c39e5b66786a57ba75fef39e6481426,https://arxiv.org/abs/2607.02066v1,2607.02066v1
arxiv-2607.02080.pdf,arxiv,602819,28,false,false,false,false,0f7069b445d32015fa7cac6c42d60f3e71a6a36d4a2e25f2ff0d2991763265f9,https://arxiv.org/abs/2607.02080v1,2607.02080v1
arxiv-2607.02095.pdf,arxiv,1380423,129,false,false,false,false,235b2c4a5fec14d14958db8ae6e05f2ebdecaa31eaf69ec83a8fb013ea96fb81,https://arxiv.org/abs/2607.02095v1,2607.02095v1
arxiv-2607.02101.pdf,arxiv,1546051,37,false,false,false,false,1288bdcf9f2f816e5fb5835a7aae3ff5a2d8a7820135715de1476fda1ea20896,https://arxiv.org/abs/2607.02101v1,2607.02101v1
arxiv-2607.02108.pdf,arxiv,291519,16,false,false,false,false,8adc193f78087a405bd07a210cd0236ea4c87457a97dd77bd5ad38a4a625c7df,https://arxiv.org/abs/2607.02108v1,2607.02108v1
arxiv-2607.02143.pdf,arxiv,8738405,23,false,false,false,false,0b85628a38b4310813be15cc0a4d14582baa9db5e82254470475f6039e69a088,https://arxiv.org/abs/2607.02143v1,2607.02143v1
arxiv-2607.02160.pdf,arxiv,805597,39,false,false,false,false,820ee8bb311a67b77883b11f48dda506c72f81a6970485fd184b8dc97623235e,https://arxiv.org/abs/2607.02160v1,2607.02160v1
arxiv-2607.02162.pdf,arxiv,3658559,15,false,false,false,false,8983abe0a3af1b4818b611fbb0b7b7d5e3149fd48339a84a722ae500db4e2d96,https://arxiv.org/abs/2607.02162v1,2607.02162v1
arxiv-2607.02165.pdf,arxiv,445953,23,false,false,false,false,6897ec2868c8c25d030b911bde38a9cefc4d1d9c6c1448da7751c231dcf1be9e,https://arxiv.org/abs/2607.02165v1,2607.02165v1
arxiv-2607.02168.pdf,arxiv,837496,32,false,false,false,false,2c858acdccf60a45dcc20641048945091634f4fafe005e5c4bd6b52d9ffb4f98,https://arxiv.org/abs/2607.02168v1,2607.02168v1
arxiv-2607.02169.pdf,arxiv,421199,23,false,false,false,false,fcdeb95e3c70d90822f18b0d02a6bb10c9a59f79c29fc71ca82a4a8be5ded38b,https://arxiv.org/abs/2607.02169v1,2607.02169v1
arxiv-2607.02171.pdf,arxiv,1491761,36,false,false,false,false,c004472796132fc4b92edb602c769709dbc9b8e6c5f6d4b245414e34daf64dd9,https://arxiv.org/abs/2607.02171v1,2607.02171v1
arxiv-2607.02172.pdf,arxiv,771832,39,false,false,false,false,6a5e1e160e3c97cc21dea61d047a7ef8a270a4feebab276c50df4cb6fd7d25c6,https://arxiv.org/abs/2607.02172v1,2607.02172v1
arxiv-2607.02173.pdf,arxiv,608141,23,false,false,false,false,e1b3733e0a6e87f16cbffc05fa124e0de08ff7cf72dd37d3d2583bd7a57ee634,https://arxiv.org/abs/2607.02173v1,2607.02173v1
arxiv-2607.02211.pdf,arxiv,1185941,14,false,false,true,false,c2e0aaf140adbfa5d07dca57a29ed65a0b1aca953a19448911f4fa8a9e3b7056,https://arxiv.org/abs/2607.02211v1,2607.02211v1
arxiv-2607.02218.pdf,arxiv,898996,66,false,false,false,false,3adf18ec251fc492e5a78faa0d0c55455930e7777d7296f85768e5124007aacf,https://arxiv.org/abs/2607.02218v1,2607.02218v1
arxiv-2607.02233.pdf,arxiv,1374580,36,false,false,false,false,d131f82780a7c3ad0d3c133cd745a0508c1af2b03259188edd3bbbecb7a62d62,https://arxiv.org/abs/2607.02233v1,2607.02233v1
arxiv-2607.02240.pdf,arxiv,524209,23,false,false,false,false,e52bcd80a8b73ef562860899cf1004e29c928134e5ee034637ca3ea708474fed,https://arxiv.org/abs/2607.02240v1,2607.02240v1
arxiv-2607.02248.pdf,arxiv,2244977,21,false,false,true,false,b64673efe3ca8e3dbc1518a87ddb9d57916523d6bb423af1f42844264456b4a0,https://arxiv.org/abs/2607.02248v1,2607.02248v1
arxiv-2607.02249.pdf,arxiv,576776,29,false,false,false,false,38a2a3c84326893bba16bb68bdafddb2797908eade0d1f32290eb144c3aab18f,https://arxiv.org/abs/2607.02249v1,2607.02249v1
arxiv-2607.02272.pdf,arxiv,124473,10,false,false,false,false,341210b6383a575b91a7e1084cb987c36bacc95f5ac4c99522927e5483c88a94,https://arxiv.org/abs/2607.02272v1,2607.02272v1
arxiv-2607.02281.pdf,arxiv,640161,31,false,false,false,false,3ff6038343fbdc80f5baa949724564bba73ef957f3724b30b537793f10f0f172,https://arxiv.org/abs/2607.02281v1,2607.02281v1
arxiv-2607.02285.pdf,arxiv,23066654,167,false,false,false,false,11cf64bb09b7163b04f4ae451be8bc134be794a3a7ad71644e65bf1432e5ff30,https://arxiv.org/abs/2607.02285v1,2607.02285v1
arxiv-2607.02295.pdf,arxiv,2520713,48,false,false,false,false,06adffc87c5909df093f1c7e230175b592dcde720d7b065e7d4588d2402e90e2,https://arxiv.org/abs/2607.02295v1,2607.02295v1
arxiv-2607.02318.pdf,arxiv,621543,41,false,false,false,false,3a87fe685df2c7e2989324a527f7b2ed3dab5c17003f53bb58231bfc0711e09f,https://arxiv.org/abs/2607.02318v1,2607.02318v1
arxiv-2607.02321.pdf,arxiv,1061114,33,false,false,true,false,2aeadf27b938fde907481a520a0467062f3e44ba9e26f05892c6b2029c9dbe5b,https://arxiv.org/abs/2607.02321v1,2607.02321v1
arxiv-2607.02328.pdf,arxiv,576978,39,false,false,false,false,6c6a70b241b0f53923c1a5638ea5791823333f396e83862aaf510e5aeefe8861,https://arxiv.org/abs/2607.02328v1,2607.02328v1
arxiv-2607.02340.pdf,arxiv,4896202,78,false,false,false,false,df0d8776610d4efdb322c309b46ff4b420dada17cba9d9dc1e4091905dbea084,https://arxiv.org/abs/2607.02340v2,2607.02340v2
arxiv-2607.02342.pdf,arxiv,7647100,21,false,false,false,false,3f45a7ab49cecdd91de04ac606e6dba9565e308a9e26404ae2a397c58a5812fa,https://arxiv.org/abs/2607.02342v1,2607.02342v1
arxiv-2607.02349.pdf,arxiv,6887628,22,false,false,false,false,f9edbeb919208cb139e0513037ccbf1f8f16e33f3f02084e469241f741475fe6,https://arxiv.org/abs/2607.02349v1,2607.02349v1
arxiv-2607.02350.pdf,arxiv,6037804,25,false,false,false,false,15dbc1f6fd72190408737e01d75eac892f053ab88bae33413d625c50a62a0a0a,https://arxiv.org/abs/2607.02350v1,2607.02350v1
arxiv-2607.02351.pdf,arxiv,235026,13,false,false,false,false,3da21190515a778022a0afa8c84559d98ea0fb5d10342ff5b873a61669942cd7,https://arxiv.org/abs/2607.02351v1,2607.02351v1
arxiv-2607.02352.pdf,arxiv,5070282,14,false,false,false,false,979975bf304308d68305f0c6132658db66dfb8f18c14bb8b1cfb1ae755b2e3b0,https://arxiv.org/abs/2607.02352v1,2607.02352v1
arxiv-2607.02353.pdf,arxiv,27754656,21,false,false,false,false,fccbcf14f8cb53f0031e443f28bfcc086c50767a9bf57b024006de66a678a74b,https://arxiv.org/abs/2607.02353v1,2607.02353v1
arxiv-2607.02354.pdf,arxiv,6437869,20,false,false,false,false,b9da1e350d07d32fe01b81a909adb7cf063b1f74cc7c95c60474713f8c65d2ed,https://arxiv.org/abs/2607.02354v2,2607.02354v2
arxiv-2607.02366.pdf,arxiv,2262722,28,false,false,false,false,cdbeabc3f6237c4dc62f396d1599b3a8340b6eb950f0f12ead591e7cac1fd2cb,https://arxiv.org/abs/2607.02366v1,2607.02366v1
arxiv-2607.02367.pdf,arxiv,565471,35,false,false,false,false,a2e409765f4fdf5778830f8eed4a68831d96bb2c0e6fc61aa07739deb0b88662,https://arxiv.org/abs/2607.02367v1,2607.02367v1
arxiv-2607.02385.pdf,arxiv,503801,69,false,false,false,false,e348ec2ea2a6517e1171d44ecf4baf3138c025d170dc788d9e3f26df82bebae2,https://arxiv.org/abs/2607.02385v1,2607.02385v1
arxiv-2607.02394.pdf,arxiv,22921979,29,false,false,false,false,f3a8060dc99278f02cdc3ffdb05feadbdfba402795bb8aaa5d7721ce56e57ce2,https://arxiv.org/abs/2607.02394v1,2607.02394v1
arxiv-2607.02406.pdf,arxiv,599195,36,false,false,false,false,473a9cc4df7e38760884479efbbe0f42e3d721b58c1cd9d1577f65ad1f7a87b5,https://arxiv.org/abs/2607.02406v1,2607.02406v1
arxiv-2607.02410.pdf,arxiv,3544953,23,false,false,false,false,ed9ca6dc8a1f29f09d796ccea36ef79df3aad0221db2654db03440825dc5a0e9,https://arxiv.org/abs/2607.02410v1,2607.02410v1
arxiv-2607.02428.pdf,arxiv,14947439,10,false,false,false,false,82df3ad38702e6071d5aa6eccc452fae5558718e4456f217d91033c76cdc972f,https://arxiv.org/abs/2607.02428v1,2607.02428v1
arxiv-2607.02434.pdf,arxiv,915181,22,false,false,false,false,e0272e087432cf5c2897e611879097b5114194cbf100b3c68237fc054117616f,https://arxiv.org/abs/2607.02434v1,2607.02434v1
arxiv-2607.02435.pdf,arxiv,11619252,25,false,false,false,false,e7786ffd074f053561c9455b42670ded837b85570b1b65e0891eb1b0e599cabf,https://arxiv.org/abs/2607.02435v1,2607.02435v1
arxiv-2607.02445.pdf,arxiv,6428442,11,false,false,false,false,d231dcc3be4025e9a662507e3acbef9fe4c352d2191d43ce5e4fd54056df2d65,https://arxiv.org/abs/2607.02445v1,2607.02445v1
arxiv-2607.02446.pdf,arxiv,1111828,55,false,false,false,false,8616d0d3eb1062ab0053e858624cde4464c25f5f5a4e14b8a27ba3dd9ed25ad0,https://arxiv.org/abs/2607.02446v1,2607.02446v1
arxiv-2607.02477.pdf,arxiv,563800,37,false,false,false,false,75464e61a9d8d8ed2ccf4b1f5ad96ad68134b7fa693d6b8addfdc0c731cd8366,https://arxiv.org/abs/2607.02477v1,2607.02477v1
arxiv-2607.02480.pdf,arxiv,11793643,16,false,false,false,false,6554cb3aa8c1105156b12305651f701c62ef5abef0c1592899a3c00dea8ac157,https://arxiv.org/abs/2607.02480v1,2607.02480v1
arxiv-2607.02489.pdf,arxiv,510002,19,false,false,false,false,e193fbeb2ead7aff0b213232cf9787436c728ffc0df4bee4a3d0fa45bf71d925,https://arxiv.org/abs/2607.02489v2,2607.02489v2
arxiv-2607.02511.pdf,arxiv,494497,19,false,false,false,false,de282ed79ad6f213855a8dd06c7a2fa8f952083a01b6d4b0a3a8609e34d91231,https://arxiv.org/abs/2607.02511v1,2607.02511v1
arxiv-2607.02553.pdf,arxiv,7011032,33,false,false,false,false,4eafb78610fcae7ab2fb1ca0fb486d42c1351f597b6f202096858ad659e1e47b,https://arxiv.org/abs/2607.02553v1,2607.02553v1
arxiv-2607.02650.pdf,arxiv,3529675,24,false,false,false,false,c674bd4d22215ba53fe005eef5675dd1de1c8de90d06d887c76b3d2fe2561388,https://arxiv.org/abs/2607.02650v1,2607.02650v1
arxiv-2607.02653.pdf,arxiv,588872,8,false,false,false,false,48c2608e823283a24155325bb557ef0ab5b3f43bd343cccf488089709217abf1,https://arxiv.org/abs/2607.02653v1,2607.02653v1
arxiv-2607.02654.pdf,arxiv,4140100,20,false,false,false,false,94f2f75ed3ee274a9ec0b9f48ab8f93f667646907473faec934192242726f685,https://arxiv.org/abs/2607.02654v1,2607.02654v1
arxiv-2607.02655.pdf,arxiv,2414797,15,false,false,false,false,5b8a07d8a4cf867d9074d22fb7d1f96b2b6a731aefa070822d7a7b9ae72e8bd9,https://arxiv.org/abs/2607.02655v1,2607.02655v1
arxiv-2607.02661.pdf,arxiv,586723,6,false,false,false,false,bdb079aeba6e1913e4529ec8760eda80f0c26f0dc975b9a725b725f01d7261c3,https://arxiv.org/abs/2607.02661v1,2607.02661v1
arxiv-2607.02663.pdf,arxiv,1229453,10,false,false,false,false,c231cb65894cb40cf327dd03b276f2df3e473d2e424920ced43a89b82f27f42f,https://arxiv.org/abs/2607.02663v1,2607.02663v1
arxiv-2607.02665.pdf,arxiv,8368354,17,false,false,false,false,cf72f3c7b45b40c27817473f5f4edfdc93ee383974474ec3e36f2f2e8e06378d,https://arxiv.org/abs/2607.02665v1,2607.02665v1
arxiv-2607.02666.pdf,arxiv,2718285,22,false,false,false,false,1e02d7a0bd5df5d4d1bc35a6d74c31587afbedd2056ffabe5122f059f930d809,https://arxiv.org/abs/2607.02666v1,2607.02666v1
arxiv-2607.02667.pdf,arxiv,812707,20,false,false,false,false,57ae11443f31f2ad45289272ef80bf12cdec5d6bd2802122d61a9d56ef93eda8,https://arxiv.org/abs/2607.02667v1,2607.02667v1
arxiv-2607.02676.pdf,arxiv,878239,26,false,false,false,false,040ddf1908ca0a328a69db4be5573623be506863b7bc407c86975125c7ef37ac,https://arxiv.org/abs/2607.02676v1,2607.02676v1
arxiv-2607.02681.pdf,arxiv,1117241,91,false,false,false,false,5d29e568da6691523565371756fd6c46fb2ef02badf7d4f4583b40895d74c089,https://arxiv.org/abs/2607.02681v1,2607.02681v1
arxiv-2607.02690.pdf,arxiv,7258457,22,false,false,false,false,23c5e6ef97350205bc926128a0d97025203c27a4814ceb6a1f02d1758c31a2a0,https://arxiv.org/abs/2607.02690v1,2607.02690v1
arxiv-2607.02701.pdf,arxiv,1123603,38,false,false,false,false,6a0a501efc6cd082b8772f6577bee8e6ceb34e5c08ef62e545c6f0aca3aa6830,https://arxiv.org/abs/2607.02701v1,2607.02701v1
arxiv-2607.02702.pdf,arxiv,2464859,35,false,false,false,false,f7611c868c6caa0dff454b3f6ad851d5f7a83eb456ced0e6dcad4768b25e2653,https://arxiv.org/abs/2607.02702v1,2607.02702v1
arxiv-2607.02704.pdf,arxiv,2452353,24,false,false,false,false,41301e6b4d943dc32e95fcd6b8daf44c0114a695cf030e13a539e34c04d8f744,https://arxiv.org/abs/2607.02704v1,2607.02704v1
arxiv-2607.02732.pdf,arxiv,571698,47,false,false,false,false,3d0a6fe2a806ac848f65df03393eb727beb80a1bf2b471e607b94628ac90f60a,https://arxiv.org/abs/2607.02732v1,2607.02732v1
arxiv-2607.02733.pdf,arxiv,1926176,32,false,false,false,false,9911bc114d45bcad39df05dbc38d31d766a5b908a7218274a73c301d3816478a,https://arxiv.org/abs/2607.02733v1,2607.02733v1
arxiv-2607.02742.pdf,arxiv,436103,34,false,false,false,false,d0d88ce12256c1b2fd2f3259fd63e9f40f383c80c3923238eb4df9261d11e8cf,https://arxiv.org/abs/2607.02742v1,2607.02742v1
arxiv-2607.02743.pdf,arxiv,8601616,18,false,false,false,false,93ea2a36f00a27ff7a061e75929241722426728484a00704562e66615fa18f72,https://arxiv.org/abs/2607.02743v1,2607.02743v1
arxiv-2607.02752.pdf,arxiv,5681122,13,false,false,false,false,f166d20a0c8785200f375d17a77164b4e712d0baf749f77b001d4839000da04b,https://arxiv.org/abs/2607.02752v1,2607.02752v1
arxiv-2607.02762.pdf,arxiv,6571677,8,false,false,false,false,1ace4e90c18b0161608434c6c1da56a22424f2c00c6816a9a4fa8bf0790544ba,https://arxiv.org/abs/2607.02762v1,2607.02762v1
arxiv-2607.02768.pdf,arxiv,3174402,31,false,false,false,false,ee7c9c1fb85a637f9e0e56ae15279a81c931214a1622a6a05bc1b3b69c695ec0,https://arxiv.org/abs/2607.02768v1,2607.02768v1
arxiv-2607.02777.pdf,arxiv,860030,40,false,false,false,false,f432664a5e47f08e85117a8de6f4e82846a98b8d0fa3b5c01b66fa962a632955,https://arxiv.org/abs/2607.02777v1,2607.02777v1
arxiv-2607.02786.pdf,arxiv,25967580,21,false,false,false,false,c615fc9f85b2994ff1fdf0084aaa8af88867340c0e47e067498ad9ce864050cb,https://arxiv.org/abs/2607.02786v1,2607.02786v1
arxiv-2607.02787.pdf,arxiv,698864,28,false,false,false,false,cd51fc6d8faabce046ffcab6923b7b0fa1d8b4556483538b57dfcfe5599c46f0,https://arxiv.org/abs/2607.02787v1,2607.02787v1
arxiv-2607.02801.pdf,arxiv,9456403,39,false,false,false,false,d9ef6afa685cae755e894f0d5d3daebc7f838415264b259922986cb965921530,https://arxiv.org/abs/2607.02801v1,2607.02801v1
arxiv-2607.02806.pdf,arxiv,1643616,24,false,false,false,false,3e916d9ff5d0c5b4dbf37efdb572a3fd707b687b24b469856c0cf622bac5bfb5,https://arxiv.org/abs/2607.02806v1,2607.02806v1
arxiv-2607.02836.pdf,arxiv,751006,13,false,false,false,false,928f37b1114e63e692a49e58d470d5836133d39786b57b688ba300de0d3cac43,https://arxiv.org/abs/2607.02836v1,2607.02836v1
arxiv-2607.02855.pdf,arxiv,11956278,35,false,false,false,false,6f274b30070630ed4f00ef14638f8b0ec00ebc18268d6010f9a6ec46b491a596,https://arxiv.org/abs/2607.02855v1,2607.02855v1
arxiv-2607.02863.pdf,arxiv,510548,32,false,false,true,false,e9895d4d020fc2c2a09d8d00be5a9e0b61e7c854d60239cbd7979cad4acedf6f,https://arxiv.org/abs/2607.02863v1,2607.02863v1
arxiv-2607.02871.pdf,arxiv,1414213,15,false,false,false,false,dd26b3c15fe7cd8aff137055df6b75d7091bc3e76ea4b1d19b263ac0ee186ffa,https://arxiv.org/abs/2607.02871v1,2607.02871v1
arxiv-2607.02890.pdf,arxiv,2578968,11,false,false,false,false,ecfd6734b87d8fd306853f4f7255e50d7e08eb56f241972627ae0af071111152,https://arxiv.org/abs/2607.02890v1,2607.02890v1
arxiv-2607.02901.pdf,arxiv,450642,27,false,false,false,false,e37bdd377e7aed1af3af010ac5cb396c468ce37e0d4fdd928a6fb2859390b65f,https://arxiv.org/abs/2607.02901v1,2607.02901v1
arxiv-2607.02902.pdf,arxiv,16345491,10,false,false,false,false,de9cd4ad3232225809d6e78018ab3effe16aa760b6aa7c03bae287ab6aa205cb,https://arxiv.org/abs/2607.02902v1,2607.02902v1
arxiv-2607.02906.pdf,arxiv,2259625,7,false,false,false,false,20b59e7352bdc3d8a961432020b075ac222b2160ded3236013ce8781d58185a9,https://arxiv.org/abs/2607.02906v1,2607.02906v1
arxiv-2607.02916.pdf,arxiv,356109,13,false,false,false,false,3bce80c717a88c961fc91c349df53d70097c6ea1ead275f302ed2b7b392dc7bb,https://arxiv.org/abs/2607.02916v1,2607.02916v1
arxiv-2607.02919.pdf,arxiv,2041863,19,false,false,true,false,ad826b634d2b25949e5a225c7b36b341a6515c57649f40df18b7229b6bae6d23,https://arxiv.org/abs/2607.02919v1,2607.02919v1
arxiv-2607.02923.pdf,arxiv,1728485,12,false,false,false,false,47819cfbcd5bc78934f0343ad44a403e1a96d7b8f2704b36d0b6a6011890f95e,https://arxiv.org/abs/2607.02923v1,2607.02923v1
arxiv-2607.02929.pdf,arxiv,1900284,19,false,false,false,false,7681924bd2a7bc6ddbca39a5fab69309445ec5d651919700ea884dc435b921e9,https://arxiv.org/abs/2607.02929v1,2607.02929v1
arxiv-2607.02936.pdf,arxiv,6671427,39,false,false,true,false,4465d76b971048fcc4c2e3564450e687408ffe896f761bfde55eccf04e1b433b,https://arxiv.org/abs/2607.02936v1,2607.02936v1
arxiv-2607.02940.pdf,arxiv,894925,10,false,false,false,false,5b90c7fc78998d22b2f83df887e53ce518e95d9c651a055d24f7c42fb5146fdf,https://arxiv.org/abs/2607.02940v1,2607.02940v1
arxiv-2607.02943.pdf,arxiv,967219,13,false,false,false,false,4e3cbacbbe8ffc978e137e0db8b60b80ef0131b5763a96fc02b6aef672815692,https://arxiv.org/abs/2607.02943v1,2607.02943v1
arxiv-2607.02950.pdf,arxiv,405982,18,false,false,false,false,c336af2e31f40007a667cbda6fa671bab9f95e175c19c4f30fb2b0ce9821961c,https://arxiv.org/abs/2607.02950v1,2607.02950v1
arxiv-2607.02965.pdf,arxiv,11901329,13,false,false,false,false,0d8da6762e3fe4bc06d9f81ae8f6cb29d1cda48a4bf2e8cb2394f8e938618f7b,https://arxiv.org/abs/2607.02965v1,2607.02965v1
arxiv-2607.02985.pdf,arxiv,518669,30,false,false,false,false,4d0a82476a019f26436fd1703ee5352041ad80dd765e4250ac97256b9ba77a65,https://arxiv.org/abs/2607.02985v1,2607.02985v1
arxiv-2607.02994.pdf,arxiv,285561,13,false,false,false,false,0fc6ca38a30aa201aaca746e2a86fe82ef9df2be94d5c03bd461ece29835b1a2,https://arxiv.org/abs/2607.02994v1,2607.02994v1
arxiv-2607.03002.pdf,arxiv,4250982,9,false,false,false,false,46e1e35c64dccf7b40cf4a010cef1960693d4c541ba89fb2fb1ba05dd6a03c33,https://arxiv.org/abs/2607.03002v1,2607.03002v1
arxiv-2607.03005.pdf,arxiv,10340346,35,false,false,false,false,bc5f3b3c8aa634e1e920ee4ce910d321c33b69cd8a8bcbadc208358ec89ca41e,https://arxiv.org/abs/2607.03005v1,2607.03005v1
arxiv-2607.03008.pdf,arxiv,1981417,21,false,false,true,false,93cb3f6c3d36bdbe346fded03c4101134fcd72b3e6371d961fef3cfed33385a4,https://arxiv.org/abs/2607.03008v1,2607.03008v1
arxiv-2607.03021.pdf,arxiv,1174482,15,false,false,true,false,28ae1545bf05c9a7def7aec132d017868c233ff90993fd6bec0a7ad4f7f6781e,https://arxiv.org/abs/2607.03021v1,2607.03021v1
arxiv-2607.03032.pdf,arxiv,513601,17,false,false,false,false,a71235f538ddbf825a6391b12a1da68411bc573249150f46e6a7a917c512f09f,https://arxiv.org/abs/2607.03032v1,2607.03032v1
arxiv-2607.03040.pdf,arxiv,4877572,7,false,false,false,false,1f76d1c0fe8af5c1ac0ac61c73aeaed751db046e8911f163d1e38f8a713f4a90,https://arxiv.org/abs/2607.03040v1,2607.03040v1
arxiv-2607.03042.pdf,arxiv,435525,20,false,false,false,false,08fd12709d5b76f91e4c2137fe74c9b87368b7707ef04b54e36d564a866bb47a,https://arxiv.org/abs/2607.03042v1,2607.03042v1
arxiv-2607.03052.pdf,arxiv,18075060,14,false,false,false,false,6ed797f021a4eb00741f39e03ce3a5224e27dd024e16170e8dad50bded064b85,https://arxiv.org/abs/2607.03052v1,2607.03052v1
arxiv-2607.03053.pdf,arxiv,1941120,12,false,false,false,false,f96d08332eea0bb8592e39b044a0e7791fb06a1506390cd3c18f6d18a6333477,https://arxiv.org/abs/2607.03053v1,2607.03053v1
arxiv-2607.03067.pdf,arxiv,322381,4,false,false,false,false,4ebda866c7849da9883cb0121e74f48e04596eada3792759388c7cf1519382a5,https://arxiv.org/abs/2607.03067v1,2607.03067v1
arxiv-2607.03068.pdf,arxiv,17952768,20,false,false,false,false,777718a8fe0c11feb661c6340633b5ce8b278d2edbd2ec60d2035d736a533992,https://arxiv.org/abs/2607.03068v1,2607.03068v1
arxiv-2607.03071.pdf,arxiv,14114220,21,false,false,false,false,e062c3a138caa9efe69b7ac4540313f847b8b5842f82015af0311a6b0062b90a,https://arxiv.org/abs/2607.03071v1,2607.03071v1
arxiv-2607.03084.pdf,arxiv,1844774,16,false,false,false,false,72028e8ab8db164a12ffe66830ad6819eb753cca6e52883dec9ed799ebc0acd2,https://arxiv.org/abs/2607.03084v1,2607.03084v1
arxiv-2607.03088.pdf,arxiv,11388858,61,false,false,false,false,13f09714200c4d1e5e74d59363aedfa2c7f1076eba52aa1723e18bed512e2dc7,https://arxiv.org/abs/2607.03088v1,2607.03088v1
arxiv-2607.03091.pdf,arxiv,464888,6,false,false,false,false,a3bdac9f6ded5cdbba0d828c898ff429ac82920912df486a41039490e31f6a0a,https://arxiv.org/abs/2607.03091v1,2607.03091v1
arxiv-2607.03092.pdf,arxiv,1107242,5,false,false,false,false,6d028eb5341d9df8cdcb636d16087345d3aeab75b1d35f3096dd4d3f2c8347db,https://arxiv.org/abs/2607.03092v1,2607.03092v1
arxiv-2607.03099.pdf,arxiv,8145333,7,false,false,false,false,91b1c1c4aaa440aabb0ec68bae02f4635223df68c6d865c67c0aef360b700c95,https://arxiv.org/abs/2607.03099v1,2607.03099v1
arxiv-2607.03117.pdf,arxiv,1009908,10,false,false,false,false,46dfff57a06914657f0111f79b7acd9160270121c2d468ec4f042c0ea4a52b4d,https://arxiv.org/abs/2607.03117v1,2607.03117v1
arxiv-2607.03136.pdf,arxiv,4313963,9,false,false,false,false,9a4a3b6b0cef4bca4f852bef2263d4c5e0932e19d4d3209d75322e02232b4959,https://arxiv.org/abs/2607.03136v1,2607.03136v1
arxiv-2607.03164.pdf,arxiv,464130,8,false,false,false,false,94e8392bc7bd05b9fe2d49a64c7d7e068aaff1a83a431a3ccbb7b0da48c1be0c,https://arxiv.org/abs/2607.03164v1,2607.03164v1
arxiv-2607.03170.pdf,arxiv,1086991,11,false,false,true,false,80bec6fe82851e2a8fd87bb551d02adeb01fb8af8b97a07946b89275837ac6bd,https://arxiv.org/abs/2607.03170v1,2607.03170v1
arxiv-2607.03183.pdf,arxiv,1567045,13,false,false,false,false,25ca042bed0efde3b4bf4f850865428a641e113a23bbb5d7b0065a57ee778aac,https://arxiv.org/abs/2607.03183v1,2607.03183v1
arxiv-2607.03192.pdf,arxiv,6421843,22,false,false,false,false,4eaf55f9359b32ae8f54dcce89d77d386bb30f56f545824d66bee68f86c9a2f3,https://arxiv.org/abs/2607.03192v1,2607.03192v1
arxiv-2607.03202.pdf,arxiv,1152103,11,false,false,false,false,ebed7d139883e8c5aac9febcf45791f4bb59638e87a802e45032d0b0fb01430f,https://arxiv.org/abs/2607.03202v1,2607.03202v1
arxiv-2607.03203.pdf,arxiv,12838586,25,false,false,false,false,5d4d3d317b83352b7992376dd31a4f620db6e02a2c89fe96e90081cf963fea4e,https://arxiv.org/abs/2607.03203v1,2607.03203v1
arxiv-2607.03205.pdf,arxiv,2869677,6,false,false,false,false,d5413f418c96af2b090b8248ca280525ce881c78c8d8c2038c5be9add1c47dc2,https://arxiv.org/abs/2607.03205v1,2607.03205v1
arxiv-2607.03225.pdf,arxiv,551493,21,false,false,false,false,22af589ff880b4bb2c5714f2dea9ffcb1ec22b80c96f6abdc5a6b3864ec283a6,https://arxiv.org/abs/2607.03225v1,2607.03225v1
arxiv-2607.03235.pdf,arxiv,189531,17,false,false,false,false,c5b9331defa250029886849adf32ad57b09858187e5cc44f4700347b37f7e57c,https://arxiv.org/abs/2607.03235v1,2607.03235v1
arxiv-2607.03239.pdf,arxiv,23079808,44,false,false,false,false,d1bdeb4cfe6c82e589853f71059344e924d529ee9fb6e3b3c8b7648687fe141d,https://arxiv.org/abs/2607.03239v1,2607.03239v1
arxiv-2607.03271.pdf,arxiv,3650922,17,false,false,false,false,74b7b140a146fc7e8b0a91d39ce490b8220f7baaa64258e34ee30b6d789d5f42,https://arxiv.org/abs/2607.03271v1,2607.03271v1
arxiv-2607.03280.pdf,arxiv,996518,10,false,false,false,false,8793d2bc203f93a465238e09e55f633cf9933347cd1681db7c3f5eaff76f2428,https://arxiv.org/abs/2607.03280v1,2607.03280v1
arxiv-2607.03285.pdf,arxiv,803424,10,false,false,false,false,0cdb4644914d2549f4d86d4d580f682796fd8f80fbef6ab1eb09a1d5b3c04796,https://arxiv.org/abs/2607.03285v1,2607.03285v1
arxiv-2607.03290.pdf,arxiv,1245961,31,false,false,false,false,9e37c9a3d196799cf1bf9a4fa21cb7468446bba2fbb0a22ac046d7fae84fb21a,https://arxiv.org/abs/2607.03290v1,2607.03290v1
arxiv-2607.03291.pdf,arxiv,16066148,14,false,false,false,false,b1adb479bf4e0f523682875a28ffa7e030fe4f7e33542020cad9e02d0444f013,https://arxiv.org/abs/2607.03291v1,2607.03291v1
arxiv-2607.03299.pdf,arxiv,4018585,25,false,false,false,false,6f40121ad61586e8491d7b9f15c9928600fb90f0bf1d7e6e8ea6607f21492698,https://arxiv.org/abs/2607.03299v1,2607.03299v1
arxiv-2607.03300.pdf,arxiv,1257840,23,false,false,false,false,4903d55b96603caea7b1d19162b8fbc2c67efa771371ce0fb32627a205d4d5b4,https://arxiv.org/abs/2607.03300v1,2607.03300v1
arxiv-2607.03313.pdf,arxiv,821588,13,false,false,true,false,413c4a900653a4fe77d592e7dcd66e5e90990b4f644d3089390e7372c7a2677f,https://arxiv.org/abs/2607.03313v1,2607.03313v1
arxiv-2607.03314.pdf,arxiv,2717241,17,false,false,false,false,88149760646c8ee911a1954247339de1401c4cdaf2008027089398fe5badc00a,https://arxiv.org/abs/2607.03314v1,2607.03314v1
arxiv-2607.03317.pdf,arxiv,2180402,14,false,false,true,false,27c4e81473e2c97c6d4318126fb3d319a61c0de60e292bf8ce8a6fee52aaf699,https://arxiv.org/abs/2607.03317v1,2607.03317v1
arxiv-2607.03318.pdf,arxiv,721962,27,false,false,false,false,c6962e327864b5d378a9b7c90fca44345deb0911664107461b2ccca05c2da8b1,https://arxiv.org/abs/2607.03318v1,2607.03318v1
arxiv-2607.03329.pdf,arxiv,756971,77,false,false,false,false,e37c217821dc766f32914c0f7bdc9bb9f4c364682cff005a3b19b499d7ca1d91,https://arxiv.org/abs/2607.03329v1,2607.03329v1
arxiv-2607.03351.pdf,arxiv,814198,50,false,false,false,false,f16ddf04f1afc34b6cae1587cf0ac48b2ea527b8c08b0f895d7d65d980307e84,https://arxiv.org/abs/2607.03351v1,2607.03351v1
arxiv-2607.03357.pdf,arxiv,3551660,39,false,false,false,false,4d52b17c1baf08e07589bd018dadf35b8eb15651e4e49245f82747d931ec0cd9,https://arxiv.org/abs/2607.03357v1,2607.03357v1
arxiv-2607.03360.pdf,arxiv,952564,35,false,false,false,false,5614fb02e4c569062bba39780f3d10330e783a8b480e110db53a6cb576f453ea,https://arxiv.org/abs/2607.03360v1,2607.03360v1
arxiv-2607.03364.pdf,arxiv,1256604,23,false,false,false,false,13b600720df4b62e90c891877bac751e64049894b8596c3ab2f34af085fcd546,https://arxiv.org/abs/2607.03364v1,2607.03364v1
arxiv-2607.03382.pdf,arxiv,365915,7,false,false,false,false,35e9e0f4cb87786e288d7552a95dd737f82a8faa5a656f9f735a89a86d640e81,https://arxiv.org/abs/2607.03382v1,2607.03382v1
arxiv-2607.03408.pdf,arxiv,436720,17,false,false,false,false,7f41b912db4186739066ff886e1736138b9984edd18c52c420f9d8c4471730c8,https://arxiv.org/abs/2607.03408v1,2607.03408v1
arxiv-2607.03410.pdf,arxiv,4494239,18,false,false,false,false,4c3114e12a94187d4dd633e5f937ff9ec4ab35fa6076d57b505cdfc5264319af,https://arxiv.org/abs/2607.03410v1,2607.03410v1
arxiv-2607.03420.pdf,arxiv,2575904,12,false,false,false,false,38ccf4778ab44341e0d558354f45a78bf360dd6e23f9bb9d6cf24bc4c4e7c62f,https://arxiv.org/abs/2607.03420v1,2607.03420v1
arxiv-2607.03430.pdf,arxiv,952229,11,false,false,false,false,04b6c32ee39cac5d74c36c9229cda942fffd5806053e4ec4c4b74695d725fe5d,https://arxiv.org/abs/2607.03430v1,2607.03430v1
arxiv-2607.03432.pdf,arxiv,14098608,27,false,false,false,false,263c75f2396e2b48437927941ce3f67a4ff96e1d2e69bcb70afd58d16dbb61b2,https://arxiv.org/abs/2607.03432v1,2607.03432v1
arxiv-2607.03437.pdf,arxiv,2730318,25,false,false,false,false,a9f306da1a146987084853b9951f4bd86e4d89d9190802125c11427c1bddfde6,https://arxiv.org/abs/2607.03437v1,2607.03437v1
arxiv-2607.03442.pdf,arxiv,27414498,32,false,false,false,false,5876f48e53fc3779269936b878a4657608b765632a1a784bdf8f310de73f993e,https://arxiv.org/abs/2607.03442v1,2607.03442v1
arxiv-2607.03471.pdf,arxiv,10254366,20,false,false,false,false,5c53499cc1129e35b9da80169f6c7caad84ce4910298968bf2b9ce3ce292c050,https://arxiv.org/abs/2607.03471v1,2607.03471v1
arxiv-2607.03472.pdf,arxiv,873657,61,false,false,false,false,0b526caaa704a0ce428ada559dbfdbb759442f0007eb6f863405e57dc2c28ff7,https://arxiv.org/abs/2607.03472v1,2607.03472v1
arxiv-2607.03474.pdf,arxiv,1915363,7,false,false,false,false,0fca41816ac4ca64fb441814a8000fc143ce10cb56e92e58a24836aa11ce4ae5,https://arxiv.org/abs/2607.03474v1,2607.03474v1
arxiv-2607.03489.pdf,arxiv,6042705,5,false,false,false,false,661b6b23e49c4b9260d4ddc213de72321e982b681f5130f09311708ef36cdda9,https://arxiv.org/abs/2607.03489v1,2607.03489v1
arxiv-2607.03494.pdf,arxiv,3217082,13,false,false,false,false,acb9f6e40a26243104a40ff44eeb5d232b91b8407c5e27d41bb10b0dc94d9658,https://arxiv.org/abs/2607.03494v1,2607.03494v1
arxiv-2607.03497.pdf,arxiv,447794,16,false,false,false,false,a7d9d4c60dd6f175bdf25410f46f6597ae2bce8cc1bbe2c187d9b131da17db54,https://arxiv.org/abs/2607.03497v1,2607.03497v1
arxiv-2607.03508.pdf,arxiv,908797,70,false,false,false,false,ebbe72fb0aeb3a71ce59b226ed19a7a1b30a4ba31a9be799d9bbad86f04c059b,https://arxiv.org/abs/2607.03508v1,2607.03508v1
arxiv-2607.03518.pdf,arxiv,266975,17,false,false,false,false,0c8e1b7bc57eee751af0fde426d77545cfec7305111024926af2018a2ee45e7d,https://arxiv.org/abs/2607.03518v1,2607.03518v1
arxiv-2607.03536.pdf,arxiv,835859,14,false,false,false,false,92b6da63210edd3367cab54166ed3f58e5a1cedfd771121ce7d6eac9f7b2d68d,https://arxiv.org/abs/2607.03536v1,2607.03536v1
arxiv-2607.03539.pdf,arxiv,471642,17,false,false,false,false,4abfffb016d6896abdedcec692dc72d24d643f3aff8ceb23c01d2141c52597c9,https://arxiv.org/abs/2607.03539v1,2607.03539v1
arxiv-2607.03543.pdf,arxiv,6869652,14,false,false,false,false,1df0c97affbf6069446d6e95d6049d2fe87595c896b2c5beb6297bfa1f9caaed,https://arxiv.org/abs/2607.03543v1,2607.03543v1
arxiv-2607.03546.pdf,arxiv,2329962,114,false,false,false,false,938125e5369dd9a68c1153a903dabadf096655503cc0ebdfab68b9c9b233ddfb,https://arxiv.org/abs/2607.03546v1,2607.03546v1
arxiv-2607.03556.pdf,arxiv,942149,37,false,false,false,false,e788c677c16069820f510eca40c7014797d01c2088cc8999c57f50e15e43f59b,https://arxiv.org/abs/2607.03556v1,2607.03556v1
arxiv-2607.03563.pdf,arxiv,2923921,24,false,false,false,false,d869a1aece663b7330fba550a67109a46058ec0c9db67ea3ec9a1db61050d44a,https://arxiv.org/abs/2607.03563v1,2607.03563v1
arxiv-2607.03565.pdf,arxiv,5809916,17,false,false,false,false,469546aef271f2a27e9c732f56f7a3d6783a82c7961b3537bca75c0453d1b9d1,https://arxiv.org/abs/2607.03565v1,2607.03565v1
arxiv-2607.03576.pdf,arxiv,816435,13,false,false,false,false,c665acddaf07834e2f32266f8714759dfcb39bcbc7f5296709d801df626ffe1c,https://arxiv.org/abs/2607.03576v1,2607.03576v1
arxiv-2607.03586.pdf,arxiv,376124,20,false,false,false,false,cfe0759267cf645877b5811b57eabba826acbc4aab9adfeaebc1be3e47c6e9b8,https://arxiv.org/abs/2607.03586v1,2607.03586v1
arxiv-2607.03590.pdf,arxiv,196471,24,false,false,false,false,51ee8f3d704331ce718b314df25891fa8a70f7c475954f63fde897aa55ddf073,https://arxiv.org/abs/2607.03590v1,2607.03590v1
arxiv-2607.03592.pdf,arxiv,6165891,21,false,false,false,false,ea731e40f92f76f04fe2000da1b3f33668a268d290352aed7d44c9e64e3aef99,https://arxiv.org/abs/2607.03592v1,2607.03592v1
arxiv-2607.03593.pdf,arxiv,14529425,23,false,false,false,false,a88619e51885c510ac31fdec8613e2dfde0e3501d34056028308af93edece740,https://arxiv.org/abs/2607.03593v1,2607.03593v1
arxiv-2607.03596.pdf,arxiv,564643,50,false,false,false,false,943403b610006727036df15cb11fb57cbdab7587fcabb96b3f005b56b1679581,https://arxiv.org/abs/2607.03596v1,2607.03596v1
arxiv-2607.03597.pdf,arxiv,383350,41,false,false,false,false,030fd9f330cc7ee21e2bfbff040d5b387b213c05afefe78476289d3e908ecb7a,https://arxiv.org/abs/2607.03597v1,2607.03597v1
arxiv-2607.03617.pdf,arxiv,1953719,43,false,false,false,false,9ab8b99e5998d730451001e659ec68d32bf779a1db3642a1c814eb5e65eb62eb,https://arxiv.org/abs/2607.03617v1,2607.03617v1
arxiv-2607.03619.pdf,arxiv,11249992,23,false,false,false,false,38d7293e4eb922dbce9c46fac6bf7e9ea97bad7eb1941ebe96d2c20048e0ce12,https://arxiv.org/abs/2607.03619v1,2607.03619v1
arxiv-2607.03623.pdf,arxiv,275355,7,false,false,false,false,cab70f4f1bc1a370dea2caf0b20cef2086ae6c74d011ecd6b534980a6ab61988,https://arxiv.org/abs/2607.03623v1,2607.03623v1
arxiv-2607.03632.pdf,arxiv,2782831,9,false,false,false,false,ae191378cc127f66667d825b507d43bb68a69a8c1442c301c02c6b1857ec5bb9,https://arxiv.org/abs/2607.03632v1,2607.03632v1
arxiv-2607.03639.pdf,arxiv,707311,32,false,false,false,false,7d56a2fecc714015c1c6483d9cbcdd4970aecc940539383dd808261c4238e390,https://arxiv.org/abs/2607.03639v1,2607.03639v1
arxiv-2607.03643.pdf,arxiv,2249443,30,false,false,true,false,4b79702d994b7db8ea65e2eae50afb07728804ba09e1350cd686270612a13bc2,https://arxiv.org/abs/2607.03643v1,2607.03643v1
arxiv-2607.03671.pdf,arxiv,3889988,25,false,false,false,false,e0545bf073b02363630dbe53840e56a759b4637b2623663cbf6853d83191ded2,https://arxiv.org/abs/2607.03671v1,2607.03671v1
arxiv-2607.03674.pdf,arxiv,1218132,8,false,false,false,false,8fb8d91d41d3ce39076618de8c6c1221f867341a99c964b4032f438ace8bef8b,https://arxiv.org/abs/2607.03674v1,2607.03674v1
arxiv-2607.03676.pdf,arxiv,6649610,52,false,false,true,false,b6023c714f3542957d2afca44a242bf247a3a864ba6b940644f0be6c97cd2900,https://arxiv.org/abs/2607.03676v1,2607.03676v1
arxiv-2607.03687.pdf,arxiv,8498778,20,false,false,false,false,ca1286a8695c4d7059aaa161d90263cb06240c9d473405a0dd629ca4399b40d1,https://arxiv.org/abs/2607.03687v1,2607.03687v1
arxiv-2607.03690.pdf,arxiv,24613601,12,false,false,false,false,6a3c2df4b3870e8a9662fadf720c35806a674d1661528de01c45a5046b6dbf26,https://arxiv.org/abs/2607.03690v1,2607.03690v1
arxiv-2607.03724.pdf,arxiv,605129,9,false,false,true,false,0ba8bc3fd473172cd907a497710bf225a41f65a73b78f1fb660fa01938c046d6,https://arxiv.org/abs/2607.03724v1,2607.03724v1
arxiv-2607.03729.pdf,arxiv,912334,25,false,false,false,false,bea9fbe6f63f4f67de322334dbfae8a404666943eec04e206e5a3f5a4cf3ed29,https://arxiv.org/abs/2607.03729v1,2607.03729v1
arxiv-2607.03733.pdf,arxiv,1669409,17,false,false,false,false,0969eb9fc7d2f6284a29ed411ce5f74c7904b9ee0f7a3c99ad279cc60671eaf5,https://arxiv.org/abs/2607.03733v1,2607.03733v1
arxiv-2607.03736.pdf,arxiv,1532661,33,false,false,false,false,eb59d20fcfeb82a6a0cded5fb429e35c90be6a8dae7b0d65ae94101f3c9cfe15,https://arxiv.org/abs/2607.03736v1,2607.03736v1
arxiv-2607.03737.pdf,arxiv,1146959,20,false,false,false,false,cca7c686f0dedb4f57f202c49b3bcf2b620fdfc856c185f94ac00dea0760223b,https://arxiv.org/abs/2607.03737v1,2607.03737v1
arxiv-2607.03740.pdf,arxiv,1041858,27,false,false,true,false,bdc06aaeb8d1fc62a9139c7e05767836b6eabbac39c08ac94b3dadfae7098868,https://arxiv.org/abs/2607.03740v1,2607.03740v1
arxiv-2607.03756.pdf,arxiv,2764850,10,false,false,false,false,1453b77cf6b23def74737f605e58d678d92ac3b0ea18d7a68e81f0d8681402a6,https://arxiv.org/abs/2607.03756v1,2607.03756v1
arxiv-2607.03764.pdf,arxiv,1928719,27,false,false,true,false,cfb98ba60d88c78f4e8dc232e035a67707cb15889655f9aeb2b3cb9a43375e9f,https://arxiv.org/abs/2607.03764v1,2607.03764v1
arxiv-2607.03768.pdf,arxiv,25619052,10,false,false,false,false,50de45c408b9a1a5142d39ce1ae37ef8caa26a39a8bcb5862d22b88996796c89,https://arxiv.org/abs/2607.03768v1,2607.03768v1
arxiv-2607.03774.pdf,arxiv,2989219,17,false,false,false,false,a5f334cefd86ac274ecf1e2b581b9b5523160ec71e22dfe264c70ef0327e89e4,https://arxiv.org/abs/2607.03774v1,2607.03774v1
arxiv-2607.03797.pdf,arxiv,303612,4,false,false,false,false,235280f2e7e36eb46f27e1f002c9687538f1d0e21058a644b1c581ddb8be4fc3,https://arxiv.org/abs/2607.03797v1,2607.03797v1
arxiv-2607.03816.pdf,arxiv,2655843,38,false,false,false,false,0c0f8ee40e443b1ed34e39c0894961401af46112f64b735797930e86520d874f,https://arxiv.org/abs/2607.03816v1,2607.03816v1
arxiv-2607.03824.pdf,arxiv,808021,50,false,false,false,false,041da85ab6b061c36457ce54b4c8246ce78d461351dab2563d95b62af69ddae4,https://arxiv.org/abs/2607.03824v1,2607.03824v1
arxiv-2607.03843.pdf,arxiv,636434,28,false,false,false,false,77185ca1043abf9b1be90ca70eda39d8d6e47ab605813592e3dcfa467bcb4f2c,https://arxiv.org/abs/2607.03843v1,2607.03843v1
arxiv-2607.03873.pdf,arxiv,1585495,13,false,false,false,false,4bf84f3ae31a6c0e83a600e9b5eb00cd982b8312afca2918dd97e71f296273fb,https://arxiv.org/abs/2607.03873v1,2607.03873v1
arxiv-2607.03888.pdf,arxiv,817846,15,false,false,false,false,0f1d414bab9af31c114c62e4c14b2d20c45cf78893844c978372f2f76153055b,https://arxiv.org/abs/2607.03888v1,2607.03888v1
arxiv-2607.03890.pdf,arxiv,953419,22,false,false,false,false,dc054ec32eef0fbf3f03c49ec5afa12cbcd69956968e8524a79dbb227706f7cf,https://arxiv.org/abs/2607.03890v1,2607.03890v1
arxiv-2607.03913.pdf,arxiv,1218081,19,false,false,false,false,fc2f0a1bd6853f00543210686d26fc63b72b28b94a30b524336595b2f9444f1b,https://arxiv.org/abs/2607.03913v1,2607.03913v1
arxiv-2607.03923.pdf,arxiv,1370539,28,false,false,false,false,dba54ec045001574704e5944ed210844b0905d79082cf1d5a06c99da16106b7f,https://arxiv.org/abs/2607.03923v1,2607.03923v1
arxiv-2607.03924.pdf,arxiv,632200,31,false,false,false,false,72dab96c6d417d36c82abac53881dc7fe09172b50cb686e096710e45e1a46d4a,https://arxiv.org/abs/2607.03924v1,2607.03924v1
arxiv-2607.03927.pdf,arxiv,1076674,24,false,false,false,false,2f1dacbf427d29e1bb50e8859f6ffab8f845d1bba782f6063e01266a575bcaee,https://arxiv.org/abs/2607.03927v1,2607.03927v1
arxiv-2607.03931.pdf,arxiv,1859388,26,false,false,false,false,f6410b0d7d12952b1d3a9f4f2723645063371a62093b8819b33658db835f84c8,https://arxiv.org/abs/2607.03931v1,2607.03931v1
arxiv-2607.03944.pdf,arxiv,376794,13,false,false,false,false,77da1de2b8c32e48dcfd248ab0793df76b661dac628c7c5e22c5ea745b528df2,https://arxiv.org/abs/2607.03944v1,2607.03944v1
arxiv-2607.03946.pdf,arxiv,302166,10,false,false,false,false,207e77289e19afb4197c3b4ecc8db34f6b776265067b0842841ec5ecdb047f2e,https://arxiv.org/abs/2607.03946v1,2607.03946v1
arxiv-2607.03959.pdf,arxiv,437633,15,false,false,false,false,464e1fc62ab21b9bd4401478d0ac4867352927b04d66c338fe8ca4ce51717453,https://arxiv.org/abs/2607.03959v1,2607.03959v1
arxiv-2607.03961.pdf,arxiv,2301704,7,false,false,false,false,e27ab1d92cc2e2edb09aa7162f6222e03beda747ceb7e90ba1fd2990c6103f4a,https://arxiv.org/abs/2607.03961v1,2607.03961v1
arxiv-2607.03975.pdf,arxiv,1222858,4,false,false,false,false,bd15262bbe2bb2db2946c448e41715e6b3452dcc4de6f8de2d8b6768e19066ce,https://arxiv.org/abs/2607.03975v1,2607.03975v1
arxiv-2607.03984.pdf,arxiv,363211,9,false,false,false,false,3064eb3b3db5eb0558e3df7579a72e51b14018874eb6b19f0caa8b1feeaffcad,https://arxiv.org/abs/2607.03984v1,2607.03984v1
arxiv-2607.03986.pdf,arxiv,710246,21,false,false,false,false,700a7c4b355d05e30815f4abe0472a8d48ca44b0a977258e5c6cdf7366d3c053,https://arxiv.org/abs/2607.03986v1,2607.03986v1
arxiv-2607.03999.pdf,arxiv,394410,9,false,false,false,false,7562061f6a96e5bd6cdbf9e1acd5e7e198454f75abe28b39f6fe04fb8405c9f0,https://arxiv.org/abs/2607.03999v1,2607.03999v1
arxiv-2607.04002.pdf,arxiv,565050,27,false,false,false,false,7bc0ff468114ad624c07bebc8fca32bda7b2fd690d651171e44a027e3b9c2d6a,https://arxiv.org/abs/2607.04002v1,2607.04002v1
arxiv-2607.04004.pdf,arxiv,423831,13,false,false,false,false,76f68d4adeb4e5344b3fa085eaa53564712493d577a442d84879dc8c20f7ce26,https://arxiv.org/abs/2607.04004v1,2607.04004v1
arxiv-2607.04005.pdf,arxiv,424761,6,false,false,false,false,9b1b5aa6d751d799f24b412082e4b60449791bf769fc61e8b75ce44da2c7b977,https://arxiv.org/abs/2607.04005v1,2607.04005v1
arxiv-2607.04012.pdf,arxiv,381160,38,false,false,false,false,a6797d79671750f493a5f1ed56271d4d38044691cdace5e5fa45f9d408708b0a,https://arxiv.org/abs/2607.04012v1,2607.04012v1
arxiv-2607.04022.pdf,arxiv,557916,7,false,false,false,false,995571e1e369fa4f5312bb9af66bc5e6bdba51a434ea335c2fa06672052f756a,https://arxiv.org/abs/2607.04022v1,2607.04022v1
arxiv-2607.04036.pdf,arxiv,833767,32,false,false,false,false,eea002cbe7cc10c35973c8abb6417d09189dc38b452f8ae81c02f0b62684dcc8,https://arxiv.org/abs/2607.04036v1,2607.04036v1
arxiv-2607.04046.pdf,arxiv,1091548,37,false,false,false,false,b0286aea8f677eb8f460df0a28de3841b58965e36cfcfd6faafae79601917fd6,https://arxiv.org/abs/2607.04046v1,2607.04046v1
arxiv-2607.04047.pdf,arxiv,579996,26,false,false,false,false,51ad58ceda8f0fe153cc9dfdb4109863e06fc7b8feadb475a4a2fed142244000,https://arxiv.org/abs/2607.04047v1,2607.04047v1
arxiv-2607.04063.pdf,arxiv,10463948,38,false,false,false,false,f4bf569a60d8dc2557c587fccf590b890369dbdecd0e07e0c048dfa3a2bdcac4,https://arxiv.org/abs/2607.04063v1,2607.04063v1
arxiv-2607.04076.pdf,arxiv,446193,16,false,false,false,false,fa3445164d10ffbc605b096fe58d815221411cb6757f2208779c62ef158a56c8,https://arxiv.org/abs/2607.04076v1,2607.04076v1
arxiv-2607.04078.pdf,arxiv,777815,34,false,false,false,false,a97c0334e9514462f78dffd85741ee1d983f17904741bb93c554a061428155b8,https://arxiv.org/abs/2607.04078v1,2607.04078v1
arxiv-2607.04080.pdf,arxiv,6606313,21,false,false,false,false,feb343be7e31de4d745ac04470c5314e1fdd2ad1555b9cc7d35c4cb1897d7ba9,https://arxiv.org/abs/2607.04080v1,2607.04080v1
arxiv-2607.04107.pdf,arxiv,3895008,58,false,false,false,false,be0d8c28856aac383cbc8e6df4542636bab964207d6d0d4d251cc9094519130a,https://arxiv.org/abs/2607.04107v1,2607.04107v1
arxiv-2607.04112.pdf,arxiv,3094916,32,false,false,false,false,bfcfa9e0ab91bd3ea9fca472baa34c323142bbb8fbbcb95cb8646bf20dedf4e1,https://arxiv.org/abs/2607.04112v1,2607.04112v1
arxiv-2607.04121.pdf,arxiv,15147791,28,false,false,false,false,eb1f652371bd3057ee2d5e72627acb76b39cfa5c3f85fa8c72cc42539b0f9506,https://arxiv.org/abs/2607.04121v1,2607.04121v1
arxiv-2607.04131.pdf,arxiv,490610,20,false,false,false,false,b8860ea54956918ec9e47b228a13ce5c5e63dbc502a2742df17f7b962d8cfd7c,https://arxiv.org/abs/2607.04131v1,2607.04131v1
arxiv-2607.04138.pdf,arxiv,3003219,62,false,false,false,false,a1488863d3d8e6fcbfe5f3c50ddb40c26de354c8c220ab4f90626e408a1c05d4,https://arxiv.org/abs/2607.04138v1,2607.04138v1
arxiv-2607.04140.pdf,arxiv,955591,13,false,false,false,false,c98fdae7c3f7fbe4314e6985d7cb878dae9166bf665c0d6f2278e8b041531e15,https://arxiv.org/abs/2607.04140v1,2607.04140v1
arxiv-2607.04146.pdf,arxiv,1141875,13,false,false,false,false,c8e80e948c243f9a57f950e005f92953cb329cbc38eb7506411234ebb1d2c4cb,https://arxiv.org/abs/2607.04146v1,2607.04146v1
arxiv-2607.04150.pdf,arxiv,2195842,10,false,false,false,false,57123529866710e6fba69dd1e4b42f599b9707b82102d368698b9593c893034e,https://arxiv.org/abs/2607.04150v1,2607.04150v1
arxiv-2607.04158.pdf,arxiv,588154,10,false,false,false,false,3818a6d626d70c07310a5d0b59ba6478dae11f431fd53cb43b3ca4e47e7d8d64,https://arxiv.org/abs/2607.04158v1,2607.04158v1
arxiv-2607.04176.pdf,arxiv,8776351,24,false,false,false,false,3a060f47159b3ddd091941aef6a3feba89df94fa37ba631063451e831a428b68,https://arxiv.org/abs/2607.04176v1,2607.04176v1
arxiv-2607.04183.pdf,arxiv,1871951,5,false,false,false,false,40f5536fd20dc145a06386913f61966e745ce2cecc16dd5fbcd747e840d82acb,https://arxiv.org/abs/2607.04183v1,2607.04183v1
arxiv-2607.04192.pdf,arxiv,476654,16,false,false,false,false,1566873f85815aaf7d11146a497171939df44c4cf9299b20677aec7e91f94494,https://arxiv.org/abs/2607.04192v1,2607.04192v1
arxiv-2607.04193.pdf,arxiv,1195871,30,false,false,false,false,ba01c245e8e45e881029ce473a72632b50fa003797f4544cae40dfbe745f7cf0,https://arxiv.org/abs/2607.04193v1,2607.04193v1
arxiv-2607.04211.pdf,arxiv,10119364,37,false,false,false,false,9e50388f95b8f0cc7d2b6d2b3df3581e1c4fa8ee245dcb336b9b832140116643,https://arxiv.org/abs/2607.04211v1,2607.04211v1
arxiv-2607.04216.pdf,arxiv,7048877,19,false,false,false,false,08843590e3a322cd9680b7ff3fb5beb073d93632d9bb4463ac9ad43947ad6de2,https://arxiv.org/abs/2607.04216v1,2607.04216v1
arxiv-2607.04223.pdf,arxiv,1274481,23,false,false,false,false,1a76a49d62a0d4307b3a6537b2846acf6e54fd61901c09d3b0c6e5317d456300,https://arxiv.org/abs/2607.04223v1,2607.04223v1
arxiv-2607.04226.pdf,arxiv,10934430,28,false,false,false,false,e523e7b01d3bba96ee851e23337b2462f90eee68d4d29643880c213b30690c75,https://arxiv.org/abs/2607.04226v1,2607.04226v1
arxiv-2607.04232.pdf,arxiv,1361386,12,false,false,false,false,ae0a632aee14fdcf88178986369dc078e0ee0b9fd3e3df91e49298e5fb937940,https://arxiv.org/abs/2607.04232v1,2607.04232v1
arxiv-2607.04235.pdf,arxiv,1222363,24,false,false,false,false,50c3c6c94489111cf581b9368e46e62c6a0b8bb00140211dbe2a5f7ebafe3e19,https://arxiv.org/abs/2607.04235v1,2607.04235v1
arxiv-2607.04248.pdf,arxiv,591481,13,false,false,false,false,bb3c09b66b7b9edc8d60c5f3373776c9a41de34ddb52773fc8b70975219bba0d,https://arxiv.org/abs/2607.04248v1,2607.04248v1
arxiv-2607.04252.pdf,arxiv,4844007,69,false,false,false,false,9317bef153e9a85d44de666323031d088865f5269b2ed87c7b5726b32c87b447,https://arxiv.org/abs/2607.04252v1,2607.04252v1
arxiv-2607.04253.pdf,arxiv,2399148,38,false,false,true,false,511b22f4e53fcef723b72485d41dd434bd85405dbc8608fa9b6f26f3825f313c,https://arxiv.org/abs/2607.04253v1,2607.04253v1
arxiv-2607.04257.pdf,arxiv,886078,64,false,false,false,false,3e8dcf56d28b7a565c5b15d19502687c933e2d2525bbc04c7f98c356c370dd92,https://arxiv.org/abs/2607.04257v1,2607.04257v1
arxiv-2607.04264.pdf,arxiv,859728,66,false,false,false,false,f33e5555579bdf53c299a3b3b66366de555b9064b55f4c3fe9b41c90de910d91,https://arxiv.org/abs/2607.04264v1,2607.04264v1
arxiv-2607.04272.pdf,arxiv,279219,6,false,false,false,false,7931146764571f6c8f8e43af86bcc208831dc8420d3500e863f58a2ddc4f6ad7,https://arxiv.org/abs/2607.04272v1,2607.04272v1
arxiv-2607.04281.pdf,arxiv,846266,16,false,false,false,false,c3030a094e416432d44899c112c93ef18df902ebd92e0a1381435073ae8c7e58,https://arxiv.org/abs/2607.04281v1,2607.04281v1
arxiv-2607.04286.pdf,arxiv,1651159,7,false,false,false,false,2a95b82bae5b3c52cbde692fa707581cb494d4e9e9916fc267036295884bcf49,https://arxiv.org/abs/2607.04286v1,2607.04286v1
arxiv-2607.04288.pdf,arxiv,983671,21,false,false,false,false,44498c143be62da282e4d2e27ce55f4a7627fbd08919911de28ab4629ca84fe9,https://arxiv.org/abs/2607.04288v1,2607.04288v1
arxiv-2607.04293.pdf,arxiv,8749333,56,false,false,false,false,3a25a68cc935cd031c41f029bc37b0a439ae5178ecf3b597b736d484b755c30a,https://arxiv.org/abs/2607.04293v1,2607.04293v1
arxiv-2607.04302.pdf,arxiv,4401013,22,false,false,false,false,144831cdc3288d21d98433e64632c77979ef6f3bbe79cac3ee1aa4d78e27ae14,https://arxiv.org/abs/2607.04302v1,2607.04302v1
arxiv-2607.04319.pdf,arxiv,754065,24,false,false,false,false,113ad400fd700a008b22c752fb738c94003259a95af2a745ef37693c494cb659,https://arxiv.org/abs/2607.04319v1,2607.04319v1
arxiv-2607.04327.pdf,arxiv,1344630,43,false,false,false,false,60342bb63191350c76d97de02741b70a567c56fc48d7ed80bbcb838f2858c062,https://arxiv.org/abs/2607.04327v1,2607.04327v1
arxiv-2607.04328.pdf,arxiv,1380236,25,false,false,false,false,80990a88f47b474bd140d1cc2f08d688ed294f78ce56f989c1d9cd5400c28837,https://arxiv.org/abs/2607.04328v1,2607.04328v1
arxiv-2607.04335.pdf,arxiv,2242680,22,false,false,false,false,085eaae91c914f6f9625c6f3d5a4dbd581d06b7d44dd2020709ce9dd6ec7525b,https://arxiv.org/abs/2607.04335v1,2607.04335v1
arxiv-2607.04340.pdf,arxiv,363382,7,false,false,false,false,9787069ba4336e25c2d818baada83569d2cffd93db3cde66f5814aae2bb5bd45,https://arxiv.org/abs/2607.04340v1,2607.04340v1
arxiv-2607.04341.pdf,arxiv,8908997,49,false,false,false,false,081b4cfd95e76094f7cb9a577c5eb8b043ce65d73a5eb8ff7c91fad89b112f3e,https://arxiv.org/abs/2607.04341v1,2607.04341v1
arxiv-2607.04350.pdf,arxiv,2596645,23,false,false,false,false,261bc68d3c7bb502d4c3914bc5208c5df938a903821083046995c35071ee13c6,https://arxiv.org/abs/2607.04350v1,2607.04350v1
arxiv-2607.04375.pdf,arxiv,630559,25,false,false,false,false,bb045513883a68ad78726fa951d64a0d85dce193b57be5e3536eb864887685fa,https://arxiv.org/abs/2607.04375v1,2607.04375v1
arxiv-2607.04376.pdf,arxiv,402154,5,false,false,false,false,ffb43f7ad6527b456aa426876eb9963e3b86b87c24de8f9aea22edc919b69d30,https://arxiv.org/abs/2607.04376v1,2607.04376v1
arxiv-2607.04387.pdf,arxiv,263325,5,false,false,false,false,ff4d8444504a2e4d4603a27e496f2112c33c302c2593fd56a7ebddf5cc59187c,https://arxiv.org/abs/2607.04387v1,2607.04387v1
arxiv-2607.04391.pdf,arxiv,1142832,22,false,false,false,false,0c7625191a70125ec015b30c6f35a631f10ebc5a9071454555ba535c66e79436,https://arxiv.org/abs/2607.04391v1,2607.04391v1
arxiv-2607.04392.pdf,arxiv,660786,23,false,false,false,false,5b4eb19cfd4de1a595e99c29eb76c826e83e115327675f7a3eaa4baa0a46224b,https://arxiv.org/abs/2607.04392v1,2607.04392v1
arxiv-2607.04403.pdf,arxiv,2360385,6,false,false,false,false,42d8551e8f659df117d126833b9bcd39d7cbc369597f2c77e56a45e0f716b974,https://arxiv.org/abs/2607.04403v1,2607.04403v1
arxiv-2607.04410.pdf,arxiv,815665,10,false,false,false,false,88c88ae00cb5931208343cbb844aad0ec9d182d0088973d135d0d3d77e75c1ae,https://arxiv.org/abs/2607.04410v1,2607.04410v1
arxiv-2607.04425.pdf,arxiv,3213508,25,false,false,false,false,c9aeb2d583c499e8dee7db5c86501de0bb7326beec461cbda59ba41676e4efce,https://arxiv.org/abs/2607.04425v1,2607.04425v1
arxiv-2607.04428.pdf,arxiv,794157,12,false,false,false,false,01d99b7cd4a5d85ce10aa8caa7badbf01b069e837748ac7575199e2f0fd6c999,https://arxiv.org/abs/2607.04428v1,2607.04428v1
arxiv-2607.04429.pdf,arxiv,390816,7,false,false,false,false,209e7428f985bb5a59abf8a85781b178a9151f12c34443ae811bc51aa2c604df,https://arxiv.org/abs/2607.04429v1,2607.04429v1
arxiv-2607.04430.pdf,arxiv,796873,22,false,false,false,false,a8ebca6300b5f49be1da7747d91fa20142580be4bae72d5eef9965168aaa6db2,https://arxiv.org/abs/2607.04430v1,2607.04430v1
arxiv-2607.04433.pdf,arxiv,1381107,45,false,false,false,false,32304ce3585eb9f5fc958bef5f2636ae9a5a88b9ba0484f0ddeb07b4b5469edf,https://arxiv.org/abs/2607.04433v1,2607.04433v1
arxiv-2607.04437.pdf,arxiv,6151675,11,false,false,false,false,490414208961cc0cbf337c8d9cc46c3424f1ade1381a6fd78f87d250507da4b8,https://arxiv.org/abs/2607.04437v1,2607.04437v1
arxiv-2607.04459.pdf,arxiv,659129,27,false,false,false,false,cada87f1f0cd9532ce6be05cd8015c1ebfa468d12e305d02132430b6cc2c6650,https://arxiv.org/abs/2607.04459v1,2607.04459v1
arxiv-2607.04466.pdf,arxiv,13118472,79,false,false,false,false,2c6b0676015806e9c5396dd0f8a61970e8166b8827da18ef82408e1da628787e,https://arxiv.org/abs/2607.04466v1,2607.04466v1
arxiv-2607.04467.pdf,arxiv,533445,27,false,false,false,false,0727464afd8237860893c2fb84e5b76a4dfc41c45e0e3f300a7e32a2df46924b,https://arxiv.org/abs/2607.04467v1,2607.04467v1
arxiv-2607.04469.pdf,arxiv,1344101,10,false,false,false,false,f1362dd5ff47d0567fc761407c3c49e953b7b72acf47e6bcd2f377e331daf1aa,https://arxiv.org/abs/2607.04469v1,2607.04469v1
arxiv-2607.04480.pdf,arxiv,2469857,139,false,false,false,false,9119b90a0ca0a6a47ed33c0897e022da93e648b8dabedbc3fa6f220e2b1538c0,https://arxiv.org/abs/2607.04480v1,2607.04480v1
arxiv-2607.04493.pdf,arxiv,1062812,24,false,false,false,false,a2c0754c5482f88798a5a2a62bbded45ac3788758aaea37fc30139c44ceb4e83,https://arxiv.org/abs/2607.04493v1,2607.04493v1
arxiv-2607.04510.pdf,arxiv,1972780,34,false,false,false,false,1575ad4c6dae165db7eecff2f180578300a39094e5de559048bb60cf2fc5d7b5,https://arxiv.org/abs/2607.04510v1,2607.04510v1
arxiv-2607.04514.pdf,arxiv,1583264,72,false,false,false,false,8f72dbd2887eb945cb7a993641cf666cf57ccae3422f162eebd44d8d7d177783,https://arxiv.org/abs/2607.04514v1,2607.04514v1
arxiv-2607.04515.pdf,arxiv,210126,6,false,false,false,false,2a2d5b8f79805ce3ba06d692b39b6c5abf9e7c59de4436e43770494fa3399cb9,https://arxiv.org/abs/2607.04515v1,2607.04515v1
arxiv-2607.04523.pdf,arxiv,147627,8,false,false,false,false,ebfdeeb68d17b74218ffaea1e724f3b959f17f1e1bd20a67d801e1523fad0d53,https://arxiv.org/abs/2607.04523v1,2607.04523v1
arxiv-2607.04525.pdf,arxiv,1456123,15,false,false,false,false,be5939f79ea44233b9dd319f99ace6af95dbd87ff2cf13f09ae518cba308c366,https://arxiv.org/abs/2607.04525v1,2607.04525v1
arxiv-2607.04534.pdf,arxiv,436363,11,false,false,false,false,666bc2432e570d24692095ebb65685b341d296084a1814b35d54af7c9a09b790,https://arxiv.org/abs/2607.04534v1,2607.04534v1
arxiv-2607.04536.pdf,arxiv,614352,46,false,false,false,false,5bc0c9ee5ebd2208881b4baac0d508f2a5884977eaa84d58cddb619e9573cb92,https://arxiv.org/abs/2607.04536v1,2607.04536v1
arxiv-2607.04558.pdf,arxiv,925042,7,false,false,false,false,03ef43ad8155cfc3d7b207f71677d818b861a02aca455d989c30e691509cfb0a,https://arxiv.org/abs/2607.04558v1,2607.04558v1
arxiv-2607.04560.pdf,arxiv,782264,21,false,false,false,false,47c66c256c0d8d4c7179ca78287cea1e90666e44fcb7f72a84c7b016b808d888,https://arxiv.org/abs/2607.04560v1,2607.04560v1
arxiv-2607.04563.pdf,arxiv,3864983,32,false,false,false,false,cc746f585667165149876d83d41af85879109b8412dd204f4d3a818c32b58fdc,https://arxiv.org/abs/2607.04563v1,2607.04563v1
arxiv-2607.04565.pdf,arxiv,381011,15,false,false,false,false,9900d8907cae41c270e0099a349a9382720e20fd4b8657fdfbf8d13dd8214c1c,https://arxiv.org/abs/2607.04565v1,2607.04565v1
arxiv-2607.04566.pdf,arxiv,1669516,18,false,false,false,false,978642a4c7232b9a01469f2e5d64b9b417691c77bc8bbd2e8f1153cd1a7cdd04,https://arxiv.org/abs/2607.04566v1,2607.04566v1
arxiv-2607.04571.pdf,arxiv,292640,27,false,false,false,false,942196d534a26712e4dee78acb1f85cdfba069c72f3096c4e7443a55a037a307,https://arxiv.org/abs/2607.04571v1,2607.04571v1
arxiv-2607.04576.pdf,arxiv,380689,14,false,false,false,false,fefa2ba50185801fa7c248f10eca7530eff9b184fef4aef9346d1a7adf47d07d,https://arxiv.org/abs/2607.04576v1,2607.04576v1
arxiv-2607.04581.pdf,arxiv,2389147,18,false,false,false,false,356dba25863b9d1b163c36087074da49d5eaec90a22806cbc0ed120092b12ad4,https://arxiv.org/abs/2607.04581v1,2607.04581v1
arxiv-2607.04589.pdf,arxiv,30339422,23,false,false,false,false,262d4ab59efae979349d98ba2cb3d8ffa40dc08191dcd8101a6174235574dc5f,https://arxiv.org/abs/2607.04589v1,2607.04589v1
arxiv-2607.04605.pdf,arxiv,19163607,14,false,false,false,false,9c4486b281038339ec426ed7d73cd70f24ceb60ab3dc04e7280b24efcba450da,https://arxiv.org/abs/2607.04605v1,2607.04605v1
arxiv-2607.04606.pdf,arxiv,191096,5,false,false,false,false,2a82aa38f7cffbf48fe2bf51a35a1e77797d99f70dc60b2c11447bce2b429c37,https://arxiv.org/abs/2607.04606v1,2607.04606v1
arxiv-2607.04619.pdf,arxiv,3098325,8,false,false,false,false,dabbc12b9016a496e6a2ccbaae4fc3b224204eab4016bd9a5fba0dfd6a3cfe5a,https://arxiv.org/abs/2607.04619v1,2607.04619v1
arxiv-2607.04620.pdf,arxiv,535059,30,false,false,false,false,f988d05b88009d2906a8317fc497a8ca5e88d7a5e4ad74fd941e51bc03159201,https://arxiv.org/abs/2607.04620v1,2607.04620v1
arxiv-2607.04639.pdf,arxiv,900440,10,false,false,false,false,89b35315016b1aea1302589f6771c3bdb1e76b05084da808aa2b37fe5fa16157,https://arxiv.org/abs/2607.04639v1,2607.04639v1
arxiv-2607.04640.pdf,arxiv,976861,16,false,false,false,false,1efcf37fa8285aba9ef3147cd758dcb5e2b0b9dbd7814c1dfb62c0fcf2fb3d69,https://arxiv.org/abs/2607.04640v1,2607.04640v1
arxiv-2607.04644.pdf,arxiv,726805,92,false,false,false,false,7177079eb4d509ff26e71f250e7a6567c80a521ca3e134a0e561abb0acb07c83,https://arxiv.org/abs/2607.04644v1,2607.04644v1
arxiv-2607.04645.pdf,arxiv,158407,8,false,false,false,false,7d0d611fef1498dc3ce2cb012c8abac28d984e930fda56b2aa8bbb1b589dabca,https://arxiv.org/abs/2607.04645v1,2607.04645v1
arxiv-2607.04646.pdf,arxiv,5447628,8,false,false,false,false,1df5b2ca29e1700d2d24f7a5dc2a26bacd191625812afe8df80ae8cf6aaf8595,https://arxiv.org/abs/2607.04646v1,2607.04646v1
arxiv-2607.04655.pdf,arxiv,4023149,44,false,false,false,false,af0b931cd1ce918c62465e879e153afe4e55002ceeaba8081dd8a229bab449b0,https://arxiv.org/abs/2607.04655v1,2607.04655v1
arxiv-2607.04666.pdf,arxiv,6431775,20,false,false,false,false,2d13e1a6f951ddfb98bd74ddd730c6da46497b4ee52946affeeae0ea0eba46f3,https://arxiv.org/abs/2607.04666v1,2607.04666v1
arxiv-2607.04671.pdf,arxiv,6680051,43,false,false,true,false,73f38b9dac557867421d67cd1729dc31cef6ef18e14af9e88599ccacc6ca486c,https://arxiv.org/abs/2607.04671v1,2607.04671v1
arxiv-2607.04682.pdf,arxiv,1735372,8,false,false,false,false,c3151eba0fb6d6b01b6269067bb632ada0550994ac86b1f78f8e716ea9f1b9c7,https://arxiv.org/abs/2607.04682v1,2607.04682v1
arxiv-2607.04683.pdf,arxiv,674656,22,false,false,false,false,7ed113f53eaa3627be06bf246fde802002117f4800d735846564e311ede2de34,https://arxiv.org/abs/2607.04683v1,2607.04683v1
arxiv-2607.04686.pdf,arxiv,2549988,18,false,false,false,false,6588af66fd477d9764c20c52c2adb7d92fcbf6a788fe09713bc71916862d3009,https://arxiv.org/abs/2607.04686v1,2607.04686v1
arxiv-2607.04688.pdf,arxiv,3211828,33,false,false,false,false,ed237596334b82c5afeb88260d817668aeaf9380bd0c49712fdaf300074d6f1b,https://arxiv.org/abs/2607.04688v1,2607.04688v1
arxiv-2607.04690.pdf,arxiv,328877,6,false,false,false,false,95e702165b4c6d2aaff0700db58a215d8a48aa089d5ec950c03c35f5b9ab4df4,https://arxiv.org/abs/2607.04690v1,2607.04690v1
arxiv-2607.04692.pdf,arxiv,1163629,42,false,false,false,false,fd8555f40f71f27da751ddb5b679979e1ed6f854060083680ecdfe6c9ddbff58,https://arxiv.org/abs/2607.04692v1,2607.04692v1
arxiv-2607.04696.pdf,arxiv,1140814,10,false,false,false,false,32e3a8024c464bfa1754b932f3c1db546e5be81f389cf69f02e5398db2397078,https://arxiv.org/abs/2607.04696v1,2607.04696v1
arxiv-2607.04699.pdf,arxiv,5636545,25,false,false,false,false,278b2ce08ed2e74d4458d994411300a3cebb1daf2dd17fb30d8949bbf911ed75,https://arxiv.org/abs/2607.04699v1,2607.04699v1
arxiv-2607.04705.pdf,arxiv,520096,10,false,false,false,false,c121756ccc6def70ef53178ba1065edf822477e18e42aade79725c002dd2a000,https://arxiv.org/abs/2607.04705v1,2607.04705v1
arxiv-2607.04707.pdf,arxiv,413223,17,false,false,false,false,8d128a089e20f66d4612bfee286e93145d97c71381d4a303ec74084da2d18a4a,https://arxiv.org/abs/2607.04707v1,2607.04707v1
arxiv-2607.04709.pdf,arxiv,15892490,27,false,false,false,false,f833230ef31e3d6c32785c568127331bf741f08a85283fe4853b3d1647316435,https://arxiv.org/abs/2607.04709v1,2607.04709v1
arxiv-2607.04711.pdf,arxiv,2618542,29,false,false,false,false,88469b39a6160ba450c97318e763a810a2a15013297c9662eb9b8e69834e5211,https://arxiv.org/abs/2607.04711v1,2607.04711v1
arxiv-2607.04712.pdf,arxiv,551267,25,false,false,false,false,5c322bad3c158a08879ca6b3c1b987545f1007d64ee63bd7cdd4fda47b66f974,https://arxiv.org/abs/2607.04712v1,2607.04712v1
arxiv-2607.04722.pdf,arxiv,2815070,28,false,false,false,false,f0cd7f8811af147b828f0a3bab76b33e5e68077b00ac44a92598d3e3150b3def,https://arxiv.org/abs/2607.04722v1,2607.04722v1
arxiv-2607.04726.pdf,arxiv,2485727,21,false,false,false,false,a5a10cfe91970fbe92a83629899344c4bf56935280fc3b40cd91596bbeab802c,https://arxiv.org/abs/2607.04726v1,2607.04726v1
arxiv-2607.04727.pdf,arxiv,6274914,37,false,false,false,false,ca4040905a71735aa59cfdfe981bb099240ad3d0116e16602680e3d7f8de90ef,https://arxiv.org/abs/2607.04727v1,2607.04727v1
arxiv-2607.04728.pdf,arxiv,3190948,23,false,false,false,false,df38e0c980d0a9f03c30656b4ddb1fd6d14d0811e574e00ba5907cd1d452dbac,https://arxiv.org/abs/2607.04728v1,2607.04728v1
arxiv-2607.04730.pdf,arxiv,293935,12,false,false,false,false,886a917076f654a3d24bd8e8ff70113a21503284233a996cde4f2c2781012d54,https://arxiv.org/abs/2607.04730v1,2607.04730v1
arxiv-2607.04731.pdf,arxiv,2111632,16,false,false,false,false,99621690a3f50a6369d3bed11faff105038baf56e4ef0abf40a869e5580eeef0,https://arxiv.org/abs/2607.04731v1,2607.04731v1
arxiv-2607.04732.pdf,arxiv,7622029,17,false,false,false,false,3fdf4d3f42ff766a8c1ead17a25732244aba046e5fc284976286d3c1112f23ba,https://arxiv.org/abs/2607.04732v1,2607.04732v1
arxiv-2607.04733.pdf,arxiv,13761049,21,false,false,false,false,d6b95981ad7d50f7944f06f6f1a7e3eebd9d76f9d6223b7c4726ff1253d75e55,https://arxiv.org/abs/2607.04733v1,2607.04733v1
arxiv-2607.04740.pdf,arxiv,4639787,19,false,false,false,false,7045c4221f05a363be81a160dd79a1f35ea9de9e1fdeb6c6a1b63a882ba138c9,https://arxiv.org/abs/2607.04740v1,2607.04740v1
arxiv-2607.04741.pdf,arxiv,5192268,13,false,false,false,false,967749493e05172f214f95326e4917ee53f04d06e32500fe17ec1e06fa41571b,https://arxiv.org/abs/2607.04741v1,2607.04741v1
arxiv-2607.04743.pdf,arxiv,1014664,72,false,false,false,false,dd8a3fc13362eab2df76f73933f0d04db05bca00eea29ec177c9928b595c65e9,https://arxiv.org/abs/2607.04743v1,2607.04743v1
arxiv-2607.04745.pdf,arxiv,1950025,11,false,false,false,false,ec0da2ea10e661f0f9da3a0fcd2f31ac1bed9cd48cfe0922d006bdffcde3d2a5,https://arxiv.org/abs/2607.04745v1,2607.04745v1
arxiv-2607.04747.pdf,arxiv,1316725,10,false,false,false,false,9b283b35fb8c2794898dc92cde01ac1fe555064d378cc0973b2423ad93243c34,https://arxiv.org/abs/2607.04747v1,2607.04747v1
arxiv-2607.04750.pdf,arxiv,13560561,30,false,false,false,false,8cfaa54316966b3a664d00fd6fd699b3f217eef2dcfad87ac81560a476f17ac3,https://arxiv.org/abs/2607.04750v1,2607.04750v1
arxiv-2607.04755.pdf,arxiv,1057874,11,false,false,false,false,4c0c6a3769fdfe27267233169cd3669de367bb5a5addd599ace4b9fbf4c62ecf,https://arxiv.org/abs/2607.04755v1,2607.04755v1
arxiv-2607.04759.pdf,arxiv,356209,19,false,false,false,false,8ec610dd20e0b7f6c91529665b92f6e2e631d0c6738920eb6237e94520dc424d,https://arxiv.org/abs/2607.04759v1,2607.04759v1
arxiv-2607.04763.pdf,arxiv,1095193,24,false,false,false,false,a206fbb04c635b462750a488fd6fa782e467a994dfbade2faab2349336e25961,https://arxiv.org/abs/2607.04763v1,2607.04763v1
arxiv-2607.04764.pdf,arxiv,257812,6,false,false,false,false,00c2b0370d45b91666b2a6e7a918273cb0a403bcd565b1f0eeec01b545b1b007,https://arxiv.org/abs/2607.04764v1,2607.04764v1
arxiv-2607.04779.pdf,arxiv,3488981,19,false,false,false,false,a745108520bdd0ec283d4f13e3ff0887811800914111ed8f6b558b601ec6fe08,https://arxiv.org/abs/2607.04779v1,2607.04779v1
arxiv-2607.04788.pdf,arxiv,638327,17,false,false,false,false,aa12d0ef3903df8c6d272b8e4f0d6736d73a232eaa5369a1daaae7fa1dbca345,https://arxiv.org/abs/2607.04788v1,2607.04788v1
arxiv-2607.04790.pdf,arxiv,1869197,15,false,false,false,false,e916ea2fc6d9aae9273bc1a40250c5830ce9d2d72498585a7e3477896d37b592,https://arxiv.org/abs/2607.04790v1,2607.04790v1
arxiv-2607.04797.pdf,arxiv,12059796,24,false,false,false,false,1cccacc50a04860ca4f29660e3f4de80b5e96ff51f7722a8687d9c97dfefe6cf,https://arxiv.org/abs/2607.04797v1,2607.04797v1
arxiv-2607.04801.pdf,arxiv,8733440,19,false,false,false,false,9f7f5ff2e2d2f5a468f63c3e8013febfeb5067f911b1e0b96e03c1c937611679,https://arxiv.org/abs/2607.04801v1,2607.04801v1
arxiv-2607.04810.pdf,arxiv,425953,18,false,false,false,false,fe762ab7b6eeac63f97cf5e7480afa34424154b71756b4d0382e924524168ec0,https://arxiv.org/abs/2607.04810v1,2607.04810v1
arxiv-2607.04811.pdf,arxiv,10878481,8,false,false,false,false,6c9c2bd08cd6d70db5391c1c8ae2bb9ecbdc695e0d46b2654a630a1a02f94058,https://arxiv.org/abs/2607.04811v1,2607.04811v1
arxiv-2607.04812.pdf,arxiv,29651187,11,false,false,false,false,3107ad0344b2bd3d7b9dfe631af1704087032d6e684d304251e74b11181a0cf5,https://arxiv.org/abs/2607.04812v1,2607.04812v1
arxiv-2607.04814.pdf,arxiv,2508154,16,false,false,false,false,6da95216ef03be9f6ca31bfe06a9456f6be0e79ebd9f6066bf86bd60064e909a,https://arxiv.org/abs/2607.04814v1,2607.04814v1
arxiv-2607.04822.pdf,arxiv,2331143,25,false,false,false,false,6a493c36df4c0c3c54b96b09af58bb0123832ba0bcfbbec2f8fc57891614d72c,https://arxiv.org/abs/2607.04822v1,2607.04822v1
arxiv-2607.04831.pdf,arxiv,318024,6,false,false,false,false,01400809f650c95903c35c09ef56fc3a71a7ef97667befb0e960d018e2cbb87d,https://arxiv.org/abs/2607.04831v1,2607.04831v1
arxiv-2607.04832.pdf,arxiv,3445563,18,false,false,false,false,9874c98cc3bef1fe72784e92bc7a4dcbfff7968621f3bf6c1d2bac48009ff441,https://arxiv.org/abs/2607.04832v1,2607.04832v1
arxiv-2607.04833.pdf,arxiv,2514120,15,false,false,false,false,69004bb8d71a2d27df32dde41e69474be1d515fe2089bcaa76bf27a4ba4753dd,https://arxiv.org/abs/2607.04833v1,2607.04833v1
arxiv-2607.04839.pdf,arxiv,4088531,6,false,false,false,false,2631f829d0bfe1dd29d283ebcf0df5967e8def8e0a4a3dfd2789c35e6dd1386c,https://arxiv.org/abs/2607.04839v1,2607.04839v1
arxiv-2607.04843.pdf,arxiv,474262,22,false,false,false,false,5cd44fe7a8a122201175840108425bac6b193962f4568947f237368aa358d565,https://arxiv.org/abs/2607.04843v1,2607.04843v1
arxiv-2607.04860.pdf,arxiv,3564958,21,false,false,false,false,27338cca643fc9e688871ee1db67c657a8bf206111ca6719ff47a25711eb21a2,https://arxiv.org/abs/2607.04860v1,2607.04860v1
arxiv-2607.04863.pdf,arxiv,690560,14,false,false,false,false,832d7650186d475db2801166b0b4693240806b491ce0a604657fdf9f83e739f5,https://arxiv.org/abs/2607.04863v1,2607.04863v1
arxiv-2607.04870.pdf,arxiv,15583752,69,false,false,true,false,fd80f5a81a0f5b0eebc965269691d5ec1c062cb7b8a4676a5ca20ea596012f38,https://arxiv.org/abs/2607.04870v1,2607.04870v1
arxiv-2607.04872.pdf,arxiv,9869529,25,false,false,false,false,58baccfac07e4f7f1ba453ba4205ce6fc4ee3f84cfa1aab58cc47e8b8eee965b,https://arxiv.org/abs/2607.04872v1,2607.04872v1
arxiv-2607.04877.pdf,arxiv,2630632,31,false,false,true,false,853a302024b9566debe7aae710b4b425086b23c73fb6fe74fbfbb2655e7311b8,https://arxiv.org/abs/2607.04877v1,2607.04877v1
arxiv-2607.04882.pdf,arxiv,2288537,7,false,false,false,false,042a484fbace57830d567aad5b944b36313bfbc13ea65ecbb4b1ea976453a546,https://arxiv.org/abs/2607.04882v1,2607.04882v1
arxiv-2607.04883.pdf,arxiv,2463020,12,false,false,false,false,d8c52299bb9ca055f70ff4c148f4227ac17e27aba3e2c3110266db036a90b07c,https://arxiv.org/abs/2607.04883v1,2607.04883v1
arxiv-2607.04884.pdf,arxiv,6917181,26,false,false,false,false,3ccdf1afc3de2942920048e0f1b78fec6fb48a548186fa01b4c32567d891bbe8,https://arxiv.org/abs/2607.04884v1,2607.04884v1
arxiv-2607.04890.pdf,arxiv,1467157,25,false,false,false,false,eaa03f9c1fdb84a1a1e07591428e71c1ef82941c17e87664a69e8ad7ca6b7e9b,https://arxiv.org/abs/2607.04890v1,2607.04890v1
arxiv-2607.04891.pdf,arxiv,373866,4,false,false,false,false,4bbb7b89f171af418bcb380fd3f8cbe192bfc68ec06194c69b307976e3dbd643,https://arxiv.org/abs/2607.04891v1,2607.04891v1
arxiv-2607.04894.pdf,arxiv,22014218,32,false,false,false,false,03dcf4cc160d5679b8d2489df18171576798180d917b37c4c1bdaae90efad7e1,https://arxiv.org/abs/2607.04894v1,2607.04894v1
arxiv-2607.04895.pdf,arxiv,341849,12,false,false,false,false,43bb6967465f96cada6d2b191996e0666f2fa4edfcb570c08733114403338ec1,https://arxiv.org/abs/2607.04895v1,2607.04895v1
arxiv-2607.04898.pdf,arxiv,4635912,27,false,false,false,false,6f5f8debad428dde984446c21ccdec6cd87127d96259063cccefc275d29303b8,https://arxiv.org/abs/2607.04898v1,2607.04898v1
arxiv-2607.04900.pdf,arxiv,941203,76,false,false,false,false,5c398f61a2ce611adfba17da27e0ecaf98bbc8efab615b883ffb7ed0955ae2bf,https://arxiv.org/abs/2607.04900v1,2607.04900v1
arxiv-2607.04901.pdf,arxiv,1925454,16,false,false,false,false,f93cded5ddbb3091e0c308b352bf66c47de80f3ae0a379246ca399ce31ac77aa,https://arxiv.org/abs/2607.04901v1,2607.04901v1
arxiv-2607.04911.pdf,arxiv,604656,13,false,false,true,false,cd35e767cd9dd40cc5911c8836cc246ed5d788399f9b73880f0822e63508f6e6,https://arxiv.org/abs/2607.04911v1,2607.04911v1
arxiv-2607.04912.pdf,arxiv,821615,11,false,false,false,false,5860314c53ef89af0815edce1410e21c1126cd4efe7ea61cf1585ce76221512d,https://arxiv.org/abs/2607.04912v1,2607.04912v1
arxiv-2607.04916.pdf,arxiv,22421127,166,false,false,false,false,2f5ec6be74b6289874cc608ce2e479079d4a49a0bd381fa744ce85925158681a,https://arxiv.org/abs/2607.04916v1,2607.04916v1
arxiv-2607.04919.pdf,arxiv,517762,10,false,false,false,false,697d9a6e6ab7bd65d91670a13cae4629d6733aa3c1f6bee0d2af7c07ddb0f13b,https://arxiv.org/abs/2607.04919v1,2607.04919v1
arxiv-2607.04920.pdf,arxiv,2765021,17,false,false,false,false,c697d6a5fb64b09914a42271d2f68f4a4ee52f3b9d7fc10f90f38e5a1ca4ceb6,https://arxiv.org/abs/2607.04920v1,2607.04920v1
arxiv-2607.04921.pdf,arxiv,634871,11,false,false,true,false,f7e04012f34238bada6d138e97a4511296386e09699b35840a5e0899866fe225,https://arxiv.org/abs/2607.04921v1,2607.04921v1
arxiv-2607.04923.pdf,arxiv,5517795,11,false,false,false,false,c7f0d6843cb09062fb62199f887e10d308541b446c1c3879b604fb87d6bc6854,https://arxiv.org/abs/2607.04923v1,2607.04923v1
arxiv-2607.04926.pdf,arxiv,909623,16,false,false,false,false,c8cdf4fe9acb0dca105505b6de2a068aff7f34cf38a523eae73e8d9b8f240700,https://arxiv.org/abs/2607.04926v1,2607.04926v1
arxiv-2607.04930.pdf,arxiv,1991058,18,false,false,false,false,65bfb834753da45bc6a10308d54a7e2b9b3f9714f6e4f9c42a0fb3a9ad1f6451,https://arxiv.org/abs/2607.04930v1,2607.04930v1
arxiv-2607.04931.pdf,arxiv,478839,14,false,false,false,false,efcb02569b4a99fb4e4faf6735d17953ededb43f268d954be124ad8df3535105,https://arxiv.org/abs/2607.04931v1,2607.04931v1
arxiv-2607.04934.pdf,arxiv,895126,8,false,false,false,false,f2161d7c86a91279a6b142cd2c1a713a784c2b376dc83730369b26599a223b73,https://arxiv.org/abs/2607.04934v1,2607.04934v1
arxiv-2607.04936.pdf,arxiv,707531,15,false,false,false,false,1a274da794a2ff9f05860be2d755dd88e38e2845cda08b1e386ac86e25fbfe9e,https://arxiv.org/abs/2607.04936v1,2607.04936v1
arxiv-2607.04941.pdf,arxiv,246406,4,false,false,false,false,6f9eac506fe8cdbf8ae169e2373ad37b904beb7e09ea2f43d3bfd9c8ba9d3124,https://arxiv.org/abs/2607.04941v1,2607.04941v1
arxiv-2607.04942.pdf,arxiv,7895286,14,false,false,false,false,d79f2bef40913148e3c239e45847f0dc94df93dc02c9156ad0c2260a5aea77ff,https://arxiv.org/abs/2607.04942v1,2607.04942v1
arxiv-2607.04943.pdf,arxiv,418332,33,false,false,false,false,ecdeec3a5568e8a880ca8df5f4bcfe8672f7f56582405566c5159cd96d80946b,https://arxiv.org/abs/2607.04943v1,2607.04943v1
arxiv-2607.04945.pdf,arxiv,389514,17,false,false,false,false,e479fd420ba48cc0b9a55fccbd386940606f025e88c336b363224c4a309292ff,https://arxiv.org/abs/2607.04945v1,2607.04945v1
arxiv-2607.04949.pdf,arxiv,3268337,52,false,false,false,false,e4b08b58c85708f0d510b97d98db79b28d9978d225b62df61de68ad1f3fa9202,https://arxiv.org/abs/2607.04949v1,2607.04949v1
arxiv-2607.04951.pdf,arxiv,1439118,15,false,false,false,false,505fc9692ebafb2a99fe120f65cbf4bc3ab04b0effc8b959136f87b555342dd1,https://arxiv.org/abs/2607.04951v1,2607.04951v1
arxiv-2607.04955.pdf,arxiv,5036231,17,false,false,false,false,9c384ed0f0e1ec88119685d56314d17c014c9dde748183e41c114f9ced967b1c,https://arxiv.org/abs/2607.04955v1,2607.04955v1
arxiv-2607.04957.pdf,arxiv,592111,34,false,false,false,false,d690fbfde7233b01a34f75e7218f0ad7bdf6564460ea222391167535530b2638,https://arxiv.org/abs/2607.04957v1,2607.04957v1
arxiv-2607.04959.pdf,arxiv,585620,11,false,false,false,false,bbe6d35c4528e607ba705546c8a3ed333bd44421cb1da17304e95e07e4a7707e,https://arxiv.org/abs/2607.04959v1,2607.04959v1
arxiv-2607.04962.pdf,arxiv,328443,11,false,false,false,false,d955ddd66868a9aea81d0e0d1fda126106a01fc4feaa5644b547152a4e71781f,https://arxiv.org/abs/2607.04962v1,2607.04962v1
arxiv-2607.04969.pdf,arxiv,1262497,12,false,false,false,false,2608d37f95e1ea749789ea7f63e350bf4717f172738e1405439610188950e8f3,https://arxiv.org/abs/2607.04969v1,2607.04969v1
arxiv-2607.04975.pdf,arxiv,4739140,29,false,false,false,false,ad95909c8d09f846e8ddfd1daa9bb3a57c1da586c173df8ee63acca3d0295713,https://arxiv.org/abs/2607.04975v1,2607.04975v1
arxiv-2607.04976.pdf,arxiv,8148677,91,false,false,true,false,bd31773d24543b5e0dd62b9f72fd74b7649df80298883ee1ac25bb8c0dca777b,https://arxiv.org/abs/2607.04976v1,2607.04976v1
arxiv-2607.04977.pdf,arxiv,2499364,22,false,false,false,false,b00d7eea26dbbaab2b108a9b81d04a16b207ce37c6a913e281044589574e7943,https://arxiv.org/abs/2607.04977v1,2607.04977v1
arxiv-2607.04978.pdf,arxiv,2760640,16,false,false,false,false,308d78dc2d3439f53a2a752ad584756e138654b7ef8a6590aca4eb60cd3fae12,https://arxiv.org/abs/2607.04978v1,2607.04978v1
arxiv-2607.04982.pdf,arxiv,13685942,16,false,false,false,false,65150defb81cbea75fd1ec6052b1baab0a00c1766a7199c1d2844506c612d45a,https://arxiv.org/abs/2607.04982v1,2607.04982v1
arxiv-2607.04983.pdf,arxiv,322038,15,false,false,false,false,90e1311de0495e8d3783a21a34edb8da4d40f75914f648c19d5902e833d4baf9,https://arxiv.org/abs/2607.04983v1,2607.04983v1
arxiv-2607.04984.pdf,arxiv,4896908,24,false,false,false,false,30bdf48a07c8bf949f707b4225c5c1b127071831fe3828e2b373d42aa8744869,https://arxiv.org/abs/2607.04984v1,2607.04984v1
arxiv-2607.04985.pdf,arxiv,557054,6,false,false,false,false,a56a769df82981c38eb3ab0101b3922c6b9352db8ce7916e4486912fa552029c,https://arxiv.org/abs/2607.04985v1,2607.04985v1
arxiv-2607.04986.pdf,arxiv,620596,33,false,false,true,false,1adfe7d4cc581cfd61c837c497c380a5f3bed4606e84ba329226d1c7530f0574,https://arxiv.org/abs/2607.04986v1,2607.04986v1
arxiv-2607.04987.pdf,arxiv,1686472,50,false,false,false,false,8031db82b2de86fd42f87bbf8802cb518e69238388e333cb969a263330be167d,https://arxiv.org/abs/2607.04987v1,2607.04987v1
arxiv-2607.04990.pdf,arxiv,595194,17,false,false,false,false,1bde47e3d768ddc86f61b5e7de0cb9a0c71e7803f168fd602693647cb0cb1777,https://arxiv.org/abs/2607.04990v1,2607.04990v1
arxiv-2607.04993.pdf,arxiv,3166866,72,false,false,false,false,5528efcd4eb382c99799c73d649fb5a002cb7753b3ab9e58f8d437a9831f7da3,https://arxiv.org/abs/2607.04993v1,2607.04993v1
arxiv-2607.04997.pdf,arxiv,428488,25,false,false,false,false,d1320e1539624af994cd8c67a1905dc6a764afeff7b2575842c57d442703cd87,https://arxiv.org/abs/2607.04997v1,2607.04997v1
arxiv-2607.05000.pdf,arxiv,1225213,6,false,false,false,false,3e6081a1d1c41df85661ad0aaad0406b14d57c0cf0caadd84d426ecf0861688c,https://arxiv.org/abs/2607.05000v1,2607.05000v1
arxiv-2607.05001.pdf,arxiv,893620,20,false,false,false,false,4c91db3117d6bc29c31dfa7a3c1bf0056fe6c995858d6b0eb714f4424e93b8e2,https://arxiv.org/abs/2607.05001v1,2607.05001v1
arxiv-2607.05005.pdf,arxiv,2622864,28,false,false,true,false,ab8b645b5ce24c6170e24447cea4c58e0d1b5cb00ef1cfad613d927c67182ca7,https://arxiv.org/abs/2607.05005v1,2607.05005v1
arxiv-2607.05008.pdf,arxiv,2028313,17,false,false,false,false,1aab1b9a072ead4f0484e1771ad129d665a099671487740621906875ec79f8a4,https://arxiv.org/abs/2607.05008v1,2607.05008v1
arxiv-2607.05009.pdf,arxiv,14812047,23,false,false,false,false,6b667585098489cad9b37cbe3f068d1db7e50a31f69ba592613df7579625c703,https://arxiv.org/abs/2607.05009v1,2607.05009v1
arxiv-2607.05013.pdf,arxiv,1438373,14,false,false,false,false,426aeb35e0feb1e755798d5bb85e4965d57df457d0d4acb27b326e7297bca205,https://arxiv.org/abs/2607.05013v1,2607.05013v1
arxiv-2607.05017.pdf,arxiv,604807,24,false,false,false,false,83b631766b742d00f178a6e075b9398338196c12a55edcfe803c20e7e1bd7a88,https://arxiv.org/abs/2607.05017v1,2607.05017v1
arxiv-2607.05019.pdf,arxiv,2742748,39,false,false,false,false,2bac576dbda8d32f4a2c5d99cedaa9a5ae3ac799a8aebf467f8ccc18a68e5872,https://arxiv.org/abs/2607.05019v1,2607.05019v1
arxiv-2607.05025.pdf,arxiv,7550780,27,false,false,false,false,1b2c0c4e314838573d842d858a5beaaafb59d7796b9e42ca7ec463b1ee4532b1,https://arxiv.org/abs/2607.05025v1,2607.05025v1
arxiv-2607.05032.pdf,arxiv,2799545,61,false,false,true,false,fc57c573b262e638a418f306323d691ad9d7c1a6e43358a00f3c9ba11984567d,https://arxiv.org/abs/2607.05032v1,2607.05032v1
arxiv-2607.05035.pdf,arxiv,2579333,9,false,false,false,false,72149ad4be31fc6b63300565913aecf506121cc4139def844a650c16ede01060,https://arxiv.org/abs/2607.05035v1,2607.05035v1
arxiv-2607.05037.pdf,arxiv,15389864,12,false,false,false,false,fc8e145d5390fed94e21b80b8a1cfc441508dc3a1eb41ad40c94c59a7fe195cf,https://arxiv.org/abs/2607.05037v1,2607.05037v1
arxiv-2607.05046.pdf,arxiv,1588999,33,false,false,false,false,09e138e0442a32dd1e2089b9dea5c25edf2f56fe350465c01d3739fb5b80e8c5,https://arxiv.org/abs/2607.05046v1,2607.05046v1
arxiv-2607.05048.pdf,arxiv,2130276,25,false,false,false,false,69e84d3f64fd535403e47f2e76e1b8b2ab1bb5d2924e6e6d44160815d40eabe7,https://arxiv.org/abs/2607.05048v1,2607.05048v1
arxiv-2607.05052.pdf,arxiv,379311,17,false,false,false,false,b4fbd8bdd825a87f4759436e7cb8296a8492fecc6fbd63730aeb8f4b297e10bc,https://arxiv.org/abs/2607.05052v1,2607.05052v1
arxiv-2607.05054.pdf,arxiv,1418577,16,false,false,false,false,0fb542036ade9067c27c1607ea1e79447a1f8163e3a9218947d57aafec238275,https://arxiv.org/abs/2607.05054v1,2607.05054v1
arxiv-2607.05056.pdf,arxiv,2446448,9,false,false,false,false,a29b8476ef1be4f336329f89c0f9dae8cfb94862d1363c7258784889aa6eae14,https://arxiv.org/abs/2607.05056v1,2607.05056v1
arxiv-2607.05061.pdf,arxiv,7498017,28,false,false,false,false,b346041c96a4b375f1f32b765f98076b2fa5f2b0ae61f5f738d1b2ea3dc13a75,https://arxiv.org/abs/2607.05061v1,2607.05061v1
arxiv-2607.05069.pdf,arxiv,2428864,19,false,false,false,false,589c51b7e1c2f502e16511d97e2941c5daad6c3b624a0f15e31af225e5936dfa,https://arxiv.org/abs/2607.05069v1,2607.05069v1
arxiv-2607.05077.pdf,arxiv,14038893,18,false,false,false,false,820a272649f7831844ce20636837d47b61aeceadea80d7da57e73c933e8066e2,https://arxiv.org/abs/2607.05077v1,2607.05077v1
arxiv-2607.05078.pdf,arxiv,636205,19,false,false,false,false,c7450d11f035fd6c029bdde21a779f6317a3f06aede170fbd18ce4029d382fa0,https://arxiv.org/abs/2607.05078v1,2607.05078v1
arxiv-2607.05081.pdf,arxiv,2934810,16,false,false,false,false,cbc88f63b4f45c610aaffc7a8b4070232040aebef5be8253d70ca8c78e34a983,https://arxiv.org/abs/2607.05081v1,2607.05081v1
arxiv-2607.05087.pdf,arxiv,2773881,18,false,false,false,false,776ffe71ed675d2a48e8b1d3595e0ae14d7ff0b1da37e85530318300eed58a76,https://arxiv.org/abs/2607.05087v1,2607.05087v1
arxiv-2607.05088.pdf,arxiv,18733297,18,false,false,false,false,7c99c19497606a3e937f620b235842f05a1ef391887834e3daf8101243d5cfef,https://arxiv.org/abs/2607.05088v1,2607.05088v1
arxiv-2607.05089.pdf,arxiv,6542209,26,false,false,false,false,709757b332555d005ca7b8d3b09f501bd1ab43f47add157cf872444076078607,https://arxiv.org/abs/2607.05089v1,2607.05089v1
arxiv-2607.05090.pdf,arxiv,2332239,10,false,false,false,false,493cb5e51178f99e54a9b90613eaa31fcb78a8eaec6dcce7c15a2d6b8bda5ee4,https://arxiv.org/abs/2607.05090v1,2607.05090v1
arxiv-2607.05093.pdf,arxiv,1493705,8,false,false,false,false,083e0bca65c5d552e455f6fc5732e2165c49499e325f701715e9174a87ac1596,https://arxiv.org/abs/2607.05093v1,2607.05093v1
arxiv-2607.05095.pdf,arxiv,3198339,11,false,false,false,false,f46df09f7e5a73bf32fb82b88d2e4f1f5e506f3c97d6fd4988b77898ae04cbe4,https://arxiv.org/abs/2607.05095v1,2607.05095v1
arxiv-2607.05096.pdf,arxiv,909849,36,false,false,false,false,f12c76eb3a40915f30a2afc86baaf1555ef0b98c84277b170141e77285fc888e,https://arxiv.org/abs/2607.05096v1,2607.05096v1
arxiv-2607.05097.pdf,arxiv,732399,38,false,false,false,false,37f069ffba3f62c4aa3cae8f4593d35362318e0922e2d6909f25ea8ba37ab199,https://arxiv.org/abs/2607.05097v1,2607.05097v1
arxiv-2607.05098.pdf,arxiv,2664819,16,false,false,false,false,396d4df7eca8894d37eb55febfd28078f235a4bc276adb48814897c67115502c,https://arxiv.org/abs/2607.05098v1,2607.05098v1
arxiv-2607.05101.pdf,arxiv,283719,16,false,false,false,false,e5e5739fc2e81d3c0f5c19e715536b72d84f8c60acaf45c0ad1a98d637018908,https://arxiv.org/abs/2607.05101v1,2607.05101v1
arxiv-2607.05103.pdf,arxiv,244935,17,false,false,false,false,8ed5cc9e6d0c5c27d1f86d450d1b549c657102bc4c865ab41d76c18f36069cef,https://arxiv.org/abs/2607.05103v1,2607.05103v1
arxiv-2607.05104.pdf,arxiv,514471,14,false,false,false,false,46f8b8cbc8a7c310674acc236567ec8037336dafc817425623140915cdba7a95,https://arxiv.org/abs/2607.05104v1,2607.05104v1
arxiv-2607.05113.pdf,arxiv,10611590,27,false,false,false,false,c88f60fb212887da7601f31b866c2b833350abbe7108f0ebaa64344d89634bc8,https://arxiv.org/abs/2607.05113v1,2607.05113v1
arxiv-2607.05114.pdf,arxiv,737591,22,false,false,false,false,3a8935b59e0521cfc19742df3d426475a71931bd990ba19682142a4462bc555b,https://arxiv.org/abs/2607.05114v1,2607.05114v1
arxiv-2607.05117.pdf,arxiv,779706,37,false,false,false,false,44572f3620b911ba3d23358bd8910368ff793be425cd7e937bace1dfd406e38d,https://arxiv.org/abs/2607.05117v1,2607.05117v1
arxiv-2607.05122.pdf,arxiv,2720610,7,false,false,false,false,7e17f748215a1212f7b21d67798bde39d4d18654b68e6460a03a7ce6620c0237,https://arxiv.org/abs/2607.05122v1,2607.05122v1
arxiv-2607.05123.pdf,arxiv,16215585,26,false,false,false,false,4b022d76d3d9fff722121a1af46614de800dc5c540147eea4f91490a2bb611c2,https://arxiv.org/abs/2607.05123v1,2607.05123v1
arxiv-2607.05127.pdf,arxiv,12656369,27,false,false,false,false,6126e9e4b3d1409e1dbcbbd4b056245310030e7f1a916a599c833a2e4ce6368e,https://arxiv.org/abs/2607.05127v1,2607.05127v1
arxiv-2607.05129.pdf,arxiv,880894,18,false,false,true,false,8e928b658ec5a60fa6d1d8c304e6c98bf7930730c01559ba21ac3202e9bf185b,https://arxiv.org/abs/2607.05129v1,2607.05129v1
arxiv-2607.05132.pdf,arxiv,2180277,28,false,false,false,false,624410a358bcdd4d9c446aa15ee21ae7489e69f69ee888c7c5fdfd02af42d6df,https://arxiv.org/abs/2607.05132v1,2607.05132v1
arxiv-2607.05133.pdf,arxiv,3569867,18,false,false,false,false,bc84493af7a2b719598f370d13d99a59e1d92e44bc6b27876be423305004ec5e,https://arxiv.org/abs/2607.05133v1,2607.05133v1
arxiv-2607.05134.pdf,arxiv,13884587,39,false,false,false,false,c4a3e07ae6c1f34099ecc3f9e4189e622e6eb2d337d5679a36689d8795c76ecf,https://arxiv.org/abs/2607.05134v1,2607.05134v1
arxiv-2607.05138.pdf,arxiv,359667,9,false,false,false,false,4b515cc4da4b6618209e78b0ce17cebc7701fe670cf5f10cf655c67b3d9a6f8f,https://arxiv.org/abs/2607.05138v1,2607.05138v1
arxiv-2607.05142.pdf,arxiv,886176,4,false,false,false,false,e60d1955715f808a1a73621483133ae3151cfd902ea5fc30969e33f3e67d9cfb,https://arxiv.org/abs/2607.05142v1,2607.05142v1
arxiv-2607.05147.pdf,arxiv,1055890,33,false,false,false,false,522036b0cc16ad4678bd7c278dd0a0ab4da31170af7b97c2041067cc09a8289a,https://arxiv.org/abs/2607.05147v1,2607.05147v1
arxiv-2607.05148.pdf,arxiv,5276492,20,false,false,false,false,d3bd55f5a9d73dc72496f2431c9b96359278e517e58e19090bf2f20e1d0f6274,https://arxiv.org/abs/2607.05148v1,2607.05148v1
arxiv-2607.05150.pdf,arxiv,6083825,22,false,false,false,false,28f30056748a95d661ede28e60d5166d50f7604188bf5331422c08c3ab43a523,https://arxiv.org/abs/2607.05150v1,2607.05150v1
arxiv-2607.05153.pdf,arxiv,1676965,43,false,false,false,false,47bd66f374ca9be237fc367f1eff763ba34023a388808341cd65931c7aba3fdc,https://arxiv.org/abs/2607.05153v1,2607.05153v1
arxiv-2607.05155.pdf,arxiv,7513067,79,false,false,false,false,cd210b1d5409b77b397e1866146a9acafc6b505acabcee1fb4c034ffdbf5db54,https://arxiv.org/abs/2607.05155v1,2607.05155v1
arxiv-2607.05156.pdf,arxiv,7717867,29,false,false,false,false,b289a00f48c2c26395c1437a7b2779544929ae41fb10d2e115ef20b2b8ecdd7d,https://arxiv.org/abs/2607.05156v1,2607.05156v1
arxiv-2607.05165.pdf,arxiv,2042312,18,false,false,false,false,6c08eb3afe85a254853dc41b3a874f871d9a3957f8df1c6c29c7c86cfe4171c0,https://arxiv.org/abs/2607.05165v1,2607.05165v1
arxiv-2607.05167.pdf,arxiv,4108861,76,false,false,false,false,a55cd5652c262c7f592724642f22aa18819ddd1ef462a44803085d8b016ef4f5,https://arxiv.org/abs/2607.05167v1,2607.05167v1
arxiv-2607.05170.pdf,arxiv,587509,25,false,false,false,false,d8b0a9f0eb56b11c3fd6fcd34ada907d3ad91fa01a3d1501ab8750b79df836b5,https://arxiv.org/abs/2607.05170v1,2607.05170v1
arxiv-2607.05171.pdf,arxiv,4485441,26,false,false,false,false,f61bf909f2f1275964bd00777be21a7504918942e9580a780bed5b433ed7fff8,https://arxiv.org/abs/2607.05171v1,2607.05171v1
arxiv-2607.05173.pdf,arxiv,533569,13,false,false,false,false,a126fe04d3d4431e06c872da6b9c7bec1b9eb1aeaf72ac6fceea8565c305c0ac,https://arxiv.org/abs/2607.05173v1,2607.05173v1
arxiv-2607.05175.pdf,arxiv,2171231,29,false,false,false,false,5a09f268b0bb61ea74a09c789cd87acf5921221990c5add3c05523f486c29fa6,https://arxiv.org/abs/2607.05175v1,2607.05175v1
arxiv-2607.05176.pdf,arxiv,11768782,23,false,false,false,false,7ffe635020a22183a893e24de4880b3e8982bae394cc9ea5c281f0d20891adeb,https://arxiv.org/abs/2607.05176v1,2607.05176v1
arxiv-2607.05179.pdf,arxiv,6243625,46,false,false,false,false,f88bf642999b90e6e80c10bfb6d064bf77a1f0331945bc227a95fba163def893,https://arxiv.org/abs/2607.05179v1,2607.05179v1
arxiv-2607.05180.pdf,arxiv,10192799,27,false,false,false,false,0ef25fd967477ff5732ea23b38ce1a736ccbe30893af1c2e96058ae29c89ab18,https://arxiv.org/abs/2607.05180v1,2607.05180v1
arxiv-2607.05184.pdf,arxiv,998744,31,false,false,false,false,1d033d088bb63e4266b98df5ddbfb37993ba6bd5bed77952d47b3a062a32a2d1,https://arxiv.org/abs/2607.05184v1,2607.05184v1
arxiv-2607.05187.pdf,arxiv,537544,13,false,false,true,false,402bc32a9676fb52a6ba483f13549fafdd7b00fc35a0a8729110c5f46571d065,https://arxiv.org/abs/2607.05187v1,2607.05187v1
arxiv-2607.05188.pdf,arxiv,1639042,24,false,false,false,false,a05aea54887712f35ca161db542c060c9e6f508311fe4ff4e4e068e618fe0ac6,https://arxiv.org/abs/2607.05188v1,2607.05188v1
arxiv-2607.05194.pdf,arxiv,1039239,18,false,false,false,false,c95bb70e93874f555297f3335aebf7dccc1f7814618fe8838b77e4cd7e0e1a92,https://arxiv.org/abs/2607.05194v1,2607.05194v1
arxiv-2607.05196.pdf,arxiv,932918,41,false,false,false,false,7666c9e8a6d96da23aee71993b8d3a6926743352cf81669cf898b60d32a087cd,https://arxiv.org/abs/2607.05196v1,2607.05196v1
arxiv-2607.05198.pdf,arxiv,636607,15,false,false,false,false,20c8747d2874425f3b113bd837b5576c976808693c1746f08f62617fa14cb7c0,https://arxiv.org/abs/2607.05198v1,2607.05198v1
arxiv-2607.05201.pdf,arxiv,229063,6,false,false,false,false,ec158441a266240528a9fcbfc9e7d9f3e38644e0c3e36925ca16d16ec659e92b,https://arxiv.org/abs/2607.05201v1,2607.05201v1
arxiv-2607.05204.pdf,arxiv,9714711,10,false,false,false,false,dec6798cc0c29b67b48310faf1a8029559da05c56f46b9dc8ab77fd9229d680c,https://arxiv.org/abs/2607.05204v1,2607.05204v1
arxiv-2607.05205.pdf,arxiv,8259400,6,false,false,false,false,6bc2065d9906aa1fe566af5b32b48e2c0f81d7018f072e201abebfa0f332831b,https://arxiv.org/abs/2607.05205v1,2607.05205v1
arxiv-2607.05207.pdf,arxiv,3918767,16,false,false,false,false,b6ffec829a2b1d59609846677ca0663a620b062834e32858eca0cc2f54dbe33c,https://arxiv.org/abs/2607.05207v1,2607.05207v1
arxiv-2607.05208.pdf,arxiv,6023674,21,false,false,false,false,37e9b4682a9d12fa53c7ad3d6972171ba06ad284d834fc51e288b8d9c1d5d7e4,https://arxiv.org/abs/2607.05208v1,2607.05208v1
arxiv-2607.05212.pdf,arxiv,487256,17,false,false,false,false,028866633e9132484ce204868013e5cec051d7b04283b991de8194e76b406736,https://arxiv.org/abs/2607.05212v1,2607.05212v1
arxiv-2607.05217.pdf,arxiv,673321,38,false,false,false,false,6cec51575f6dbc713697ee069ed1c0c93b6cff7e939b11f85167f694fb7eb841,https://arxiv.org/abs/2607.05217v1,2607.05217v1
arxiv-2607.05219.pdf,arxiv,540580,21,false,false,false,false,a337d24b429b1e4e7526275bd261c44fb12301260c2a09472750da8e41631826,https://arxiv.org/abs/2607.05219v1,2607.05219v1
arxiv-2607.05222.pdf,arxiv,3207559,5,false,false,false,false,e635bf15afe225021c373f5bde2fb6833f060f736027a3c261e53de2d3086d16,https://arxiv.org/abs/2607.05222v1,2607.05222v1
arxiv-2607.05224.pdf,arxiv,867358,5,false,false,false,false,001b5df98773606afcfc175fcac00d837a880a51d7a2e184ecd7fcfdd3c71456,https://arxiv.org/abs/2607.05224v1,2607.05224v1
arxiv-2607.05226.pdf,arxiv,759467,54,false,false,false,false,3517e7107b091704af9ea0962fd8d38faf7b8b013102e0e52af53fa65d838bcc,https://arxiv.org/abs/2607.05226v1,2607.05226v1
arxiv-2607.05229.pdf,arxiv,554682,21,false,false,false,false,d38c493c24ec0276ec65f99c3c2cbf1f31ef217d42a3bd8626832147a7c01792,https://arxiv.org/abs/2607.05229v1,2607.05229v1
arxiv-2607.05230.pdf,arxiv,6176377,29,false,false,false,false,2afe9dca4bc81394833a5508e3810a1d4db7f4b5a04ddb2ee72137e571d41438,https://arxiv.org/abs/2607.05230v1,2607.05230v1
arxiv-2607.05239.pdf,arxiv,1407277,26,false,false,false,false,e3c20223291a59be12826d1c5c917a53293d8ff464d3d4ab28010c6c75a4f162,https://arxiv.org/abs/2607.05239v1,2607.05239v1
arxiv-2607.05240.pdf,arxiv,433187,5,false,false,false,false,8a8f5bc3fcf3e4955ef052344de3aad3f459c5f70f6a16cee9e7172615ee6cf2,https://arxiv.org/abs/2607.05240v1,2607.05240v1
arxiv-2607.05242.pdf,arxiv,2008294,12,false,false,false,false,f9d18dc0dea138bfc43c918cb39ecde95584f0be71db31f8880824d393f311a6,https://arxiv.org/abs/2607.05242v1,2607.05242v1
arxiv-2607.05243.pdf,arxiv,6608180,15,false,false,false,false,e5e5cc18968dc9ab27c2211f98afea08d3376a4e4c0910c7b780f091f76720e9,https://arxiv.org/abs/2607.05243v1,2607.05243v1
arxiv-2607.05244.pdf,arxiv,9774633,21,false,false,false,false,49d2de675862e90ea7e2261f48c6961a1b77cdc6bbb07c779aad09fa012ac086,https://arxiv.org/abs/2607.05244v1,2607.05244v1
arxiv-2607.05246.pdf,arxiv,5410082,43,false,false,false,false,a368c921e685cdf56f435b95a956b059e85b52ef5b85bf6a156c4d4e33fbc8f4,https://arxiv.org/abs/2607.05246v1,2607.05246v1
arxiv-2607.05247.pdf,arxiv,12324500,31,false,false,false,false,e16e6e92f603942df05713634ed7b9c103eef4d11b3320a9eea5cfb1765d4b98,https://arxiv.org/abs/2607.05247v1,2607.05247v1
arxiv-2607.05248.pdf,arxiv,880221,36,false,false,false,false,c0deaf3325c3839020332ef1b88f49d687d4194786a3b62f6e1f697419c5725f,https://arxiv.org/abs/2607.05248v1,2607.05248v1
arxiv-2607.05250.pdf,arxiv,465902,15,false,false,false,false,de564c97e4d3581c9c048f084c6e633fb4dd6c2f9d9c9548caa770df51d76f9b,https://arxiv.org/abs/2607.05250v1,2607.05250v1
arxiv-2607.05251.pdf,arxiv,502209,20,false,false,false,false,956ef2c40e124332051e07f4da4d01dff2854c789af643951aaf84ed8bcbb5bd,https://arxiv.org/abs/2607.05251v1,2607.05251v1
arxiv-2607.05252.pdf,arxiv,8250193,22,false,false,false,false,8cf20810ca221d10dbb5b7a05322ae711205781cc51157b9372813cd53f4e9e5,https://arxiv.org/abs/2607.05252v1,2607.05252v1
arxiv-2607.05253.pdf,arxiv,2916885,14,false,false,false,false,ec449b38d7c27a4b56545dd3f831dd2c6be29962fc8760584a33fde005468289,https://arxiv.org/abs/2607.05253v1,2607.05253v1
arxiv-2607.05257.pdf,arxiv,4399500,23,false,false,false,false,e6d2a0aa251a6cd3dcbec805681ed2bfa4e14eb080482dee07a8bf6f18c6b725,https://arxiv.org/abs/2607.05257v1,2607.05257v1
arxiv-2607.05259.pdf,arxiv,751149,9,false,false,false,false,dadc3cffd98f57a58547392f14206baae76909237f3f73f3c1a9b606c17d4110,https://arxiv.org/abs/2607.05259v1,2607.05259v1
arxiv-2607.05260.pdf,arxiv,1019971,11,false,false,true,false,9bef8b9e9e0a263a70de5a6843d2df3e7d80db9a6d2252641f603f5e652aa6e7,https://arxiv.org/abs/2607.05260v1,2607.05260v1
arxiv-2607.05261.pdf,arxiv,17882135,36,false,false,false,false,b87c35ce9f0c778183000da258b31b76cb6c34ab78201663a65a0c436b915099,https://arxiv.org/abs/2607.05261v1,2607.05261v1
arxiv-2607.05263.pdf,arxiv,6266475,21,false,false,false,false,d3a57f49c857eb00e84e25a2ced21a8f5cdfeb8585bdccf7625fd6799267e361,https://arxiv.org/abs/2607.05263v1,2607.05263v1
arxiv-2607.05264.pdf,arxiv,6058208,40,false,false,false,false,a7afa3070c08e5dc031c5f18275eb9accfbcc62dd9613ae214ecca0ffb10b715,https://arxiv.org/abs/2607.05264v1,2607.05264v1
arxiv-2607.05268.pdf,arxiv,2191018,51,false,false,false,false,cdceab8d70aeb64ade2826480afdb046a5b464b3aacd116848690bbb9cf6a837,https://arxiv.org/abs/2607.05268v1,2607.05268v1
arxiv-2607.05271.pdf,arxiv,19497538,19,false,false,false,false,385083b2eb6a86e0b0991e276c941b3d6593e69dfdca1bb6f59129c33a7488f6,https://arxiv.org/abs/2607.05271v1,2607.05271v1
arxiv-2607.05272.pdf,arxiv,1986897,5,false,false,false,false,cda2e3b386cb135b1c2a17c34bfec2f1f0593d336a408471be17fd227d85588f,https://arxiv.org/abs/2607.05272v1,2607.05272v1
arxiv-2607.05273.pdf,arxiv,536068,19,false,false,false,false,42c77e84cb28d0264247391ebecf55e783e7e7c1237fbf0472f533bc3b5ca456,https://arxiv.org/abs/2607.05273v1,2607.05273v1
arxiv-2607.05274.pdf,arxiv,3737507,24,false,false,false,false,1bae39b01b56466e7dd1c08813de4d0ecc446b24a0fd531bd078624c566b7305,https://arxiv.org/abs/2607.05274v1,2607.05274v1
arxiv-2607.05277.pdf,arxiv,1948351,28,false,false,false,false,8923c328d65400c8c92a0f8940511f96e11eee8c72869a85b55672e53c3be9a5,https://arxiv.org/abs/2607.05277v1,2607.05277v1
arxiv-2607.05279.pdf,arxiv,715419,52,false,false,false,false,125d5e93329e080624d4273531f69f25226767e8438b707b6de9b38c809b5030,https://arxiv.org/abs/2607.05279v1,2607.05279v1
arxiv-2607.05280.pdf,arxiv,7578849,188,false,false,false,false,3cd8b318b3860e1ec1b0b175ef649e2ac371b17cc45678f828b2468dcce91fce,https://arxiv.org/abs/2607.05280v1,2607.05280v1
arxiv-2607.05281.pdf,arxiv,1466296,52,false,false,false,false,c85a0be71bec9fca11ae3cd87ece0dfc8430d15532b1cd77a0fa48e7eede215e,https://arxiv.org/abs/2607.05281v1,2607.05281v1
arxiv-2607.05282.pdf,arxiv,3660023,15,false,false,false,false,e58101df9d7163618da0931d8a51cfd4ecebe8124117944115affc63b22d0554,https://arxiv.org/abs/2607.05282v1,2607.05282v1
arxiv-2607.05290.pdf,arxiv,3506280,10,false,false,false,false,03a5e4fc8b6dfa1aa64623768b1292d143753aa5b3a711457f2d502e4de5db40,https://arxiv.org/abs/2607.05290v1,2607.05290v1
arxiv-2607.05292.pdf,arxiv,14802372,29,false,false,false,false,6212e30228d3bb46ec68df73dacac70555fede44733e716ed4f5746f17372120,https://arxiv.org/abs/2607.05292v1,2607.05292v1
arxiv-2607.05293.pdf,arxiv,294487,15,false,false,false,false,a25782f902646d113721e4e3485790a884da79cf75fa06b6fd26158f56e0eb31,https://arxiv.org/abs/2607.05293v1,2607.05293v1
arxiv-2607.05295.pdf,arxiv,4292174,17,false,false,false,false,0e117ca03985dc9e045c0ad4f16a9c623e775ae6d57fd0f48546ae145d07578d,https://arxiv.org/abs/2607.05295v1,2607.05295v1
arxiv-2607.05300.pdf,arxiv,510286,10,false,false,false,false,e1ba9c49d8465326a0529717b5af3b2429cab9dab4b258c49e05572d05633a69,https://arxiv.org/abs/2607.05300v1,2607.05300v1
arxiv-2607.05306.pdf,arxiv,23193143,44,false,false,false,false,a731603ec27bf7970a67726af9b7392d7419d532ac9ee1caa9d8cf734c518a12,https://arxiv.org/abs/2607.05306v1,2607.05306v1
arxiv-2607.05307.pdf,arxiv,3713877,16,false,false,false,false,8c2721b5a60dada6d004a194d19bf896d1c62616b86397eb6f93d5a43d36e8c5,https://arxiv.org/abs/2607.05307v1,2607.05307v1
arxiv-2607.05311.pdf,arxiv,4107704,46,false,false,false,false,15b1f1b3e043536139f4f9bbea2442fe433f0df5550206fed8974b35c3757770,https://arxiv.org/abs/2607.05311v1,2607.05311v1
arxiv-2607.05312.pdf,arxiv,728865,45,false,false,false,false,20530b90cae6a71cc28533741824413b783ed68f710134044edc53f35f884c13,https://arxiv.org/abs/2607.05312v1,2607.05312v1
arxiv-2607.05316.pdf,arxiv,2217992,18,false,false,false,false,db682dbe9dec19d8ced6e608cfb4163e890d10420f896061d05bc6513ce0a561,https://arxiv.org/abs/2607.05316v1,2607.05316v1
arxiv-2607.05317.pdf,arxiv,5140332,36,false,false,false,false,ccbc35d5630cd60fb85960a38601bba1505c28590b1182d193a3eee9949ee854,https://arxiv.org/abs/2607.05317v1,2607.05317v1
arxiv-2607.05319.pdf,arxiv,9483296,32,false,false,false,false,7012df907a74f07c0fc5014cfca4946439389d3b95ba9f64d8bf7d506659b065,https://arxiv.org/abs/2607.05319v1,2607.05319v1
arxiv-2607.05325.pdf,arxiv,2842784,9,false,false,false,false,7c39e07104f6b345f689878f2720505467207be413a9a09464d37a2c6bea29f5,https://arxiv.org/abs/2607.05325v1,2607.05325v1
arxiv-2607.05326.pdf,arxiv,1479998,31,false,false,false,false,d5c837c441192246682d025dca0e10faf01716b6f80b4a7e7db5c1f980190616,https://arxiv.org/abs/2607.05326v1,2607.05326v1
arxiv-2607.05329.pdf,arxiv,256384,6,false,false,false,false,4e56fb4de69351699958b0a13df28d74b1c0a913b6def636841398005f262a15,https://arxiv.org/abs/2607.05329v1,2607.05329v1
arxiv-2607.05332.pdf,arxiv,407358,23,false,false,false,false,8fa613e2c8f82741f70c1d80e1d1bb037b543f3423f2364ebae4f173ef1b3b1d,https://arxiv.org/abs/2607.05332v1,2607.05332v1
arxiv-2607.05339.pdf,arxiv,802830,18,false,false,false,false,1cf5fc6475e80597a52e8f170c86007bc2a06d1205ae3bbc55b74b67f5d6d86b,https://arxiv.org/abs/2607.05339v1,2607.05339v1
arxiv-2607.05340.pdf,arxiv,598843,11,false,false,false,false,72e2550850b0532c34a42d589ddab4b9b5d31d640eb902d6d55fe29d77c2337f,https://arxiv.org/abs/2607.05340v1,2607.05340v1
arxiv-2607.05341.pdf,arxiv,658324,26,false,false,false,false,a51537107267082264860c05c294f28572780d2498ffa442b1f706bfd4b5b712,https://arxiv.org/abs/2607.05341v1,2607.05341v1
arxiv-2607.05344.pdf,arxiv,413738,5,false,false,false,false,51bea9d03d139d08960340074352cc0e8219dd3195800928ff2cde821c531a77,https://arxiv.org/abs/2607.05344v1,2607.05344v1
arxiv-2607.05345.pdf,arxiv,303527,13,false,false,false,false,7a558b5cc8896ce8ca4142dd33994f8ba17003fea5452cf8c1d9f0363128d7cb,https://arxiv.org/abs/2607.05345v1,2607.05345v1
arxiv-2607.05347.pdf,arxiv,28980824,22,false,false,false,false,c9dbdf5f1f5328bfdabadd3cb152edd736c1e45747e0cd049341302f1d53c3f1,https://arxiv.org/abs/2607.05347v1,2607.05347v1
arxiv-2607.05348.pdf,arxiv,8295900,20,false,false,false,false,00032592bed1e837872fff492f805ef95f05e2ed316a609923836bf62510f030,https://arxiv.org/abs/2607.05348v1,2607.05348v1
arxiv-2607.05352.pdf,arxiv,10069039,59,false,false,false,false,4bcbde8fbed80304da98bd78c5f0891647a4953f58ae5de5b574ad61cea467b1,https://arxiv.org/abs/2607.05352v1,2607.05352v1
arxiv-2607.05353.pdf,arxiv,3651873,37,false,false,false,false,24a71d77e0cd1d4e02a6c8b578409eb96b4ecdaa8fbb5d46c02d713d50a0666e,https://arxiv.org/abs/2607.05353v1,2607.05353v1
arxiv-2607.05354.pdf,arxiv,7329371,15,false,false,false,false,07453a8db2f9e5f7732fa0e0a375b336d45a26c40fbd9f80c9b62e138c80fc04,https://arxiv.org/abs/2607.05354v1,2607.05354v1
arxiv-2607.05355.pdf,arxiv,1175965,41,false,false,false,false,e1516cd496372de87c3c7e3e998f6639a566fd85be9df12ffdbbe4e42a2d37f1,https://arxiv.org/abs/2607.05355v1,2607.05355v1
arxiv-2607.05356.pdf,arxiv,12287163,23,false,false,false,false,ad171a63b1d123b0b0490a0b141bf89e5198f200c8dcb4c98ef0e53f4c80e7b8,https://arxiv.org/abs/2607.05356v1,2607.05356v1
arxiv-2607.05360.pdf,arxiv,2151217,80,false,false,false,false,60e836ee85cfece43c2d3cb8c6dc7a2faa9969780724eaa3e61837c3419a32e3,https://arxiv.org/abs/2607.05360v1,2607.05360v1
arxiv-2607.05364.pdf,arxiv,386342,8,false,false,false,false,e42e30c350874a4a634f4c98fd1d4e3999d8a5d840583270e5f38ff6a8d1cf3f,https://arxiv.org/abs/2607.05364v1,2607.05364v1
arxiv-2607.05365.pdf,arxiv,4495480,8,false,false,false,false,aec6a2eeccaa7b71c7ddaa9416903697ef7b32e06c813c730d2195d62ca7ac89,https://arxiv.org/abs/2607.05365v1,2607.05365v1
arxiv-2607.05366.pdf,arxiv,582816,27,false,false,false,false,9f47884aaf50984d5d9b26fb641e4ba86cb3bc024bd90c7a1f53d90739508486,https://arxiv.org/abs/2607.05366v1,2607.05366v1
arxiv-2607.05369.pdf,arxiv,8896857,52,false,false,false,false,64d8f12afef21edbae7b11a97f1d20a13cd0e53efd5699e7e86ea4781efbb0ef,https://arxiv.org/abs/2607.05369v1,2607.05369v1
arxiv-2607.05370.pdf,arxiv,8549268,10,false,false,false,false,c0d83a0b8e655d2606c3f0e30b10236fc2d25e6aad043bbc2224b6f70b8c3869,https://arxiv.org/abs/2607.05370v1,2607.05370v1
arxiv-2607.05373.pdf,arxiv,21223986,22,false,false,false,false,b790367ef3932c76a2753d7f667f97f56fd611887f6c4277da323e67167bded7,https://arxiv.org/abs/2607.05373v1,2607.05373v1
arxiv-2607.05375.pdf,arxiv,1042685,57,false,false,false,false,0a53db873609fc142a2f6e378a9ef7042a1dfdadb28288321a97688c64eda8c1,https://arxiv.org/abs/2607.05375v1,2607.05375v1
arxiv-2607.05378.pdf,arxiv,566292,13,false,false,false,false,92a513e72d0d4902c73aec34ed135d6a624c5346d88d73f85c508fdcd7520cb6,https://arxiv.org/abs/2607.05378v1,2607.05378v1
arxiv-2607.05380.pdf,arxiv,1201763,22,false,false,false,false,8c56644f72f406ca0b6ca868378a0f9babbda82afb1964cfc947e828fa9294e8,https://arxiv.org/abs/2607.05380v1,2607.05380v1
arxiv-2607.05381.pdf,arxiv,1170853,66,false,false,false,false,c692c514bac65b3c347bbc3fa6cfa6a215e83049fb9197a5e9483bdaa8cd4fe6,https://arxiv.org/abs/2607.05381v1,2607.05381v1
arxiv-2607.05382.pdf,arxiv,8057624,32,false,false,false,false,de98af1d139b7feb9d20a9e070b9a253002496119dc27488940aa9327347fc1f,https://arxiv.org/abs/2607.05382v1,2607.05382v1
arxiv-2607.05384.pdf,arxiv,626150,32,false,false,false,false,041cda22480f66db3449b937f4d0c8224418c90e5af1d47cbcdb85b0757c7e5b,https://arxiv.org/abs/2607.05384v1,2607.05384v1
arxiv-2607.05389.pdf,arxiv,30958170,37,false,false,false,false,5831cf792829ce6a32eb1288b6edc4e0de455277fb059e62e20e493682d71568,https://arxiv.org/abs/2607.05389v1,2607.05389v1
arxiv-2607.05391.pdf,arxiv,4617288,31,false,false,false,false,34e268ee6b4c22faaa5c5a691241d3bb49ed065b76a3a18f319eb2163025820d,https://arxiv.org/abs/2607.05391v1,2607.05391v1
arxiv-2607.05392.pdf,arxiv,7599271,30,false,false,false,false,18193a959b85d59a980ef29721cb118a6b0dbd58977df110e78cfbd0ca398e74,https://arxiv.org/abs/2607.05392v1,2607.05392v1
arxiv-2607.05393.pdf,arxiv,8691183,20,false,false,false,false,628a9da28fe9ef135dad3c18e52a8df4a2fa8c10ac931dcc0c193b47c51b6ec4,https://arxiv.org/abs/2607.05393v1,2607.05393v1
arxiv-2607.05394.pdf,arxiv,1470129,24,false,false,false,false,2c8def6e2de7c51812fb0adb36898ad10766495234203ba07a87b37fe7aaa52e,https://arxiv.org/abs/2607.05394v1,2607.05394v1
arxiv-2607.05396.pdf,arxiv,18211212,21,false,false,false,false,6cf3111c2d1518b8f84dbebbddf3e197e0083759366537fff8a54a21361965a9,https://arxiv.org/abs/2607.05396v1,2607.05396v1
cc-2023-2023000.pdf,cc,1713795,6,false,false,false,false,413bcabe42b019fc05d152e4a1e7d6c5be6add075dee538bd00f581462726d3e,https://digitalcorpora.s3.amazonaws.com/corpora/files/CC-MAIN-2021-31-PDF-UNTRUNCATED/zipfiles/2000-2999/2023.zip,2023000.pdf
cc-2023-2023001.pdf,cc,144956,1,false,false,false,false,413bcac5fb0a85c2df30bb366981951e812344bbdadc4195babb9eca2a4e6dda,https://digitalcorpora.s3.amazonaws.com/corpora/files/CC-MAIN-2021-31-PDF-UNTRUNCATED/zipfiles/2000-2999/2023.zip,2023001.pdf
cc-2023-2023002.pdf,cc,556983,3,false,false,false,false,413bcc9b29c6a1d01457b8101c92304d5b8a420a09fb4a6521dffbde318bb26b,https://digitalcorpora.s3.amazonaws.com/corpora/files/CC-MAIN-2021-31-PDF-UNTRUNCATED/zipfiles/2000-2999/2023.zip,2023002.pdf
cc-2023-2023003.pdf,cc,707102,1,false,false,true,false,413bcd05e7c247273e3c7d65a9326044fd316652c67e0e329f0e00f66ca73cbd,https://digitalcorpora.s3.amazonaws.com/corpora/files/CC-MAIN-2021-31-PDF-UNTRUNCATED/zipfiles/2000-2999/2023.zip,2023003.pdf
cc-2023-2023004.pdf,cc,6806312,7,false,false,false,false,413bcd9f806d45c447a16f460b853f5e307bc9f0e2b292ea411074632ce481be,https://digitalcorpora.s3.amazonaws.com/corpora/files/CC-MAIN-2021-31-PDF-UNTRUNCATED/zipfiles/2000-2999/2023.zip,2023004.pdf
cc-2023-2023005.pdf,cc,49149,1,false,false,false,false,413bce717864079695e0ea3fc8af6e468ffa2f8d94e66785c2efafbb1749ed43,https://digitalcorpora.s3.amazonaws.com/corpora/files/CC-MAIN-2021-31-PDF-UNTRUNCATED/zipfiles/2000-2999/2023.zip,2023005.pdf
cc-2023-2023006.pdf,cc,887517,2,false,false,true,false,413bcf9b782731a21b6018e75f2a295c4b7c948a9bbba43bbf085137cc28cfd6,https://digitalcorpora.s3.amazonaws.com/corpora/files/CC-MAIN-2021-31-PDF-UNTRUNCATED/zipfiles/2000-2999/2023.zip,2023006.pdf
cc-2023-2023007.pdf,cc,2958486,2,false,true,true,true,413bd1b03fa1f8597eb31c87684defe45d513cc89c0e134bc4a031c4563ec176,https://digitalcorpora.s3.amazonaws.com/corpora/files/CC-MAIN-2021-31-PDF-UNTRUNCATED/zipfiles/2000-2999/2023.zip,2023007.pdf
cc-2023-2023008.pdf,cc,898078,40,false,false,true,false,413bd2d0b1d992624487bffca6f88f8c0a54b97f972ab5bb3456df13e3e40ca5,https://digitalcorpora.s3.amazonaws.com/corpora/files/CC-MAIN-2021-31-PDF-UNTRUNCATED/zipfiles/2000-2999/2023.zip,2023008.pdf
cc-2023-2023009.pdf,cc,250262,1,false,false,true,false,413bd4546d165a3bcc6792a5a9c443491bb5a91c27bc312de1c7535f279eb565,https://digitalcorpora.s3.amazonaws.com/corpora/files/CC-MAIN-2021-31-PDF-UNTRUNCATED/zipfiles/2000-2999/2023.zip,2023009.pdf
cc-2023-2023010.pdf,cc,1897449,4,false,false,true,false,413bd4607f93f75c9d31857a65d225c49bc6f473b32eb14e84fe32225cbfa57f,https://digitalcorpora.s3.amazonaws.com/corpora/files/CC-MAIN-2021-31-PDF-UNTRUNCATED/zipfiles/2000-2999/2023.zip,2023010.pdf
cc-2023-2023011.pdf,cc,4246489,55,false,false,false,false,413bd8a5046d359128031ffd70dbca076dc0fd728b8c7175a6bc0b44c154f11d,https://digitalcorpora.s3.amazonaws.com/corpora/files/CC-MAIN-2021-31-PDF-UNTRUNCATED/zipfiles/2000-2999/2023.zip,2023011.pdf
cc-2023-2023012.pdf,cc,779899,23,false,false,true,false,413bd8f66ac76695a02329461d4d37280f02e21629e4c3e4a265f374981cd763,https://digitalcorpora.s3.amazonaws.com/corpora/files/CC-MAIN-2021-31-PDF-UNTRUNCATED/zipfiles/2000-2999/2023.zip,2023012.pdf
cc-2023-2023013.pdf,cc,338534,2,false,false,false,false,413bdac22cbf3c13f9e3faf78914b58de3acded3b487cbf8ffc59fa8d906ba23,https://digitalcorpora.s3.amazonaws.com/corpora/files/CC-MAIN-2021-31-PDF-UNTRUNCATED/zipfiles/2000-2999/2023.zip,2023013.pdf
cc-2023-2023014.pdf,cc,85783,2,false,false,false,false,413bdac5359f595d584bad7c4628de73fcadb0429e0a5409aa62df45a8a30210,https://digitalcorpora.s3.amazonaws.com/corpora/files/CC-MAIN-2021-31-PDF-UNTRUNCATED/zipfiles/2000-2999/2023.zip,2023014.pdf
cc-2023-2023015.pdf,cc,2463077,6,false,false,true,false,413be24c2b0624987f896f3cfcc6effcbd8c89ea9b5d4966371b49e809c96cdb,https://digitalcorpora.s3.amazonaws.com/corpora/files/CC-MAIN-2021-31-PDF-UNTRUNCATED/zipfiles/2000-2999/2023.zip,2023015.pdf
cc-2023-2023016.pdf,cc,570347,7,false,false,true,false,413be5a0314c64150e1530bde88bc7ffe7736fe64b399a4a7c8e6623ebff7bc4,https://digitalcorpora.s3.amazonaws.com/corpora/files/CC-MAIN-2021-31-PDF-UNTRUNCATED/zipfiles/2000-2999/2023.zip,2023016.pdf
cc-2023-2023017.pdf,cc,642101,2,false,false,false,false,413be959c2c2ef21c8191c933b892f9288c5e0257ebb4eacec37cd5321076a7e,https://digitalcorpora.s3.amazonaws.com/corpora/files/CC-MAIN-2021-31-PDF-UNTRUNCATED/zipfiles/2000-2999/2023.zip,2023017.pdf
cc-2023-2023018.pdf,cc,193828,4,false,false,false,false,413bec5669d2c3d6b7fa5cd3e200f3567fc31a69c6f110fb91b0a25a8abca77d,https://digitalcorpora.s3.amazonaws.com/corpora/files/CC-MAIN-2021-31-PDF-UNTRUNCATED/zipfiles/2000-2999/2023.zip,2023018.pdf
cc-2023-2023019.pdf,cc,155595,3,false,false,true,false,413bed78a65571bd089211009b5a0a7fb771f29838ffcf30691d39324180442e,https://digitalcorpora.s3.amazonaws.com/corpora/files/CC-MAIN-2021-31-PDF-UNTRUNCATED/zipfiles/2000-2999/2023.zip,2023019.pdf
cc-2023-2023020.pdf,cc,1549307,2,false,false,false,false,413bee35f5cf6f8804c529e25b8379476166cde6273bbad3329307a96ffe6908,https://digitalcorpora.s3.amazonaws.com/corpora/files/CC-MAIN-2021-31-PDF-UNTRUNCATED/zipfiles/2000-2999/2023.zip,2023020.pdf
cc-2023-2023021.pdf,cc,184594,2,false,false,true,false,413bef574960f1a27a6062c204f6f771d60cf7c54917147df66dac8920f2763a,https://digitalcorpora.s3.amazonaws.com/corpora/files/CC-MAIN-2021-31-PDF-UNTRUNCATED/zipfiles/2000-2999/2023.zip,2023021.pdf
cc-2023-2023022.pdf,cc,336842,1,false,false,false,false,413bef7e913136e7c5242c59b38c5948970a59200bbd1c44045db5342da3ba74,https://digitalcorpora.s3.amazonaws.com/corpora/files/CC-MAIN-2021-31-PDF-UNTRUNCATED/zipfiles/2000-2999/2023.zip,2023022.pdf
cc-2023-2023023.pdf,cc,409874,8,false,false,false,false,413bf0939ab3cbaccd0720747a2aaed8da2ec94afddde3776c9929b543d54a64,https://digitalcorpora.s3.amazonaws.com/corpora/files/CC-MAIN-2021-31-PDF-UNTRUNCATED/zipfiles/2000-2999/2023.zip,2023023.pdf
cc-2023-2023024.pdf,cc,1180704,18,false,false,false,true,413bf28538fd32178d05a14bbe8b529f8aa8a0a8ec7fc17c20458cbb82476b73,https://digitalcorpora.s3.amazonaws.com/corpora/files/CC-MAIN-2021-31-PDF-UNTRUNCATED/zipfiles/2000-2999/2023.zip,2023024.pdf
cc-2023-2023025.pdf,cc,593420,4,false,false,true,false,413bf38b35641141b58ccd715f45e217ec5ee09d2cd10a8dc25a42e4673f3dce,https://digitalcorpora.s3.amazonaws.com/corpora/files/CC-MAIN-2021-31-PDF-UNTRUNCATED/zipfiles/2000-2999/2023.zip,2023025.pdf
cc-2023-2023026.pdf,cc,188022,3,false,false,true,false,413bf3d7cf4b69073e49495f3afcc26bdd1a36063c59c6e8d0c5cdacd5ff9abb,https://digitalcorpora.s3.amazonaws.com/corpora/files/CC-MAIN-2021-31-PDF-UNTRUNCATED/zipfiles/2000-2999/2023.zip,2023026.pdf
cc-2023-2023027.pdf,cc,1787604,44,false,false,true,false,413bf575d14d182752abdf938b27ab2e929ec76ad2070c4faabe0078959d5f61,https://digitalcorpora.s3.amazonaws.com/corpora/files/CC-MAIN-2021-31-PDF-UNTRUNCATED/zipfiles/2000-2999/2023.zip,2023027.pdf
cc-2023-2023028.pdf,cc,13034910,50,false,false,false,false,413bf5df5853fdea291f1c00493dab868939c8401efbd33c81d15903dd669498,https://digitalcorpora.s3.amazonaws.com/corpora/files/CC-MAIN-2021-31-PDF-UNTRUNCATED/zipfiles/2000-2999/2023.zip,2023028.pdf
cc-2023-2023029.pdf,cc,3808123,4,false,false,false,false,413bfb7ef865a8f5a43ec3390adbfed3958e13982d81dc4ff657412b2ec98f86,https://digitalcorpora.s3.amazonaws.com/corpora/files/CC-MAIN-2021-31-PDF-UNTRUNCATED/zipfiles/2000-2999/2023.zip,2023029.pdf
cc-2023-2023030.pdf,cc,12338810,85,false,false,true,false,413bfc930ca79162cf77ae2b377cf1643c25d03f2846c154c0ed2636d3673eb9,https://digitalcorpora.s3.amazonaws.com/corpora/files/CC-MAIN-2021-31-PDF-UNTRUNCATED/zipfiles/2000-2999/2023.zip,2023030.pdf
cc-2023-2023031.pdf,cc,1090740,12,false,false,false,false,413bfd931216f5c534df1aa67bd5ddc12824d276b5572906f789edbe9a9b4b03,https://digitalcorpora.s3.amazonaws.com/corpora/files/CC-MAIN-2021-31-PDF-UNTRUNCATED/zipfiles/2000-2999/2023.zip,2023031.pdf
cc-2023-2023032.pdf,cc,1015011,2,false,false,false,false,413bff769d0b7054cb3720bb241c845e54a4692309c232f5ffc120ec9c4b8355,https://digitalcorpora.s3.amazonaws.com/corpora/files/CC-MAIN-2021-31-PDF-UNTRUNCATED/zipfiles/2000-2999/2023.zip,2023032.pdf
cc-2023-2023033.pdf,cc,519036,3,false,true,true,true,413c0028ea4d5c6506b55343e03f79045789be675810940142eed297b5a385ee,https://digitalcorpora.s3.amazonaws.com/corpora/files/CC-MAIN-2021-31-PDF-UNTRUNCATED/zipfiles/2000-2999/2023.zip,2023033.pdf
cc-2023-2023034.pdf,cc,144753,12,false,false,false,false,413c00ff442c677d2f6b4dabeab72fbe6b791d1a5510417b4a3753088eccf6a9,https://digitalcorpora.s3.amazonaws.com/corpora/files/CC-MAIN-2021-31-PDF-UNTRUNCATED/zipfiles/2000-2999/2023.zip,2023034.pdf
cc-2023-2023035.pdf,cc,128391,3,false,false,true,false,413c02daa46044f193c89fc663c0f82dda56a8aed4ccefd644bec59b1c667d12,https://digitalcorpora.s3.amazonaws.com/corpora/files/CC-MAIN-2021-31-PDF-UNTRUNCATED/zipfiles/2000-2999/2023.zip,2023035.pdf
cc-2023-2023036.pdf,cc,38113,6,false,false,false,false,413c09f47206cf8a6baee7555d603af4266b3acad45f3b58eaec2a81f340c540,https://digitalcorpora.s3.amazonaws.com/corpora/files/CC-MAIN-2021-31-PDF-UNTRUNCATED/zipfiles/2000-2999/2023.zip,2023036.pdf
cc-2023-2023037.pdf,cc,5820500,27,false,false,true,false,413c0b57986297118781083f99ab6791dd056aecb0a121ce491d5fb14118f7a5,https://digitalcorpora.s3.amazonaws.com/corpora/files/CC-MAIN-2021-31-PDF-UNTRUNCATED/zipfiles/2000-2999/2023.zip,2023037.pdf
cc-2023-2023038.pdf,cc,134789,2,false,false,false,false,413c0c58118f6bdb72b81d29bd3dce4c01f9360fe7aa3e74a9338ea891346160,https://digitalcorpora.s3.amazonaws.com/corpora/files/CC-MAIN-2021-31-PDF-UNTRUNCATED/zipfiles/2000-2999/2023.zip,2023038.pdf
cc-2023-2023039.pdf,cc,7769383,92,false,false,false,true,413c0db4e164b8eb11470573455575309974ed5fcd7cf75e4acb9e89931af1d1,https://digitalcorpora.s3.amazonaws.com/corpora/files/CC-MAIN-2021-31-PDF-UNTRUNCATED/zipfiles/2000-2999/2023.zip,2023039.pdf
cc-2023-2023040.pdf,cc,2133364,2,false,false,true,false,413c0ff2fc3d4ccf0be90fe522dac8854654a1086d7f0d8927c140601afcf945,https://digitalcorpora.s3.amazonaws.com/corpora/files/CC-MAIN-2021-31-PDF-UNTRUNCATED/zipfiles/2000-2999/2023.zip,2023040.pdf
cc-2023-2023041.pdf,cc,219072,11,false,false,true,false,413c10503bf360b48e2ee7d7a1396fd9edd3c543dd36781b17ef442d998da7fc,https://digitalcorpora.s3.amazonaws.com/corpora/files/CC-MAIN-2021-31-PDF-UNTRUNCATED/zipfiles/2000-2999/2023.zip,2023041.pdf
cc-2023-2023042.pdf,cc,166309,3,false,false,false,false,413c10a48f31153cbf6d558174efabde34f22f4e6b1037f0b3a9e226c0214afe,https://digitalcorpora.s3.amazonaws.com/corpora/files/CC-MAIN-2021-31-PDF-UNTRUNCATED/zipfiles/2000-2999/2023.zip,2023042.pdf
cc-2023-2023043.pdf,cc,26615,3,false,false,false,true,413c132e3d033e617c4da60e6eafb6ec3e3cb5d9ccd4fc0f7243335f2d042bba,https://digitalcorpora.s3.amazonaws.com/corpora/files/CC-MAIN-2021-31-PDF-UNTRUNCATED/zipfiles/2000-2999/2023.zip,2023043.pdf
cc-2023-2023044.pdf,cc,425742,3,false,false,true,false,413c16d9f8ad8578ef1ab960f7ce12adf3c39873c3f8241bfe7bcd20b276edd5,https://digitalcorpora.s3.amazonaws.com/corpora/files/CC-MAIN-2021-31-PDF-UNTRUNCATED/zipfiles/2000-2999/2023.zip,2023044.pdf
cc-2023-2023045.pdf,cc,3691203,48,false,false,false,false,413c1aa169535a79ba1878355d9cbb253fdeeb87dcfbda2918bf4e4c7affe8c6,https://digitalcorpora.s3.amazonaws.com/corpora/files/CC-MAIN-2021-31-PDF-UNTRUNCATED/zipfiles/2000-2999/2023.zip,2023045.pdf
cc-2023-2023046.pdf,cc,510176,1,false,false,true,false,413c1be870d01f2e6b09298091c1cf5eaefa0b981d251a4c8748769bc33f9da0,https://digitalcorpora.s3.amazonaws.com/corpora/files/CC-MAIN-2021-31-PDF-UNTRUNCATED/zipfiles/2000-2999/2023.zip,2023046.pdf
cc-2023-2023047.pdf,cc,88466,1,false,false,true,false,413c2841fd1593792902786ec387ee6208f5ca364fe58f8bfcc55c98866b2648,https://digitalcorpora.s3.amazonaws.com/corpora/files/CC-MAIN-2021-31-PDF-UNTRUNCATED/zipfiles/2000-2999/2023.zip,2023047.pdf
cc-2023-2023048.pdf,cc,106875,1,false,false,false,false,413c295169b572f05019d4c6a8abe6850ac10a0a26e03bd040f826517f52f160,https://digitalcorpora.s3.amazonaws.com/corpora/files/CC-MAIN-2021-31-PDF-UNTRUNCATED/zipfiles/2000-2999/2023.zip,2023048.pdf
cc-2023-2023049.pdf,cc,212458,2,false,false,true,false,413c2b06b776a64e9afc8c0ebfe3eeb7fb7ffdfd7b9e95809c855a409a9f8d9c,https://digitalcorpora.s3.amazonaws.com/corpora/files/CC-MAIN-2021-31-PDF-UNTRUNCATED/zipfiles/2000-2999/2023.zip,2023049.pdf
cc-2023-2023050.pdf,cc,113525,5,false,false,false,false,413c2ec4758d2f27fa84090fbce617124cd5f745aafeca7ab8799d7fa1a7ba23,https://digitalcorpora.s3.amazonaws.com/corpora/files/CC-MAIN-2021-31-PDF-UNTRUNCATED/zipfiles/2000-2999/2023.zip,2023050.pdf
cc-2023-2023051.pdf,cc,185749,2,false,false,true,false,413c2ed44f872f6c8005f8c46ea02a5d0bf73543acce9b5535cadc1769cbacd3,https://digitalcorpora.s3.amazonaws.com/corpora/files/CC-MAIN-2021-31-PDF-UNTRUNCATED/zipfiles/2000-2999/2023.zip,2023051.pdf
cc-2023-2023052.pdf,cc,33005,10,false,false,false,false,413c2f0f2ea831b3307fdb91355862d3e96c384e120773b58efa466bddead09b,https://digitalcorpora.s3.amazonaws.com/corpora/files/CC-MAIN-2021-31-PDF-UNTRUNCATED/zipfiles/2000-2999/2023.zip,2023052.pdf
cc-2023-2023053.pdf,cc,493905,2,false,false,true,false,413c2f4818fb3caee9f9bc124379c872caede82c7568e109fb5252f2b9f936ed,https://digitalcorpora.s3.amazonaws.com/corpora/files/CC-MAIN-2021-31-PDF-UNTRUNCATED/zipfiles/2000-2999/2023.zip,2023053.pdf
cc-2023-2023054.pdf,cc,6035243,5,false,false,true,false,413c316407cb65890f90e314a737ba8a321086ca70494fee9b9022fb3651f891,https://digitalcorpora.s3.amazonaws.com/corpora/files/CC-MAIN-2021-31-PDF-UNTRUNCATED/zipfiles/2000-2999/2023.zip,2023054.pdf
cc-2023-2023055.pdf,cc,852041,15,false,false,true,false,413c31820570a05c31e598a9ef6415934a6149d593f6523a15c753c19d38d973,https://digitalcorpora.s3.amazonaws.com/corpora/files/CC-MAIN-2021-31-PDF-UNTRUNCATED/zipfiles/2000-2999/2023.zip,2023055.pdf
cc-2023-2023056.pdf,cc,356471,14,false,false,false,false,413c389c540df2a4fb9eac001f693ac1d6adb440459a7f80fce1a4533fb54e5f,https://digitalcorpora.s3.amazonaws.com/corpora/files/CC-MAIN-2021-31-PDF-UNTRUNCATED/zipfiles/2000-2999/2023.zip,2023056.pdf
cc-2023-2023057.pdf,cc,84284,1,false,false,true,false,413c3fca599aba4413d153bd24993f33047f142cabe87e8ce5bcf28663def606,https://digitalcorpora.s3.amazonaws.com/corpora/files/CC-MAIN-2021-31-PDF-UNTRUNCATED/zipfiles/2000-2999/2023.zip,2023057.pdf
cc-2023-2023058.pdf,cc,451299,4,false,false,false,false,413c41161c8814d30e8e9f36d40e018aabaa27facbc472547926fb07c8f8d24a,https://digitalcorpora.s3.amazonaws.com/corpora/files/CC-MAIN-2021-31-PDF-UNTRUNCATED/zipfiles/2000-2999/2023.zip,2023058.pdf
cc-2023-2023059.pdf,cc,691732,7,false,false,true,false,413c482201f1cfd83eb72a6a458bccb64dbccead5cc7de841fa4c7f8bbb13544,https://digitalcorpora.s3.amazonaws.com/corpora/files/CC-MAIN-2021-31-PDF-UNTRUNCATED/zipfiles/2000-2999/2023.zip,2023059.pdf
cc-2023-2023060.pdf,cc,62583,4,false,false,true,false,413c4b7e1170d4fb5804ebd209b1c24be86f3c207e18a55646f70b38ccfce62f,https://digitalcorpora.s3.amazonaws.com/corpora/files/CC-MAIN-2021-31-PDF-UNTRUNCATED/zipfiles/2000-2999/2023.zip,2023060.pdf
cc-2023-2023061.pdf,cc,6095923,92,false,false,false,false,413c4c99a1adf491b94b54c4a4c66fa4846e3e2cd6cb6c62db661b86cc9aa2d1,https://digitalcorpora.s3.amazonaws.com/corpora/files/CC-MAIN-2021-31-PDF-UNTRUNCATED/zipfiles/2000-2999/2023.zip,2023061.pdf
cc-2023-2023062.pdf,cc,1727858,124,false,false,false,false,413c4d2aae60fcc38511449218629be0a50788a71c66f3bb06b4c71fb387d0af,https://digitalcorpora.s3.amazonaws.com/corpora/files/CC-MAIN-2021-31-PDF-UNTRUNCATED/zipfiles/2000-2999/2023.zip,2023062.pdf
cc-2023-2023063.pdf,cc,619174,10,false,false,true,false,413c4e6e3a614994659f31fc9730370407f0df3effa1ccd81523456926af27d3,https://digitalcorpora.s3.amazonaws.com/corpora/files/CC-MAIN-2021-31-PDF-UNTRUNCATED/zipfiles/2000-2999/2023.zip,2023063.pdf
cc-2023-2023064.pdf,cc,31881,1,false,false,false,false,413c5531ddec1ba9605133e023d79c240dc939c9e3bdc1eaa950fa5463187fdd,https://digitalcorpora.s3.amazonaws.com/corpora/files/CC-MAIN-2021-31-PDF-UNTRUNCATED/zipfiles/2000-2999/2023.zip,2023064.pdf
cc-2023-2023065.pdf,cc,751266,12,false,false,false,false,413c58623e6d727864f8fa89df0e6ad1aa0a635e5a52f9c21747261460a83322,https://digitalcorpora.s3.amazonaws.com/corpora/files/CC-MAIN-2021-31-PDF-UNTRUNCATED/zipfiles/2000-2999/2023.zip,2023065.pdf
cc-2023-2023066.pdf,cc,752783,34,false,false,false,false,413c591078c69f9d5e0951c7a3bf9f0006f7dbd9ab126353a4917330bd11350b,https://digitalcorpora.s3.amazonaws.com/corpora/files/CC-MAIN-2021-31-PDF-UNTRUNCATED/zipfiles/2000-2999/2023.zip,2023066.pdf
cc-2023-2023068.pdf,cc,121545,4,false,false,false,false,413c59f7fea36b8abbeff5968cd998d3bf02b855a45ae15b0f97276689a35755,https://digitalcorpora.s3.amazonaws.com/corpora/files/CC-MAIN-2021-31-PDF-UNTRUNCATED/zipfiles/2000-2999/2023.zip,2023068.pdf
cc-2023-2023069.pdf,cc,1607860,4,false,false,true,false,413c5fedb84e582b8721c0dc2ace618c777fca22ed9e103e18ee8c2fc654b498,https://digitalcorpora.s3.amazonaws.com/corpora/files/CC-MAIN-2021-31-PDF-UNTRUNCATED/zipfiles/2000-2999/2023.zip,2023069.pdf
cc-2023-2023070.pdf,cc,6867055,126,false,false,false,false,413c6240eef93474ddfca7fdbb855f003f196c0722888740c25bf57f3a891a42,https://digitalcorpora.s3.amazonaws.com/corpora/files/CC-MAIN-2021-31-PDF-UNTRUNCATED/zipfiles/2000-2999/2023.zip,2023070.pdf
cc-2023-2023071.pdf,cc,96451,2,false,false,true,false,413c642b4e530d720ddcc7792739b152c1a13e9daee78c2ecc52306cdccfc0e5,https://digitalcorpora.s3.amazonaws.com/corpora/files/CC-MAIN-2021-31-PDF-UNTRUNCATED/zipfiles/2000-2999/2023.zip,2023071.pdf
cc-2023-2023072.pdf,cc,24494,1,false,false,true,false,413c65db4283a2cf7799abb7829679093ee8c8fed55f5486b8d56c97de9ce42f,https://digitalcorpora.s3.amazonaws.com/corpora/files/CC-MAIN-2021-31-PDF-UNTRUNCATED/zipfiles/2000-2999/2023.zip,2023072.pdf
cc-2023-2023073.pdf,cc,2929360,1,false,false,false,false,413c68e2ad31354f9ce4ab8ef9ddb291bf1708e1c373d6971955b84d10508828,https://digitalcorpora.s3.amazonaws.com/corpora/files/CC-MAIN-2021-31-PDF-UNTRUNCATED/zipfiles/2000-2999/2023.zip,2023073.pdf
cc-2023-2023074.pdf,cc,159049,4,false,false,true,false,413c6f421aed8236537bbd173ac7c8e674a5c2670ff77b9f56d21b91ab9553b9,https://digitalcorpora.s3.amazonaws.com/corpora/files/CC-MAIN-2021-31-PDF-UNTRUNCATED/zipfiles/2000-2999/2023.zip,2023074.pdf
cc-2023-2023075.pdf,cc,205390,7,false,false,false,false,413c7a5b37c0e87b86ff63425454b76d96209ac2524df3834a3393948ab518ed,https://digitalcorpora.s3.amazonaws.com/corpora/files/CC-MAIN-2021-31-PDF-UNTRUNCATED/zipfiles/2000-2999/2023.zip,2023075.pdf
cc-2023-2023076.pdf,cc,2049420,11,false,false,true,false,413c7d9e7b4ccf29e879d4dfe9497259717bbce476258416baf538598a766f4c,https://digitalcorpora.s3.amazonaws.com/corpora/files/CC-MAIN-2021-31-PDF-UNTRUNCATED/zipfiles/2000-2999/2023.zip,2023076.pdf
cc-2023-2023077.pdf,cc,159210,2,false,false,false,false,413c7dc05e61fd4d0ecb0b29107e40468db7978703d4c2c92623454e7d2d2a28,https://digitalcorpora.s3.amazonaws.com/corpora/files/CC-MAIN-2021-31-PDF-UNTRUNCATED/zipfiles/2000-2999/2023.zip,2023077.pdf
cc-2023-2023078.pdf,cc,234867,2,false,false,true,false,413c7f8141d3ea48f8fad91cd608a7bb9eb62f7aeea5f05537b3402b418a2dfc,https://digitalcorpora.s3.amazonaws.com/corpora/files/CC-MAIN-2021-31-PDF-UNTRUNCATED/zipfiles/2000-2999/2023.zip,2023078.pdf
cc-2023-2023079.pdf,cc,19469,1,false,false,false,false,413c8234ed8e5ac0fa582728f13fddd7432388d4a6ffb343ad45cb6cf41b4d49,https://digitalcorpora.s3.amazonaws.com/corpora/files/CC-MAIN-2021-31-PDF-UNTRUNCATED/zipfiles/2000-2999/2023.zip,2023079.pdf
cc-2023-2023080.pdf,cc,55639,12,false,false,false,false,413c859ce9d51a83a16aab9bbb2c0023fbe2049201013c051ae87a6d4fe0305b,https://digitalcorpora.s3.amazonaws.com/corpora/files/CC-MAIN-2021-31-PDF-UNTRUNCATED/zipfiles/2000-2999/2023.zip,2023080.pdf
cc-2023-2023081.pdf,cc,80583,1,false,false,true,false,413c89aab30e957a4cfc55a1fca6d9b8005cdfbf600d41d5f3004d0c8100750a,https://digitalcorpora.s3.amazonaws.com/corpora/files/CC-MAIN-2021-31-PDF-UNTRUNCATED/zipfiles/2000-2999/2023.zip,2023081.pdf
cc-2023-2023082.pdf,cc,335116,1,false,false,false,false,413c8ac68b26daba7d42d6e0583a1d4433b7bd3b9c3c872ecfa1ceccf3a86716,https://digitalcorpora.s3.amazonaws.com/corpora/files/CC-MAIN-2021-31-PDF-UNTRUNCATED/zipfiles/2000-2999/2023.zip,2023082.pdf
cc-2023-2023083.pdf,cc,75304,2,false,false,false,false,413c8adc55bf9f6269df72e75de1e6756ff46a0905f753d8b315dabf2cf6b3f3,https://digitalcorpora.s3.amazonaws.com/corpora/files/CC-MAIN-2021-31-PDF-UNTRUNCATED/zipfiles/2000-2999/2023.zip,2023083.pdf
cc-2023-2023084.pdf,cc,272511,11,false,false,true,false,413c8cc5b561e8484962ab3dae402caa42b0850ebaf766237d3516197514ff89,https://digitalcorpora.s3.amazonaws.com/corpora/files/CC-MAIN-2021-31-PDF-UNTRUNCATED/zipfiles/2000-2999/2023.zip,2023084.pdf
cc-2023-2023085.pdf,cc,159655,2,true,false,true,false,413c8d2d3f2dbc24385c0a07ec04f86664896b9c4e833e346b6cf1f0159107fc,https://digitalcorpora.s3.amazonaws.com/corpora/files/CC-MAIN-2021-31-PDF-UNTRUNCATED/zipfiles/2000-2999/2023.zip,2023085.pdf
cc-2023-2023087.pdf,cc,437893,18,false,false,true,false,413c91829446f57fe81b474a6afc17931d2030fb3342daf0693c7ed6babec3bd,https://digitalcorpora.s3.amazonaws.com/corpora/files/CC-MAIN-2021-31-PDF-UNTRUNCATED/zipfiles/2000-2999/2023.zip,2023087.pdf
cc-2023-2023088.pdf,cc,73246,1,false,false,true,false,413c933f314fe9c2d106e20dc833779067fdbc61d654cd2afe3380e7a85eab58,https://digitalcorpora.s3.amazonaws.com/corpora/files/CC-MAIN-2021-31-PDF-UNTRUNCATED/zipfiles/2000-2999/2023.zip,2023088.pdf
cc-2023-2023089.pdf,cc,205682,2,false,false,false,false,413c9cf7a0b9caa51c3cc75933bee721b9564889aed8c8f118f719ef7b58dcf1,https://digitalcorpora.s3.amazonaws.com/corpora/files/CC-MAIN-2021-31-PDF-UNTRUNCATED/zipfiles/2000-2999/2023.zip,2023089.pdf
cc-2023-2023090.pdf,cc,367002,7,false,false,true,false,413ca3e50b4d75676225e6fa239c4238abf82c2d9720bdfc9215bf33b3b12648,https://digitalcorpora.s3.amazonaws.com/corpora/files/CC-MAIN-2021-31-PDF-UNTRUNCATED/zipfiles/2000-2999/2023.zip,2023090.pdf
cc-2023-2023091.pdf,cc,145268,1,false,false,true,true,413ca66c7fe998f1caeb48c175b89f99290d2311d2b54be39b5c654653df1f06,https://digitalcorpora.s3.amazonaws.com/corpora/files/CC-MAIN-2021-31-PDF-UNTRUNCATED/zipfiles/2000-2999/2023.zip,2023091.pdf
cc-2023-2023092.pdf,cc,2059379,20,false,false,false,false,413ca6ca9da5b96529be7b55b84672b1c911968f1630aabed3757eeccf8a612b,https://digitalcorpora.s3.amazonaws.com/corpora/files/CC-MAIN-2021-31-PDF-UNTRUNCATED/zipfiles/2000-2999/2023.zip,2023092.pdf
cc-2023-2023093.pdf,cc,830446,1,false,false,false,false,413ca834b4b296800777f3ff599894800fd21ba54e95e9dc9cb9720d9315a356,https://digitalcorpora.s3.amazonaws.com/corpora/files/CC-MAIN-2021-31-PDF-UNTRUNCATED/zipfiles/2000-2999/2023.zip,2023093.pdf
cc-2023-2023094.pdf,cc,193880,26,false,false,true,false,413cab5459ec1314560bae46fa389a28b643b9fa5d7f21f980f63a3759c7b4a7,https://digitalcorpora.s3.amazonaws.com/corpora/files/CC-MAIN-2021-31-PDF-UNTRUNCATED/zipfiles/2000-2999/2023.zip,2023094.pdf
cc-2023-2023095.pdf,cc,49198,1,false,false,false,false,413cb13517a3082f2ab0bddc61bde7ecf7d754f0bbc197c253cd48773df38097,https://digitalcorpora.s3.amazonaws.com/corpora/files/CC-MAIN-2021-31-PDF-UNTRUNCATED/zipfiles/2000-2999/2023.zip,2023095.pdf
cc-2023-2023096.pdf,cc,625538,2,false,false,false,false,413cb14d9fd92828b64f94e5971b560fcc942fe72eaf7187009a5e9e2b59a509,https://digitalcorpora.s3.amazonaws.com/corpora/files/CC-MAIN-2021-31-PDF-UNTRUNCATED/zipfiles/2000-2999/2023.zip,2023096.pdf
cc-2023-2023097.pdf,cc,2731169,3,false,false,false,true,413cb55af2f9ef3acdd894706d11899d545ca2f8b724b2c5725f6d9815fd34d0,https://digitalcorpora.s3.amazonaws.com/corpora/files/CC-MAIN-2021-31-PDF-UNTRUNCATED/zipfiles/2000-2999/2023.zip,2023097.pdf
cc-2023-2023098.pdf,cc,1936,1,false,false,false,false,413cb641e02d2173c82fd1921fe2f028eb1f8398d9000a6ecb94625ef2ae277c,https://digitalcorpora.s3.amazonaws.com/corpora/files/CC-MAIN-2021-31-PDF-UNTRUNCATED/zipfiles/2000-2999/2023.zip,2023098.pdf
cc-2023-2023099.pdf,cc,6051738,135,false,false,true,false,413cb70d0de6cba1d55d1e81bccc2d15314ae572e497530e1b3c4e7298285474,https://digitalcorpora.s3.amazonaws.com/corpora/files/CC-MAIN-2021-31-PDF-UNTRUNCATED/zipfiles/2000-2999/2023.zip,2023099.pdf
cc-2023-2023100.pdf,cc,2582441,4,false,false,false,false,413cbb6d9fbdc2fd5cfdcfe96017071f4ff51da4103e28f3236d360838c8d370,https://digitalcorpora.s3.amazonaws.com/corpora/files/CC-MAIN-2021-31-PDF-UNTRUNCATED/zipfiles/2000-2999/2023.zip,2023100.pdf
cc-2023-2023101.pdf,cc,43508,1,false,false,false,false,413cbbcf50c0d7dc27d43c433e07683838ea2b12a0e792ceb563a4acddacfa81,https://digitalcorpora.s3.amazonaws.com/corpora/files/CC-MAIN-2021-31-PDF-UNTRUNCATED/zipfiles/2000-2999/2023.zip,2023101.pdf
cc-2023-2023102.pdf,cc,138562,3,false,false,true,false,413cbd221eed96882702b974eac01d3509fc7e59ef092227ae5c32d69a056f8e,https://digitalcorpora.s3.amazonaws.com/corpora/files/CC-MAIN-2021-31-PDF-UNTRUNCATED/zipfiles/2000-2999/2023.zip,2023102.pdf
cc-2023-2023103.pdf,cc,579408,1,false,false,false,false,413cbfd988d7b5e25a382e3dc0105ae5db42a3473238646536c15326c70d026b,https://digitalcorpora.s3.amazonaws.com/corpora/files/CC-MAIN-2021-31-PDF-UNTRUNCATED/zipfiles/2000-2999/2023.zip,2023103.pdf
cc-2023-2023104.pdf,cc,96329,9,false,false,false,false,413cc2221f4a2edb550d067f9c7220ea5068696c401632d66c6e558577685c24,https://digitalcorpora.s3.amazonaws.com/corpora/files/CC-MAIN-2021-31-PDF-UNTRUNCATED/zipfiles/2000-2999/2023.zip,2023104.pdf
cc-2023-2023105.pdf,cc,199116,2,false,false,false,false,413cc2d61cfe24f6840d246aaaef1b7efab3d0cf2689f6d1c39afc81935e2e1a,https://digitalcorpora.s3.amazonaws.com/corpora/files/CC-MAIN-2021-31-PDF-UNTRUNCATED/zipfiles/2000-2999/2023.zip,2023105.pdf
cc-2023-2023106.pdf,cc,673458,5,false,false,true,false,413cc2d7c3c9f19307d7cdab0a7d572ae89f8fe6755f04a89b68a5eeee7e6905,https://digitalcorpora.s3.amazonaws.com/corpora/files/CC-MAIN-2021-31-PDF-UNTRUNCATED/zipfiles/2000-2999/2023.zip,2023106.pdf
cc-2023-2023107.pdf,cc,200179,14,false,false,true,false,413cc436ecac940a6301bb5758a42a88f890030f03ab4a59934e1e0c2766f1b8,https://digitalcorpora.s3.amazonaws.com/corpora/files/CC-MAIN-2021-31-PDF-UNTRUNCATED/zipfiles/2000-2999/2023.zip,2023107.pdf
cc-2023-2023108.pdf,cc,219112,2,false,false,false,false,413cc85468df5b41f41a483976e6623ba2d5a0c193e6fef0ea545d8bb59b9848,https://digitalcorpora.s3.amazonaws.com/corpora/files/CC-MAIN-2021-31-PDF-UNTRUNCATED/zipfiles/2000-2999/2023.zip,2023108.pdf
cc-2023-2023110.pdf,cc,96229,5,false,false,false,false,413ccccda5c1ba987da8cfb6428cc55dda08712b6e4b5b5c974ec8a54eb41007,https://digitalcorpora.s3.amazonaws.com/corpora/files/CC-MAIN-2021-31-PDF-UNTRUNCATED/zipfiles/2000-2999/2023.zip,2023110.pdf
cc-2023-2023111.pdf,cc,87074,1,false,false,false,false,413ccd163390e817a3176fdb6f678fdfcee7da9d73a0c08579f1f67163410936,https://digitalcorpora.s3.amazonaws.com/corpora/files/CC-MAIN-2021-31-PDF-UNTRUNCATED/zipfiles/2000-2999/2023.zip,2023111.pdf
cc-2023-2023112.pdf,cc,173541,3,false,false,false,false,413cd145f40d196577c11fe7189adf6854229a3c0cbfeebe504112a5dc5ed122,https://digitalcorpora.s3.amazonaws.com/corpora/files/CC-MAIN-2021-31-PDF-UNTRUNCATED/zipfiles/2000-2999/2023.zip,2023112.pdf
cc-2023-2023113.pdf,cc,7287948,8,false,false,false,false,413cd79f5cee732177fd224e26367ebefdf6f9fe315917824cf58624d4c752dd,https://digitalcorpora.s3.amazonaws.com/corpora/files/CC-MAIN-2021-31-PDF-UNTRUNCATED/zipfiles/2000-2999/2023.zip,2023113.pdf
cc-2023-2023114.pdf,cc,637038,21,true,false,true,false,413cdb2476c7dc545b80c77a3d74bf0f70714efd432d9f4fddd1ec1117b7a4c9,https://digitalcorpora.s3.amazonaws.com/corpora/files/CC-MAIN-2021-31-PDF-UNTRUNCATED/zipfiles/2000-2999/2023.zip,2023114.pdf
cc-2023-2023115.pdf,cc,22382,3,false,false,false,false,413cdc0ef951dc5e2fde3acc99faad3dc794d72fa6730c0df5dee47ebfbdb5a3,https://digitalcorpora.s3.amazonaws.com/corpora/files/CC-MAIN-2021-31-PDF-UNTRUNCATED/zipfiles/2000-2999/2023.zip,2023115.pdf
cc-2023-2023116.pdf,cc,360705,9,false,false,true,false,413cdf2160726fe5535ed72f6d3b37ca3754fe02c31d3e61b4fa700f93301cf8,https://digitalcorpora.s3.amazonaws.com/corpora/files/CC-MAIN-2021-31-PDF-UNTRUNCATED/zipfiles/2000-2999/2023.zip,2023116.pdf
cc-2023-2023117.pdf,cc,19380,2,false,false,false,false,413ce1952433b819ec454275cc0c731fdbf23d0a47d75fcfcf6e4a8d1cb5ed74,https://digitalcorpora.s3.amazonaws.com/corpora/files/CC-MAIN-2021-31-PDF-UNTRUNCATED/zipfiles/2000-2999/2023.zip,2023117.pdf
cc-2023-2023118.pdf,cc,964789,82,false,false,true,false,413ce4b4dbb7e37f5c17c57cd4d68cfe1e69b3e83ccbb39206cebbfd1fac2fa2,https://digitalcorpora.s3.amazonaws.com/corpora/files/CC-MAIN-2021-31-PDF-UNTRUNCATED/zipfiles/2000-2999/2023.zip,2023118.pdf
cc-2023-2023119.pdf,cc,144526,1,false,false,false,false,413ce64e7a6a7f32a5fe4a3545f7af40dc5a69aa71712fdd1d884beee48a4bb3,https://digitalcorpora.s3.amazonaws.com/corpora/files/CC-MAIN-2021-31-PDF-UNTRUNCATED/zipfiles/2000-2999/2023.zip,2023119.pdf
cc-2023-2023120.pdf,cc,181317,1,false,false,false,false,413ce72f8ca72a523a38e629782ebffeeef19f211f6293078269eedb8b8e28d5,https://digitalcorpora.s3.amazonaws.com/corpora/files/CC-MAIN-2021-31-PDF-UNTRUNCATED/zipfiles/2000-2999/2023.zip,2023120.pdf
cc-2023-2023121.pdf,cc,12451,2,false,false,false,false,413ce9fd77a50f408b7d535d93ee234671aecf29c78633adb05cbbeefdfb659a,https://digitalcorpora.s3.amazonaws.com/corpora/files/CC-MAIN-2021-31-PDF-UNTRUNCATED/zipfiles/2000-2999/2023.zip,2023121.pdf
cc-2023-2023122.pdf,cc,653392,2,false,false,false,false,413ceb3c127fd4d5325c2c35f76a479422d7113423e2acc131d90df701a8924d,https://digitalcorpora.s3.amazonaws.com/corpora/files/CC-MAIN-2021-31-PDF-UNTRUNCATED/zipfiles/2000-2999/2023.zip,2023122.pdf
cc-2023-2023123.pdf,cc,44594,4,false,false,false,false,413cf061be0cb6e53a6f47f856ca4700ed6b0793f7e8226aeb3546c0e8066e9a,https://digitalcorpora.s3.amazonaws.com/corpora/files/CC-MAIN-2021-31-PDF-UNTRUNCATED/zipfiles/2000-2999/2023.zip,2023123.pdf
cc-2023-2023124.pdf,cc,129310,3,false,true,true,true,413cf0832449b736a2ef229f1490ac29ca911f25dcc5d48ec08945ae13e30d17,https://digitalcorpora.s3.amazonaws.com/corpora/files/CC-MAIN-2021-31-PDF-UNTRUNCATED/zipfiles/2000-2999/2023.zip,2023124.pdf
cc-2023-2023125.pdf,cc,8139599,11,false,false,true,false,413cf0a5be4463206ebb8b035409e78d262eaf4de1b8bc8cba67a3702fd371f1,https://digitalcorpora.s3.amazonaws.com/corpora/files/CC-MAIN-2021-31-PDF-UNTRUNCATED/zipfiles/2000-2999/2023.zip,2023125.pdf
cc-2023-2023126.pdf,cc,214067,13,false,false,false,false,413cf3156eec2d7990dcec55eba782c62536a60173383eba8d2038b7dadea92c,https://digitalcorpora.s3.amazonaws.com/corpora/files/CC-MAIN-2021-31-PDF-UNTRUNCATED/zipfiles/2000-2999/2023.zip,2023126.pdf
cc-2023-2023127.pdf,cc,130647,1,false,false,false,false,413cf393077badf43195513047109acdced13d71802826917cf32002322bc97a,https://digitalcorpora.s3.amazonaws.com/corpora/files/CC-MAIN-2021-31-PDF-UNTRUNCATED/zipfiles/2000-2999/2023.zip,2023127.pdf
cc-2023-2023128.pdf,cc,974253,8,false,false,true,false,413cf662b0ddaef2c619efaa882f647d038423d0752399cf7333beb8b28441b6,https://digitalcorpora.s3.amazonaws.com/corpora/files/CC-MAIN-2021-31-PDF-UNTRUNCATED/zipfiles/2000-2999/2023.zip,2023128.pdf
cc-2023-2023129.pdf,cc,282841,1,false,false,false,false,413cfb439684d862224882b0875836ec16536c770b7a8d74031d75a53565b443,https://digitalcorpora.s3.amazonaws.com/corpora/files/CC-MAIN-2021-31-PDF-UNTRUNCATED/zipfiles/2000-2999/2023.zip,2023129.pdf
cc-2023-2023130.pdf,cc,143031,1,false,false,true,false,413d0124dee1a2d159a7d10e854a851a53a7de5ebc154f8269f95e76872398a0,https://digitalcorpora.s3.amazonaws.com/corpora/files/CC-MAIN-2021-31-PDF-UNTRUNCATED/zipfiles/2000-2999/2023.zip,2023130.pdf
cc-2023-2023131.pdf,cc,90782,3,false,false,false,false,413d03e2904a7e8f76270e05300e2f307932ca2c82cffce44d6332d2eb5a92df,https://digitalcorpora.s3.amazonaws.com/corpora/files/CC-MAIN-2021-31-PDF-UNTRUNCATED/zipfiles/2000-2999/2023.zip,2023131.pdf
cc-2023-2023132.pdf,cc,103992,4,false,false,true,false,413d077f0f23b5b7a999c2d7e7be8ae8d6eb299905ad3fef5a0f3eda0663d9d6,https://digitalcorpora.s3.amazonaws.com/corpora/files/CC-MAIN-2021-31-PDF-UNTRUNCATED/zipfiles/2000-2999/2023.zip,2023132.pdf
cc-2023-2023133.pdf,cc,162930,5,false,false,true,false,413d09614e7ffcbcbcf7c0c3866fb1bcb9f1187a4dfeef06edb3390c116c2ac2,https://digitalcorpora.s3.amazonaws.com/corpora/files/CC-MAIN-2021-31-PDF-UNTRUNCATED/zipfiles/2000-2999/2023.zip,2023133.pdf
cc-2023-2023134.pdf,cc,2961243,12,false,false,true,false,413d0a292d45a953815141644b968945de2a3d780d9c63f03453061329569c55,https://digitalcorpora.s3.amazonaws.com/corpora/files/CC-MAIN-2021-31-PDF-UNTRUNCATED/zipfiles/2000-2999/2023.zip,2023134.pdf
cc-2023-2023135.pdf,cc,221971,2,false,false,false,false,413d0fba07b7571b5c5a09407f25160c8930c75170a7332f9aab5b7374cea039,https://digitalcorpora.s3.amazonaws.com/corpora/files/CC-MAIN-2021-31-PDF-UNTRUNCATED/zipfiles/2000-2999/2023.zip,2023135.pdf
cc-2023-2023136.pdf,cc,641131,9,false,false,false,false,413d0ff615846b5fac135ebc71a04f9171be2667ed094d3295b984f3b5485819,https://digitalcorpora.s3.amazonaws.com/corpora/files/CC-MAIN-2021-31-PDF-UNTRUNCATED/zipfiles/2000-2999/2023.zip,2023136.pdf
cc-2023-2023137.pdf,cc,14584191,28,false,false,false,false,413d10e5f50e4da37c51ea87dac16c2cd2109af4d58d4b427c3e13d63f903c82,https://digitalcorpora.s3.amazonaws.com/corpora/files/CC-MAIN-2021-31-PDF-UNTRUNCATED/zipfiles/2000-2999/2023.zip,2023137.pdf
cc-2023-2023138.pdf,cc,290009,34,false,false,true,false,413d11f5f4a886e112b9d5e24d6dbbc1ed87610286c1a8d195946ae0a2e0e5b6,https://digitalcorpora.s3.amazonaws.com/corpora/files/CC-MAIN-2021-31-PDF-UNTRUNCATED/zipfiles/2000-2999/2023.zip,2023138.pdf
cc-2023-2023139.pdf,cc,77369,3,false,false,false,false,413d1288a30f5cec8fc566b4d3dede5a5285d4ab2f5d8d223ef1e9dad46b103a,https://digitalcorpora.s3.amazonaws.com/corpora/files/CC-MAIN-2021-31-PDF-UNTRUNCATED/zipfiles/2000-2999/2023.zip,2023139.pdf
cc-2023-2023140.pdf,cc,634320,1,false,false,true,false,413d163cd797a9b4963c08666ddeb8add3f7be97003458ee634924ee38a81ed6,https://digitalcorpora.s3.amazonaws.com/corpora/files/CC-MAIN-2021-31-PDF-UNTRUNCATED/zipfiles/2000-2999/2023.zip,2023140.pdf
cc-2023-2023141.pdf,cc,43382,3,false,false,false,false,413d16679b1c5185e2045a650547bf42e506d0a489c00b3c3764695ccfe9047d,https://digitalcorpora.s3.amazonaws.com/corpora/files/CC-MAIN-2021-31-PDF-UNTRUNCATED/zipfiles/2000-2999/2023.zip,2023141.pdf
cc-2023-2023142.pdf,cc,3818734,2,false,false,true,false,413d1ac59e5221e4d88304b0524f7b1d2c4b57a4ef96f592f9434cf822f63a40,https://digitalcorpora.s3.amazonaws.com/corpora/files/CC-MAIN-2021-31-PDF-UNTRUNCATED/zipfiles/2000-2999/2023.zip,2023142.pdf
cc-2023-2023143.pdf,cc,72618,2,true,false,false,false,413d21eb40f279cbe65bea56f73d400831785ee5da2baedcd5db050243ce3d61,https://digitalcorpora.s3.amazonaws.com/corpora/files/CC-MAIN-2021-31-PDF-UNTRUNCATED/zipfiles/2000-2999/2023.zip,2023143.pdf
cc-2023-2023144.pdf,cc,99021,5,false,false,false,false,413d24bdb92ddd86031e5861a8661613366c33a9ce519ca450be5cc45bfcb2b7,https://digitalcorpora.s3.amazonaws.com/corpora/files/CC-MAIN-2021-31-PDF-UNTRUNCATED/zipfiles/2000-2999/2023.zip,2023144.pdf
cc-2023-2023145.pdf,cc,199728,1,false,false,false,false,413d250963ce050a3d2771ea7fe7a508f924f5c13829a6fb82a83003792d8333,https://digitalcorpora.s3.amazonaws.com/corpora/files/CC-MAIN-2021-31-PDF-UNTRUNCATED/zipfiles/2000-2999/2023.zip,2023145.pdf
cc-2023-2023146.pdf,cc,54843,2,false,false,false,false,413d2582bd83ada37931d8b473ed88e159e2b2ac496e19d5d7aa812e161f90a0,https://digitalcorpora.s3.amazonaws.com/corpora/files/CC-MAIN-2021-31-PDF-UNTRUNCATED/zipfiles/2000-2999/2023.zip,2023146.pdf
cc-2023-2023147.pdf,cc,2429540,5,false,false,false,false,413d276b516f7fbb318e9edef5d37a1c65a15e6f936e4bfb1a88c134e2bbc6a8,https://digitalcorpora.s3.amazonaws.com/corpora/files/CC-MAIN-2021-31-PDF-UNTRUNCATED/zipfiles/2000-2999/2023.zip,2023147.pdf
cc-2023-2023148.pdf,cc,238813,6,false,false,false,false,413d290d51c1596b01097f674e85c809deb0a0a34c48f1d5f00e8a1474abaaa6,https://digitalcorpora.s3.amazonaws.com/corpora/files/CC-MAIN-2021-31-PDF-UNTRUNCATED/zipfiles/2000-2999/2023.zip,2023148.pdf
cc-2023-2023149.pdf,cc,15438,9,false,false,false,false,413d2a2e51a28890b2507d36adc0721ba987f59b4234c6d59b2e610b122a2272,https://digitalcorpora.s3.amazonaws.com/corpora/files/CC-MAIN-2021-31-PDF-UNTRUNCATED/zipfiles/2000-2999/2023.zip,2023149.pdf
cc-2023-2023150.pdf,cc,953118,5,false,false,true,false,413d2ee1175a851a5df71f09826351836b0574a846dc2459f7bc24ccc2ef5b20,https://digitalcorpora.s3.amazonaws.com/corpora/files/CC-MAIN-2021-31-PDF-UNTRUNCATED/zipfiles/2000-2999/2023.zip,2023150.pdf
cc-2023-2023151.pdf,cc,2185259,221,false,false,true,false,413d35b052f6a116a9c1936796441563d12e098324520b1489535416981363c6,https://digitalcorpora.s3.amazonaws.com/corpora/files/CC-MAIN-2021-31-PDF-UNTRUNCATED/zipfiles/2000-2999/2023.zip,2023151.pdf
cc-2023-2023152.pdf,cc,292199,1,false,false,true,false,413d37073743bedc75f6eda0cd047db94448e91306d599407690851583c278cb,https://digitalcorpora.s3.amazonaws.com/corpora/files/CC-MAIN-2021-31-PDF-UNTRUNCATED/zipfiles/2000-2999/2023.zip,2023152.pdf
cc-2023-2023153.pdf,cc,114063,3,false,false,false,false,413d37a79055673cba816ff69b56b650b32715bb5278210adde3e24a29f1de3f,https://digitalcorpora.s3.amazonaws.com/corpora/files/CC-MAIN-2021-31-PDF-UNTRUNCATED/zipfiles/2000-2999/2023.zip,2023153.pdf
cc-2023-2023154.pdf,cc,919476,11,false,false,false,false,413d38d6aa4cee9c6f149de96567b6986e14000eb8747553fda611b83175d71a,https://digitalcorpora.s3.amazonaws.com/corpora/files/CC-MAIN-2021-31-PDF-UNTRUNCATED/zipfiles/2000-2999/2023.zip,2023154.pdf
cc-2023-2023155.pdf,cc,98435,1,false,false,false,false,413d3c54712e6d6cafac29abb3e8fba065a98f716902cb466b3f4f5b0b278ebf,https://digitalcorpora.s3.amazonaws.com/corpora/files/CC-MAIN-2021-31-PDF-UNTRUNCATED/zipfiles/2000-2999/2023.zip,2023155.pdf
cc-2023-2023156.pdf,cc,148151,1,false,false,false,false,413d3d2a53cb44e2d132590df223616341c9e8674ab145dde750539d4ee827aa,https://digitalcorpora.s3.amazonaws.com/corpora/files/CC-MAIN-2021-31-PDF-UNTRUNCATED/zipfiles/2000-2999/2023.zip,2023156.pdf
cc-2023-2023157.pdf,cc,817614,17,false,false,true,false,413d3d2d28588cbba0d465d757f17cba69e2fe1d8b8064b6baba05a95c9140a9,https://digitalcorpora.s3.amazonaws.com/corpora/files/CC-MAIN-2021-31-PDF-UNTRUNCATED/zipfiles/2000-2999/2023.zip,2023157.pdf
cc-2023-2023158.pdf,cc,257544,11,false,false,false,false,413d41046d294f252d610328fd6f20388477af92735f11027e6394ad035d6a41,https://digitalcorpora.s3.amazonaws.com/corpora/files/CC-MAIN-2021-31-PDF-UNTRUNCATED/zipfiles/2000-2999/2023.zip,2023158.pdf
cc-2023-2023159.pdf,cc,23830,1,false,false,true,false,413d4186c42eafb97cc388aacfe9b5806b30afe530bdd7f87c0c704fe455a8cf,https://digitalcorpora.s3.amazonaws.com/corpora/files/CC-MAIN-2021-31-PDF-UNTRUNCATED/zipfiles/2000-2999/2023.zip,2023159.pdf
cc-2023-2023160.pdf,cc,378112,3,false,false,false,false,413d44189e75f426583a7f04ac675a52716019d093579b3656e9bcbd7981ccfc,https://digitalcorpora.s3.amazonaws.com/corpora/files/CC-MAIN-2021-31-PDF-UNTRUNCATED/zipfiles/2000-2999/2023.zip,2023160.pdf
cc-2023-2023161.pdf,cc,1723464,39,false,false,true,false,413d455fa6c33bbaa5f62497fa2124006d0201293d5eccc6b8ddb2b71d3f4be2,https://digitalcorpora.s3.amazonaws.com/corpora/files/CC-MAIN-2021-31-PDF-UNTRUNCATED/zipfiles/2000-2999/2023.zip,2023161.pdf
cc-2023-2023162.pdf,cc,455222,1,true,false,true,false,413d468ef443ba17213e26d3d6240262cf35f2303fecfaf18183db810cd18406,https://digitalcorpora.s3.amazonaws.com/corpora/files/CC-MAIN-2021-31-PDF-UNTRUNCATED/zipfiles/2000-2999/2023.zip,2023162.pdf
cc-2023-2023163.pdf,cc,5043052,12,false,false,false,false,413d484b454eaaf2ad82e6e119d5859189960f8f2a1b2c527f90a278d3ab00fb,https://digitalcorpora.s3.amazonaws.com/corpora/files/CC-MAIN-2021-31-PDF-UNTRUNCATED/zipfiles/2000-2999/2023.zip,2023163.pdf
cc-2023-2023164.pdf,cc,12292832,2,false,false,false,false,413d4b8b5c5b7b61642defc3f86e5e34b4e3ae96c855431c15bfb583eb1b5bfa,https://digitalcorpora.s3.amazonaws.com/corpora/files/CC-MAIN-2021-31-PDF-UNTRUNCATED/zipfiles/2000-2999/2023.zip,2023164.pdf
cc-2023-2023165.pdf,cc,1670851,6,false,false,false,false,413d4c0e690d1bfce2a31beff88fcdc04ea968a879c594f92fcd389a6fe915c9,https://digitalcorpora.s3.amazonaws.com/corpora/files/CC-MAIN-2021-31-PDF-UNTRUNCATED/zipfiles/2000-2999/2023.zip,2023165.pdf
cc-2023-2023166.pdf,cc,186042,2,false,false,true,false,413d4dc17d9746da516379dfd29eba663f9c558b4440c5ceda8e1228b856096a,https://digitalcorpora.s3.amazonaws.com/corpora/files/CC-MAIN-2021-31-PDF-UNTRUNCATED/zipfiles/2000-2999/2023.zip,2023166.pdf
cc-2023-2023167.pdf,cc,105052,1,false,false,true,false,413d4deba2ba9c3513e8abe2a6fe7407a47fa123f6b05ac52b60fbed61613819,https://digitalcorpora.s3.amazonaws.com/corpora/files/CC-MAIN-2021-31-PDF-UNTRUNCATED/zipfiles/2000-2999/2023.zip,2023167.pdf
cc-2023-2023168.pdf,cc,519843,1,false,false,false,true,413d4ea480284cf220b532284640c81987ebcaf7c74aaeacee902e762c6b010b,https://digitalcorpora.s3.amazonaws.com/corpora/files/CC-MAIN-2021-31-PDF-UNTRUNCATED/zipfiles/2000-2999/2023.zip,2023168.pdf
cc-2023-2023169.pdf,cc,215706,18,false,false,false,false,413d51006c3904b1266707e27755aa631d9afa05ee1d10d29239c783655d884d,https://digitalcorpora.s3.amazonaws.com/corpora/files/CC-MAIN-2021-31-PDF-UNTRUNCATED/zipfiles/2000-2999/2023.zip,2023169.pdf
cc-2023-2023170.pdf,cc,190172,16,false,false,false,false,413d59836eccd367ca92ad9dd2015307450efb7e01618bb0b26cf059e57e219d,https://digitalcorpora.s3.amazonaws.com/corpora/files/CC-MAIN-2021-31-PDF-UNTRUNCATED/zipfiles/2000-2999/2023.zip,2023170.pdf
cc-2023-2023171.pdf,cc,1631971,51,false,false,true,false,413d5c4bab62552f3042923afc061b17c4caf09c67a3c7febdbd660bf702f63a,https://digitalcorpora.s3.amazonaws.com/corpora/files/CC-MAIN-2021-31-PDF-UNTRUNCATED/zipfiles/2000-2999/2023.zip,2023171.pdf
cc-2023-2023172.pdf,cc,87472,4,false,false,true,false,413d5d7420a7dfcab515900492c77f613b309e591d1e99e4d59941233d196082,https://digitalcorpora.s3.amazonaws.com/corpora/files/CC-MAIN-2021-31-PDF-UNTRUNCATED/zipfiles/2000-2999/2023.zip,2023172.pdf
cc-2023-2023173.pdf,cc,4636813,23,false,false,true,false,413d5dc96a82826e1ea9afb3f35fb45dae0f56664b1dd0530abdeead18d6ed9d,https://digitalcorpora.s3.amazonaws.com/corpora/files/CC-MAIN-2021-31-PDF-UNTRUNCATED/zipfiles/2000-2999/2023.zip,2023173.pdf
cc-2023-2023174.pdf,cc,4728756,9,false,false,false,false,413d5ec5585081f2a24024ba0a8776f74fbba66d569e2003ae4d40f562cbb6fb,https://digitalcorpora.s3.amazonaws.com/corpora/files/CC-MAIN-2021-31-PDF-UNTRUNCATED/zipfiles/2000-2999/2023.zip,2023174.pdf
cc-2023-2023175.pdf,cc,19003813,32,false,false,true,false,413d610dd6433de11ccf1dcc9adee2157b28adae470fcb5f0bf2e381f4b37ea4,https://digitalcorpora.s3.amazonaws.com/corpora/files/CC-MAIN-2021-31-PDF-UNTRUNCATED/zipfiles/2000-2999/2023.zip,2023175.pdf
cc-2023-2023176.pdf,cc,11246,9,false,false,false,false,413d6163f96943cede045bf8b24fffc35cbcf2a14f930f01408dacf2eb792414,https://digitalcorpora.s3.amazonaws.com/corpora/files/CC-MAIN-2021-31-PDF-UNTRUNCATED/zipfiles/2000-2999/2023.zip,2023176.pdf
cc-2023-2023177.pdf,cc,8072614,32,false,false,false,false,413d6bfadda3fe5ceb503ed54f5f0bd76ff46361e7c4f2487d21b864501b7f27,https://digitalcorpora.s3.amazonaws.com/corpora/files/CC-MAIN-2021-31-PDF-UNTRUNCATED/zipfiles/2000-2999/2023.zip,2023177.pdf
cc-2023-2023178.pdf,cc,9877,1,false,false,true,false,413d6f40f166a9d69c178c3b4d932fc0d8748d3b7055b55d68a94b65db2acaf4,https://digitalcorpora.s3.amazonaws.com/corpora/files/CC-MAIN-2021-31-PDF-UNTRUNCATED/zipfiles/2000-2999/2023.zip,2023178.pdf
cc-2023-2023179.pdf,cc,964630,6,false,false,true,false,413d72221a65fa6e493cf11bef6c9a7cd1e1486a6768b53ee53c1cbdbf792fb0,https://digitalcorpora.s3.amazonaws.com/corpora/files/CC-MAIN-2021-31-PDF-UNTRUNCATED/zipfiles/2000-2999/2023.zip,2023179.pdf
cc-2023-2023180.pdf,cc,476106,8,false,false,false,false,413d7249614f03744f7aecde8443c81a76bbd44e5889de6fc374f0d4c8014fa3,https://digitalcorpora.s3.amazonaws.com/corpora/files/CC-MAIN-2021-31-PDF-UNTRUNCATED/zipfiles/2000-2999/2023.zip,2023180.pdf
cc-2023-2023181.pdf,cc,493339,3,false,false,true,false,413d7737c212cb649e8e6e60ad04972b533100ab543910e23750aaf277f96ffa,https://digitalcorpora.s3.amazonaws.com/corpora/files/CC-MAIN-2021-31-PDF-UNTRUNCATED/zipfiles/2000-2999/2023.zip,2023181.pdf
cc-2023-2023182.pdf,cc,134638,1,false,false,true,false,413d78f512499349459e5b0c1a46c4f2acd0cc7ff80068b077c29cb9610a3302,https://digitalcorpora.s3.amazonaws.com/corpora/files/CC-MAIN-2021-31-PDF-UNTRUNCATED/zipfiles/2000-2999/2023.zip,2023182.pdf
cc-2023-2023183.pdf,cc,311624,1,false,false,false,false,413d79a26508cfcaff8af15709ffcbeaabcb791cf74a3605b4df61921947cd92,https://digitalcorpora.s3.amazonaws.com/corpora/files/CC-MAIN-2021-31-PDF-UNTRUNCATED/zipfiles/2000-2999/2023.zip,2023183.pdf
cc-2023-2023184.pdf,cc,1081,1,false,false,false,false,413d7c555650943714cc1277458f83431e5adfe625ea1f78e334f86fc16b3354,https://digitalcorpora.s3.amazonaws.com/corpora/files/CC-MAIN-2021-31-PDF-UNTRUNCATED/zipfiles/2000-2999/2023.zip,2023184.pdf
cc-2023-2023185.pdf,cc,245939,4,false,false,false,false,413d8012cf06303098bab6a6768ebc651e252dc5d490f5dc74f9107e53736849,https://digitalcorpora.s3.amazonaws.com/corpora/files/CC-MAIN-2021-31-PDF-UNTRUNCATED/zipfiles/2000-2999/2023.zip,2023185.pdf
cc-2023-2023186.pdf,cc,110460,3,false,false,true,false,413d80b0fcbe1bb3091cfcc06c6b21475ddb2955efc275260ec9dce1b33f49d7,https://digitalcorpora.s3.amazonaws.com/corpora/files/CC-MAIN-2021-31-PDF-UNTRUNCATED/zipfiles/2000-2999/2023.zip,2023186.pdf
cc-2023-2023187.pdf,cc,100095,13,false,false,false,false,413d80d0ca867e0dfe490609050102ddf816e35cf804a26cfcefaa8bff47f4ca,https://digitalcorpora.s3.amazonaws.com/corpora/files/CC-MAIN-2021-31-PDF-UNTRUNCATED/zipfiles/2000-2999/2023.zip,2023187.pdf
cc-2023-2023188.pdf,cc,1100088,4,false,false,false,false,413d85b86d275311546d13651033d817fbb9641dabe61f53460a37d4b31ec090,https://digitalcorpora.s3.amazonaws.com/corpora/files/CC-MAIN-2021-31-PDF-UNTRUNCATED/zipfiles/2000-2999/2023.zip,2023188.pdf
cc-2023-2023189.pdf,cc,9788545,18,false,false,false,false,413d8626c5838b4452b8009ad8c6d276ba2c473bbd5344c6f133dd62990a2138,https://digitalcorpora.s3.amazonaws.com/corpora/files/CC-MAIN-2021-31-PDF-UNTRUNCATED/zipfiles/2000-2999/2023.zip,2023189.pdf
cc-2023-2023190.pdf,cc,1203526,12,false,false,false,true,413d86c1b427fbb798c5fee4d978d42c59be20894de970a9c2139da237d89f10,https://digitalcorpora.s3.amazonaws.com/corpora/files/CC-MAIN-2021-31-PDF-UNTRUNCATED/zipfiles/2000-2999/2023.zip,2023190.pdf
cc-2023-2023191.pdf,cc,683247,6,false,false,false,false,413d89486f309a6e09c82d53a8d0ceee7dd1bc7332885317e2b0325cadb5434d,https://digitalcorpora.s3.amazonaws.com/corpora/files/CC-MAIN-2021-31-PDF-UNTRUNCATED/zipfiles/2000-2999/2023.zip,2023191.pdf
cc-2023-2023192.pdf,cc,213965,1,false,false,false,false,413d89f9c6f19db1a0541808755663ddc885029f04f344fe8d89b06760b8745a,https://digitalcorpora.s3.amazonaws.com/corpora/files/CC-MAIN-2021-31-PDF-UNTRUNCATED/zipfiles/2000-2999/2023.zip,2023192.pdf
cc-2023-2023193.pdf,cc,1848800,2,false,false,true,false,413d8acf5fafffb204ae256da23cbbc3c10cfc5a82afac3d68e5e5e3b6222107,https://digitalcorpora.s3.amazonaws.com/corpora/files/CC-MAIN-2021-31-PDF-UNTRUNCATED/zipfiles/2000-2999/2023.zip,2023193.pdf
cc-2023-2023194.pdf,cc,44055,1,false,false,false,false,413d8c3e6838eda6b7dacd903d41b9dd0ef204116b871dbfacb01f1b0a5d23a0,https://digitalcorpora.s3.amazonaws.com/corpora/files/CC-MAIN-2021-31-PDF-UNTRUNCATED/zipfiles/2000-2999/2023.zip,2023194.pdf
cc-2023-2023195.pdf,cc,116514,1,false,false,false,false,413d8de2f515e972d1458b0a0c9c15ccb3871df5b2dbfc4ab9bfc61aa11a1a08,https://digitalcorpora.s3.amazonaws.com/corpora/files/CC-MAIN-2021-31-PDF-UNTRUNCATED/zipfiles/2000-2999/2023.zip,2023195.pdf
cc-2023-2023196.pdf,cc,64076,2,false,false,true,false,413d8fbab7ebff260c148dd1ce7d411e1e8b2c8afd7c9481bfb6ddeb99946f76,https://digitalcorpora.s3.amazonaws.com/corpora/files/CC-MAIN-2021-31-PDF-UNTRUNCATED/zipfiles/2000-2999/2023.zip,2023196.pdf
cc-2023-2023197.pdf,cc,199829,2,false,false,true,false,413d939f0cb6437a7fedb9e916d0e45c5b5e808d05e605c60ba3788626eadb1f,https://digitalcorpora.s3.amazonaws.com/corpora/files/CC-MAIN-2021-31-PDF-UNTRUNCATED/zipfiles/2000-2999/2023.zip,2023197.pdf
cc-2023-2023198.pdf,cc,41820,1,false,false,false,false,413d94ad80dcf0a05cb4f3930ecb75724ad5ebc26f964c44eb9efde682592488,https://digitalcorpora.s3.amazonaws.com/corpora/files/CC-MAIN-2021-31-PDF-UNTRUNCATED/zipfiles/2000-2999/2023.zip,2023198.pdf
cc-2023-2023199.pdf,cc,523601,17,false,false,true,false,413d9561aff7ee7f0407ac5657dfc7d3de6ffe692ef097250173332e895f0840,https://digitalcorpora.s3.amazonaws.com/corpora/files/CC-MAIN-2021-31-PDF-UNTRUNCATED/zipfiles/2000-2999/2023.zip,2023199.pdf
cc-2023-2023200.pdf,cc,172948,14,false,false,true,false,413d961c4e833e2e6304e876652edde619e9fdfd17eb32e7bb2e8658fb1eeae6,https://digitalcorpora.s3.amazonaws.com/corpora/files/CC-MAIN-2021-31-PDF-UNTRUNCATED/zipfiles/2000-2999/2023.zip,2023200.pdf
cc-2023-2023201.pdf,cc,1062611,10,false,false,false,false,413d96ff5f0fea8c86bb4c97e61d9e1d509bb4150c0581a41498e0e39ec534e2,https://digitalcorpora.s3.amazonaws.com/corpora/files/CC-MAIN-2021-31-PDF-UNTRUNCATED/zipfiles/2000-2999/2023.zip,2023201.pdf
cc-2023-2023202.pdf,cc,254061,6,false,false,false,false,413d970150080a194009d64e26f06bc505f64416daceb1a7e6764b58059742b2,https://digitalcorpora.s3.amazonaws.com/corpora/files/CC-MAIN-2021-31-PDF-UNTRUNCATED/zipfiles/2000-2999/2023.zip,2023202.pdf
cc-2023-2023203.pdf,cc,1169885,1,false,false,false,false,413d974ae4e712b877f6abad60bd091e3ed5fa8503699efd66658a7311bbc02c,https://digitalcorpora.s3.amazonaws.com/corpora/files/CC-MAIN-2021-31-PDF-UNTRUNCATED/zipfiles/2000-2999/2023.zip,2023203.pdf
cc-2023-2023204.pdf,cc,92055,1,false,false,false,false,413d97635b14cc7ac7b8956f5a93ef2d7014ba40ffdf8dbdfd1248d9c56bafe3,https://digitalcorpora.s3.amazonaws.com/corpora/files/CC-MAIN-2021-31-PDF-UNTRUNCATED/zipfiles/2000-2999/2023.zip,2023204.pdf
cc-2023-2023205.pdf,cc,637565,22,false,false,false,false,413d9c25f34ab5c607eca8ad79a3151bfaaada9eecb1939d0187213e658f0a8b,https://digitalcorpora.s3.amazonaws.com/corpora/files/CC-MAIN-2021-31-PDF-UNTRUNCATED/zipfiles/2000-2999/2023.zip,2023205.pdf
cc-2023-2023206.pdf,cc,1368958,24,false,false,true,false,413d9e79ecd0e0ea7db8f9851525f848edb617abf66a857b0e0591d45c52e612,https://digitalcorpora.s3.amazonaws.com/corpora/files/CC-MAIN-2021-31-PDF-UNTRUNCATED/zipfiles/2000-2999/2023.zip,2023206.pdf
cc-2023-2023207.pdf,cc,710298,1,false,false,true,false,413d9f848ab3c1f74334f01a25116559243f775e5807bf94143acda5a02e1ad5,https://digitalcorpora.s3.amazonaws.com/corpora/files/CC-MAIN-2021-31-PDF-UNTRUNCATED/zipfiles/2000-2999/2023.zip,2023207.pdf
cc-2023-2023208.pdf,cc,32114,1,false,false,true,false,413d9fc45d814f82e3f58cb38af20261582fdf2a87f213d7e8ccf5b9331e42c0,https://digitalcorpora.s3.amazonaws.com/corpora/files/CC-MAIN-2021-31-PDF-UNTRUNCATED/zipfiles/2000-2999/2023.zip,2023208.pdf
cc-2023-2023209.pdf,cc,1831973,15,false,false,false,true,413da18c32155331fc0fe26b177cf01be783d24bdf93ce41658da5e8b13c1682,https://digitalcorpora.s3.amazonaws.com/corpora/files/CC-MAIN-2021-31-PDF-UNTRUNCATED/zipfiles/2000-2999/2023.zip,2023209.pdf
cc-2023-2023210.pdf,cc,155313,2,false,false,true,false,413da2a41c4bc7db20ccd513badf9838fb825533bd63a894da1d347d7aa1210e,https://digitalcorpora.s3.amazonaws.com/corpora/files/CC-MAIN-2021-31-PDF-UNTRUNCATED/zipfiles/2000-2999/2023.zip,2023210.pdf
cc-2023-2023211.pdf,cc,205320,1,false,false,false,true,413da65adc43c2e7ce03c97929085b9f0662bd0c2e8875fe3b214567b08eb1f2,https://digitalcorpora.s3.amazonaws.com/corpora/files/CC-MAIN-2021-31-PDF-UNTRUNCATED/zipfiles/2000-2999/2023.zip,2023211.pdf
cc-2023-2023212.pdf,cc,156630,2,false,false,true,false,413da6d151979cfc90f621a2e43a0baab7508a571eeefedd29b4776480e53868,https://digitalcorpora.s3.amazonaws.com/corpora/files/CC-MAIN-2021-31-PDF-UNTRUNCATED/zipfiles/2000-2999/2023.zip,2023212.pdf
cc-2023-2023213.pdf,cc,272818,1,false,false,false,false,413da6ecc47ffac90c47ffd09f5e30ad4997935d2830552e7b1aa0e89056a54c,https://digitalcorpora.s3.amazonaws.com/corpora/files/CC-MAIN-2021-31-PDF-UNTRUNCATED/zipfiles/2000-2999/2023.zip,2023213.pdf
cc-2023-2023214.pdf,cc,42330,2,false,false,false,false,413daa25090de70e65ce6cee1f6bc397f33d315800e44e02f3b49d15aa2dc612,https://digitalcorpora.s3.amazonaws.com/corpora/files/CC-MAIN-2021-31-PDF-UNTRUNCATED/zipfiles/2000-2999/2023.zip,2023214.pdf
cc-2023-2023215.pdf,cc,277444,1,false,false,false,false,413dabec5ab016f2d2335ca7de94dabc7adc47b6d38213184d2006a7d71b06f9,https://digitalcorpora.s3.amazonaws.com/corpora/files/CC-MAIN-2021-31-PDF-UNTRUNCATED/zipfiles/2000-2999/2023.zip,2023215.pdf
cc-2023-2023216.pdf,cc,270201,1,false,false,false,false,413dae63083f8069ad28248b5d837f47b598a33bb3706e36f7281206b937993f,https://digitalcorpora.s3.amazonaws.com/corpora/files/CC-MAIN-2021-31-PDF-UNTRUNCATED/zipfiles/2000-2999/2023.zip,2023216.pdf
cc-2023-2023217.pdf,cc,125925,5,false,false,true,false,413db048f1f602e2e1004557ea5e10164c460d7cfd1e314737bfb036eb46d955,https://digitalcorpora.s3.amazonaws.com/corpora/files/CC-MAIN-2021-31-PDF-UNTRUNCATED/zipfiles/2000-2999/2023.zip,2023217.pdf
cc-2023-2023218.pdf,cc,272815,1,false,false,false,false,413db5e0c4320e83cc62f2e8b47d3a14b85bb55bcd160ecc2edbbcba10520343,https://digitalcorpora.s3.amazonaws.com/corpora/files/CC-MAIN-2021-31-PDF-UNTRUNCATED/zipfiles/2000-2999/2023.zip,2023218.pdf
cc-2023-2023219.pdf,cc,558361,1,false,false,false,false,413db76651e46afa1707b35d55dfef2c17ecea9996b3cbb1f4afcf1784ce825a,https://digitalcorpora.s3.amazonaws.com/corpora/files/CC-MAIN-2021-31-PDF-UNTRUNCATED/zipfiles/2000-2999/2023.zip,2023219.pdf
cc-2023-2023220.pdf,cc,104106,3,false,false,true,true,413db7e47085fb50fda11137b4ed951dec469e22eb325300689f6f5d28d0a828,https://digitalcorpora.s3.amazonaws.com/corpora/files/CC-MAIN-2021-31-PDF-UNTRUNCATED/zipfiles/2000-2999/2023.zip,2023220.pdf
cc-2023-2023221.pdf,cc,86132,3,false,false,false,false,413db804dfce09bdeb396a365640f301afa7eb45736236eea2653bfb06289b1b,https://digitalcorpora.s3.amazonaws.com/corpora/files/CC-MAIN-2021-31-PDF-UNTRUNCATED/zipfiles/2000-2999/2023.zip,2023221.pdf
cc-2023-2023222.pdf,cc,330861,8,false,false,true,false,413db8d68edc65e3877057e4092a067a0261876e67e34d7136978406de3046ba,https://digitalcorpora.s3.amazonaws.com/corpora/files/CC-MAIN-2021-31-PDF-UNTRUNCATED/zipfiles/2000-2999/2023.zip,2023222.pdf
cc-2023-2023223.pdf,cc,112561,3,false,false,false,false,413dbdb46a520003ee81325a3f8398e4cb68c48a930a16049cd9345b198278fe,https://digitalcorpora.s3.amazonaws.com/corpora/files/CC-MAIN-2021-31-PDF-UNTRUNCATED/zipfiles/2000-2999/2023.zip,2023223.pdf
cc-2023-2023224.pdf,cc,164571,1,false,false,false,false,413dc7050738edd286e949499fc103fcd52516131445141b8b82409e68f14a2e,https://digitalcorpora.s3.amazonaws.com/corpora/files/CC-MAIN-2021-31-PDF-UNTRUNCATED/zipfiles/2000-2999/2023.zip,2023224.pdf
cc-2023-2023225.pdf,cc,196606,2,false,false,true,false,413dcdef2456a3dbd8603331eeb8f7414a781c990b1dec8cb0c1e9117a6d8179,https://digitalcorpora.s3.amazonaws.com/corpora/files/CC-MAIN-2021-31-PDF-UNTRUNCATED/zipfiles/2000-2999/2023.zip,2023225.pdf
cc-2023-2023226.pdf,cc,39747,2,false,false,false,false,413dce5a55f0e44e690076cb9062d66ace0bf819d16ff724b6c7d4d84fee4902,https://digitalcorpora.s3.amazonaws.com/corpora/files/CC-MAIN-2021-31-PDF-UNTRUNCATED/zipfiles/2000-2999/2023.zip,2023226.pdf
cc-2023-2023227.pdf,cc,151990,2,false,false,false,false,413dcf9b174ad8bd45462ae990df2de13bd69fa64454d931b67eeca450eb8b2f,https://digitalcorpora.s3.amazonaws.com/corpora/files/CC-MAIN-2021-31-PDF-UNTRUNCATED/zipfiles/2000-2999/2023.zip,2023227.pdf
cc-2023-2023228.pdf,cc,22973,2,false,true,false,true,413dd08e3636907af550904f39978be8cde9a3107bae6f0bdac015c115e4aacf,https://digitalcorpora.s3.amazonaws.com/corpora/files/CC-MAIN-2021-31-PDF-UNTRUNCATED/zipfiles/2000-2999/2023.zip,2023228.pdf
cc-2023-2023229.pdf,cc,3177742,20,false,false,false,false,413dd199d801e7a2369489eccd4cb295d707ea5e7cb49de882e8d10e5df39946,https://digitalcorpora.s3.amazonaws.com/corpora/files/CC-MAIN-2021-31-PDF-UNTRUNCATED/zipfiles/2000-2999/2023.zip,2023229.pdf
cc-2023-2023230.pdf,cc,2602883,256,false,false,false,false,413dd1c75a471318657076372ae286f7f93d13d4e7d755d1da72111c88261eaa,https://digitalcorpora.s3.amazonaws.com/corpora/files/CC-MAIN-2021-31-PDF-UNTRUNCATED/zipfiles/2000-2999/2023.zip,2023230.pdf
cc-2023-2023231.pdf,cc,93407,3,false,false,false,false,413dd3fae9cb726fd10e86b4f0802eda6371ab78cfdd946ee7693f6195ab68a7,https://digitalcorpora.s3.amazonaws.com/corpora/files/CC-MAIN-2021-31-PDF-UNTRUNCATED/zipfiles/2000-2999/2023.zip,2023231.pdf
cc-2023-2023232.pdf,cc,279848,1,true,false,false,false,413dd4bed5688cf63e8889035e486ef24dc7efb213192bddddcc8717c9946b3d,https://digitalcorpora.s3.amazonaws.com/corpora/files/CC-MAIN-2021-31-PDF-UNTRUNCATED/zipfiles/2000-2999/2023.zip,2023232.pdf
cc-2023-2023233.pdf,cc,89918,1,false,false,false,false,413dd541052edf59ae60cdea93393addb1ae1b47abe68fb779599937a27b3b35,https://digitalcorpora.s3.amazonaws.com/corpora/files/CC-MAIN-2021-31-PDF-UNTRUNCATED/zipfiles/2000-2999/2023.zip,2023233.pdf
cc-2023-2023234.pdf,cc,277497,2,false,false,true,false,413dd62aa1f524ea765ca9229532bf1e4c7a4b96bcb6ae118a33b108f9af6973,https://digitalcorpora.s3.amazonaws.com/corpora/files/CC-MAIN-2021-31-PDF-UNTRUNCATED/zipfiles/2000-2999/2023.zip,2023234.pdf
cc-2023-2023235.pdf,cc,91707,2,false,false,true,false,413dd6b9ba57c280a7205bce8932f6614f4794799f006179fd97bebebb56aa05,https://digitalcorpora.s3.amazonaws.com/corpora/files/CC-MAIN-2021-31-PDF-UNTRUNCATED/zipfiles/2000-2999/2023.zip,2023235.pdf
cc-2023-2023236.pdf,cc,16098,4,false,false,false,false,413dd87147f84f88c4d2524cc639a4a4e2813ce3a34cb948dd3a56bfb22e5c46,https://digitalcorpora.s3.amazonaws.com/corpora/files/CC-MAIN-2021-31-PDF-UNTRUNCATED/zipfiles/2000-2999/2023.zip,2023236.pdf
cc-2023-2023237.pdf,cc,20424700,68,false,false,false,true,413dd96aae574f2bee17a825a16d6f58f03725246c968bb7d1be441cf6e0e6b2,https://digitalcorpora.s3.amazonaws.com/corpora/files/CC-MAIN-2021-31-PDF-UNTRUNCATED/zipfiles/2000-2999/2023.zip,2023237.pdf
cc-2023-2023238.pdf,cc,332729,2,false,false,false,false,413ddb9067df07fd63c78263bf5b237bb427f3ae5790eb786bbf6d0fb6e0e9c7,https://digitalcorpora.s3.amazonaws.com/corpora/files/CC-MAIN-2021-31-PDF-UNTRUNCATED/zipfiles/2000-2999/2023.zip,2023238.pdf
cc-2023-2023239.pdf,cc,61955,7,false,false,false,false,413ddd6762cc4ac96896933e4e2db82cb71b8ed9cf12e0dc14008d3331d31479,https://digitalcorpora.s3.amazonaws.com/corpora/files/CC-MAIN-2021-31-PDF-UNTRUNCATED/zipfiles/2000-2999/2023.zip,2023239.pdf
cc-2023-2023240.pdf,cc,245147,2,false,false,true,false,413dde95262d6883c736068b4d757201ad3b1cccc6bfebca665a4a4761729c48,https://digitalcorpora.s3.amazonaws.com/corpora/files/CC-MAIN-2021-31-PDF-UNTRUNCATED/zipfiles/2000-2999/2023.zip,2023240.pdf
cc-2023-2023241.pdf,cc,4789662,51,false,true,true,true,413ddff1f19e4462719120c61a990c69c104c8f8c0735847e9625135d8bddf79,https://digitalcorpora.s3.amazonaws.com/corpora/files/CC-MAIN-2021-31-PDF-UNTRUNCATED/zipfiles/2000-2999/2023.zip,2023241.pdf
cc-2023-2023242.pdf,cc,743181,4,false,false,true,false,413de3bfa8f59e830a1e9842c24d349375c4df8e54aac78a3a14daad582ef98f,https://digitalcorpora.s3.amazonaws.com/corpora/files/CC-MAIN-2021-31-PDF-UNTRUNCATED/zipfiles/2000-2999/2023.zip,2023242.pdf
cc-2023-2023243.pdf,cc,278543,3,false,false,true,true,413de7a3dcc624b78223848b65527107ac39fc91e0d58cf18839c34c32d1cef6,https://digitalcorpora.s3.amazonaws.com/corpora/files/CC-MAIN-2021-31-PDF-UNTRUNCATED/zipfiles/2000-2999/2023.zip,2023243.pdf
cc-2023-2023244.pdf,cc,10256,1,false,false,true,false,413de88d2b5f276afec65b2edd8e6bbb92b128145b52a8266a4013769a4abfdc,https://digitalcorpora.s3.amazonaws.com/corpora/files/CC-MAIN-2021-31-PDF-UNTRUNCATED/zipfiles/2000-2999/2023.zip,2023244.pdf
cc-2023-2023245.pdf,cc,564708,3,false,false,true,false,413de9b3142bd03bf796516488ff35aa1ba972aa1a4724529a3f1423b2eab26e,https://digitalcorpora.s3.amazonaws.com/corpora/files/CC-MAIN-2021-31-PDF-UNTRUNCATED/zipfiles/2000-2999/2023.zip,2023245.pdf
cc-2023-2023246.pdf,cc,44543,1,false,false,false,false,413de9e5e15efa5835688add41750bf56092b2d01a404d433b2ea3f45f151706,https://digitalcorpora.s3.amazonaws.com/corpora/files/CC-MAIN-2021-31-PDF-UNTRUNCATED/zipfiles/2000-2999/2023.zip,2023246.pdf
cc-2023-2023247.pdf,cc,85183,3,false,false,false,false,413debc51645e3dc773b02b342726ee4380f8b510234b60ec54ec74830806953,https://digitalcorpora.s3.amazonaws.com/corpora/files/CC-MAIN-2021-31-PDF-UNTRUNCATED/zipfiles/2000-2999/2023.zip,2023247.pdf
cc-2023-2023248.pdf,cc,1937599,2,false,false,false,false,413debef6f43ff5b9944ac8a4f792b441cbf2383747a97b28dae2e7181eaf356,https://digitalcorpora.s3.amazonaws.com/corpora/files/CC-MAIN-2021-31-PDF-UNTRUNCATED/zipfiles/2000-2999/2023.zip,2023248.pdf
cc-2023-2023249.pdf,cc,77915,1,false,false,false,false,413deec0edeca3c0ab4d8d6036fc4ef02e35f410c8753e164a8d1675e7630bc9,https://digitalcorpora.s3.amazonaws.com/corpora/files/CC-MAIN-2021-31-PDF-UNTRUNCATED/zipfiles/2000-2999/2023.zip,2023249.pdf
cc-2023-2023250.pdf,cc,1609144,6,false,false,true,true,413df074555062b7d577b1a1293cd2413b778b294f84377d14eae7a2c8255b0a,https://digitalcorpora.s3.amazonaws.com/corpora/files/CC-MAIN-2021-31-PDF-UNTRUNCATED/zipfiles/2000-2999/2023.zip,2023250.pdf
cc-2023-2023251.pdf,cc,18065,4,false,false,false,false,413df0873356e471991565615894910a127927d8ce98265bd14d7271f2aad5c4,https://digitalcorpora.s3.amazonaws.com/corpora/files/CC-MAIN-2021-31-PDF-UNTRUNCATED/zipfiles/2000-2999/2023.zip,2023251.pdf
cc-2023-2023252.pdf,cc,128241,7,false,false,false,false,413df09373a2aebe05639a0f712a1e300c46c1c252aa4ed237f5e07b8377b99b,https://digitalcorpora.s3.amazonaws.com/corpora/files/CC-MAIN-2021-31-PDF-UNTRUNCATED/zipfiles/2000-2999/2023.zip,2023252.pdf
cc-2023-2023253.pdf,cc,3915000,10,false,false,true,false,413df11df18bcbccda0d56352ef1d8117545940d9a639908ce41994881847df9,https://digitalcorpora.s3.amazonaws.com/corpora/files/CC-MAIN-2021-31-PDF-UNTRUNCATED/zipfiles/2000-2999/2023.zip,2023253.pdf
cc-2023-2023254.pdf,cc,12651109,11,false,false,false,false,413df1d1cfe82db75e5f7c57671c7742ff914d34d2a908945e58fa48786f583c,https://digitalcorpora.s3.amazonaws.com/corpora/files/CC-MAIN-2021-31-PDF-UNTRUNCATED/zipfiles/2000-2999/2023.zip,2023254.pdf
cc-2023-2023255.pdf,cc,73976,3,false,false,false,true,413dfa196e15a1c1d7d1ed0f8c88ba8313fd063b30c29861907ae1055744d22a,https://digitalcorpora.s3.amazonaws.com/corpora/files/CC-MAIN-2021-31-PDF-UNTRUNCATED/zipfiles/2000-2999/2023.zip,2023255.pdf
cc-2023-2023256.pdf,cc,276287,11,false,false,true,false,413dfd74ce495870006c7a0c61852263b430cddd0899182c99a46de8f3b2160f,https://digitalcorpora.s3.amazonaws.com/corpora/files/CC-MAIN-2021-31-PDF-UNTRUNCATED/zipfiles/2000-2999/2023.zip,2023256.pdf
cc-2023-2023257.pdf,cc,99465,7,false,false,false,false,413dfdc155becc39605af91edfab36e3278aa547ecb8a1aac308104ff959e134,https://digitalcorpora.s3.amazonaws.com/corpora/files/CC-MAIN-2021-31-PDF-UNTRUNCATED/zipfiles/2000-2999/2023.zip,2023257.pdf
cc-2023-2023258.pdf,cc,85180,1,false,false,false,false,413e0146b77ee37348eb2c9dfd431ede9b543ad7fb3e4bcdc01a27f533b6594c,https://digitalcorpora.s3.amazonaws.com/corpora/files/CC-MAIN-2021-31-PDF-UNTRUNCATED/zipfiles/2000-2999/2023.zip,2023258.pdf
cc-2023-2023259.pdf,cc,189659,2,false,false,true,false,413e06b8cf8b327e3cb50469dfbdbfe3860762dfdb5f37713017a485a98fe486,https://digitalcorpora.s3.amazonaws.com/corpora/files/CC-MAIN-2021-31-PDF-UNTRUNCATED/zipfiles/2000-2999/2023.zip,2023259.pdf
cc-2023-2023260.pdf,cc,23925095,330,false,false,true,true,413e06df38a4659c77664dc0b67e93f3108a52ae2937000a5afaca2efb3a39f1,https://digitalcorpora.s3.amazonaws.com/corpora/files/CC-MAIN-2021-31-PDF-UNTRUNCATED/zipfiles/2000-2999/2023.zip,2023260.pdf
cc-2023-2023261.pdf,cc,15578263,347,false,false,false,false,413e08d0a355709235ea4256ffb1b4f50becc8b534ca628e4e3a06945413000e,https://digitalcorpora.s3.amazonaws.com/corpora/files/CC-MAIN-2021-31-PDF-UNTRUNCATED/zipfiles/2000-2999/2023.zip,2023261.pdf
cc-2023-2023262.pdf,cc,3835148,21,false,false,false,false,413e097794737c35f97614edeeccb7392d2d7a59e121065209757dc2a5c5525e,https://digitalcorpora.s3.amazonaws.com/corpora/files/CC-MAIN-2021-31-PDF-UNTRUNCATED/zipfiles/2000-2999/2023.zip,2023262.pdf
cc-2023-2023263.pdf,cc,142800,5,false,false,true,false,413e0b4d793c148e9e611c0e90662acee552faee5d59f7506c3d98bce4524cbc,https://digitalcorpora.s3.amazonaws.com/corpora/files/CC-MAIN-2021-31-PDF-UNTRUNCATED/zipfiles/2000-2999/2023.zip,2023263.pdf
cc-2023-2023264.pdf,cc,212348,28,false,false,false,false,413e0cf09b78fadccbc01829383e81fe41b2294e15ef5f0da2e9ae2e836e8ceb,https://digitalcorpora.s3.amazonaws.com/corpora/files/CC-MAIN-2021-31-PDF-UNTRUNCATED/zipfiles/2000-2999/2023.zip,2023264.pdf
cc-2023-2023265.pdf,cc,635609,8,false,false,true,false,413e0d5d63698964ac65dc66caecdb27bee56e7392dc8036b9df84f859b23dcf,https://digitalcorpora.s3.amazonaws.com/corpora/files/CC-MAIN-2021-31-PDF-UNTRUNCATED/zipfiles/2000-2999/2023.zip,2023265.pdf
cc-2023-2023266.pdf,cc,527836,7,false,false,true,false,413e10fd50fceb6dd8188147a9061d2ef1881cd0d9660ca2147f93662989cbda,https://digitalcorpora.s3.amazonaws.com/corpora/files/CC-MAIN-2021-31-PDF-UNTRUNCATED/zipfiles/2000-2999/2023.zip,2023266.pdf
cc-2023-2023267.pdf,cc,44262,2,false,false,false,false,413e111b112b7f085e4dba1912963e52a52d5de8b724f2bb83f7a4729444ccf1,https://digitalcorpora.s3.amazonaws.com/corpora/files/CC-MAIN-2021-31-PDF-UNTRUNCATED/zipfiles/2000-2999/2023.zip,2023267.pdf
cc-2023-2023268.pdf,cc,47710,10,false,false,false,false,413e13737bc959a4a0fca1cd718aab9e6c0c9088010754e89fdae6e7cd58a7b5,https://digitalcorpora.s3.amazonaws.com/corpora/files/CC-MAIN-2021-31-PDF-UNTRUNCATED/zipfiles/2000-2999/2023.zip,2023268.pdf
cc-2023-2023269.pdf,cc,419884,4,false,false,true,false,413e153aad9c170b2bc8ee6425418f89d1ac718c1facb4a8f609dde13c113a5c,https://digitalcorpora.s3.amazonaws.com/corpora/files/CC-MAIN-2021-31-PDF-UNTRUNCATED/zipfiles/2000-2999/2023.zip,2023269.pdf
cc-2023-2023270.pdf,cc,34149,2,false,false,false,false,413e156186b428b2fbbeba9ae6335d6319ff0caccc0099fd24a696b7f26af177,https://digitalcorpora.s3.amazonaws.com/corpora/files/CC-MAIN-2021-31-PDF-UNTRUNCATED/zipfiles/2000-2999/2023.zip,2023270.pdf
cc-2023-2023271.pdf,cc,1533017,26,false,false,true,false,413e170d48a8820057e6e5d88b213e54351a0e77f45c3a0adadc9f018e33e520,https://digitalcorpora.s3.amazonaws.com/corpora/files/CC-MAIN-2021-31-PDF-UNTRUNCATED/zipfiles/2000-2999/2023.zip,2023271.pdf
cc-2023-2023272.pdf,cc,289764,4,false,false,false,false,413e18f0763d6c713a1c9b5bb6a4b19fc9d93d20be291cc1dedb418b97e90406,https://digitalcorpora.s3.amazonaws.com/corpora/files/CC-MAIN-2021-31-PDF-UNTRUNCATED/zipfiles/2000-2999/2023.zip,2023272.pdf
cc-2023-2023273.pdf,cc,91296,5,false,false,false,false,413e1d8e2be9870650fc15be60a892a08ef9fc751a06503ecfd73b28a7ade451,https://digitalcorpora.s3.amazonaws.com/corpora/files/CC-MAIN-2021-31-PDF-UNTRUNCATED/zipfiles/2000-2999/2023.zip,2023273.pdf
cc-2023-2023274.pdf,cc,122098,1,false,false,false,false,413e1d999e53be6fc34304f4f8f64b455c2a2a7a6777c8ea8a8c0bed8f9f10de,https://digitalcorpora.s3.amazonaws.com/corpora/files/CC-MAIN-2021-31-PDF-UNTRUNCATED/zipfiles/2000-2999/2023.zip,2023274.pdf
cc-2023-2023275.pdf,cc,15150063,17,false,false,true,false,413e2464e8fb858f6b6d699e85a189ee4b3f82a48a9677fd0f6dff6c42d18534,https://digitalcorpora.s3.amazonaws.com/corpora/files/CC-MAIN-2021-31-PDF-UNTRUNCATED/zipfiles/2000-2999/2023.zip,2023275.pdf
cc-2023-2023276.pdf,cc,2100153,226,false,false,true,false,413e24f9bcc7f3087b8800d561fb4abc419eef93f40011dab6afb70f32fbd701,https://digitalcorpora.s3.amazonaws.com/corpora/files/CC-MAIN-2021-31-PDF-UNTRUNCATED/zipfiles/2000-2999/2023.zip,2023276.pdf
cc-2023-2023277.pdf,cc,894374,7,false,false,false,false,413e25c64a23da960d2c4071bc63cb5609cc0311626ef307b362fc060826c610,https://digitalcorpora.s3.amazonaws.com/corpora/files/CC-MAIN-2021-31-PDF-UNTRUNCATED/zipfiles/2000-2999/2023.zip,2023277.pdf
cc-2023-2023278.pdf,cc,2385088,9,false,false,false,false,413e28352bbe8f98ad671ce9cffc08ae36a70665a474a8398bf9a03b0b73a076,https://digitalcorpora.s3.amazonaws.com/corpora/files/CC-MAIN-2021-31-PDF-UNTRUNCATED/zipfiles/2000-2999/2023.zip,2023278.pdf
cc-2023-2023279.pdf,cc,679658,7,false,false,true,false,413e2a9f4212055d321031d0fddd4d6256facd79973db5d90b5a5ce8a6388414,https://digitalcorpora.s3.amazonaws.com/corpora/files/CC-MAIN-2021-31-PDF-UNTRUNCATED/zipfiles/2000-2999/2023.zip,2023279.pdf
cc-2023-2023280.pdf,cc,1857240,9,true,false,false,false,413e2aebba183c7870a600c9fddb0329ad25f4a4d0abd8f775b3733d1aafbb9b,https://digitalcorpora.s3.amazonaws.com/corpora/files/CC-MAIN-2021-31-PDF-UNTRUNCATED/zipfiles/2000-2999/2023.zip,2023280.pdf
cc-2023-2023281.pdf,cc,77147,2,false,false,false,false,413e31c8593c18e842ef8143ccd09a366b659e8730ab7b48fb03ee96ed6fdec8,https://digitalcorpora.s3.amazonaws.com/corpora/files/CC-MAIN-2021-31-PDF-UNTRUNCATED/zipfiles/2000-2999/2023.zip,2023281.pdf
cc-2023-2023282.pdf,cc,609560,6,false,false,true,false,413e3477a744cb5e0d3aac2a2aa895d3f956dd5f9e18ffd700535de3ea06110d,https://digitalcorpora.s3.amazonaws.com/corpora/files/CC-MAIN-2021-31-PDF-UNTRUNCATED/zipfiles/2000-2999/2023.zip,2023282.pdf
cc-2023-2023283.pdf,cc,23871,1,false,false,true,false,413e36447e71c9f3d2d47a7d42ad0e43eeded391b2392233a1d7190c79f33de1,https://digitalcorpora.s3.amazonaws.com/corpora/files/CC-MAIN-2021-31-PDF-UNTRUNCATED/zipfiles/2000-2999/2023.zip,2023283.pdf
cc-2023-2023284.pdf,cc,120395,3,false,false,true,false,413e3caa5dc08d6d734c52ef5be11cdfdede16e269e2046dc1ebd84b5160e9f0,https://digitalcorpora.s3.amazonaws.com/corpora/files/CC-MAIN-2021-31-PDF-UNTRUNCATED/zipfiles/2000-2999/2023.zip,2023284.pdf
cc-2023-2023285.pdf,cc,42115,1,false,false,false,false,413e3cce539d7146a9b402719af129ac7dacbf1053f3e4c5a2f4ad12f7883946,https://digitalcorpora.s3.amazonaws.com/corpora/files/CC-MAIN-2021-31-PDF-UNTRUNCATED/zipfiles/2000-2999/2023.zip,2023285.pdf
cc-2023-2023286.pdf,cc,172379,6,false,false,true,false,413e3e4b9e2463f288b1608a6a7745f7e0597c6b3a1766c0202bfbdc3549ca01,https://digitalcorpora.s3.amazonaws.com/corpora/files/CC-MAIN-2021-31-PDF-UNTRUNCATED/zipfiles/2000-2999/2023.zip,2023286.pdf
cc-2023-2023287.pdf,cc,48921,2,false,false,false,false,413e3f4db7246171ae80d8018ed51f2b39280b2fdb13dd16ac79b3a259409d1f,https://digitalcorpora.s3.amazonaws.com/corpora/files/CC-MAIN-2021-31-PDF-UNTRUNCATED/zipfiles/2000-2999/2023.zip,2023287.pdf
cc-2023-2023288.pdf,cc,207328,1,false,false,false,false,413e3fd5de175f5508b8b52cf9bc2871509009c6cdec1865b7c9ce1a11f41110,https://digitalcorpora.s3.amazonaws.com/corpora/files/CC-MAIN-2021-31-PDF-UNTRUNCATED/zipfiles/2000-2999/2023.zip,2023288.pdf
cc-2023-2023289.pdf,cc,203241,1,false,false,true,false,413e4373f28c459a4047ba1c7b7778a65135761f22a2cdbc378563a6c4ec3819,https://digitalcorpora.s3.amazonaws.com/corpora/files/CC-MAIN-2021-31-PDF-UNTRUNCATED/zipfiles/2000-2999/2023.zip,2023289.pdf
cc-2023-2023290.pdf,cc,27151,4,false,false,false,false,413e43b3274790d2651f87c48d11807a08cca5726426c6ce4b5c74f877f0d1a2,https://digitalcorpora.s3.amazonaws.com/corpora/files/CC-MAIN-2021-31-PDF-UNTRUNCATED/zipfiles/2000-2999/2023.zip,2023290.pdf
cc-2023-2023291.pdf,cc,851689,2,false,false,false,false,413e43eeea24e92f1860a6e04f44c69868353b05f456b627a7b4cf70ecb70098,https://digitalcorpora.s3.amazonaws.com/corpora/files/CC-MAIN-2021-31-PDF-UNTRUNCATED/zipfiles/2000-2999/2023.zip,2023291.pdf
cc-2023-2023292.pdf,cc,550446,1,false,false,true,false,413e48a66af4054b3c61b89ce994596c90a6cd7acedb49283c2e3055f89c55a2,https://digitalcorpora.s3.amazonaws.com/corpora/files/CC-MAIN-2021-31-PDF-UNTRUNCATED/zipfiles/2000-2999/2023.zip,2023292.pdf
cc-2023-2023293.pdf,cc,31127,1,false,false,false,false,413e49423f93be5563ead6ed89bf8d47f15317ecee75519d503bb95a5a4bac0f,https://digitalcorpora.s3.amazonaws.com/corpora/files/CC-MAIN-2021-31-PDF-UNTRUNCATED/zipfiles/2000-2999/2023.zip,2023293.pdf
cc-2023-2023294.pdf,cc,197866,41,false,false,false,false,413e4aa1c0c8a27570aadccca9f5e2e7b07bfd306e02b0c8803305d60c1ef892,https://digitalcorpora.s3.amazonaws.com/corpora/files/CC-MAIN-2021-31-PDF-UNTRUNCATED/zipfiles/2000-2999/2023.zip,2023294.pdf
cc-2023-2023295.pdf,cc,90238,3,false,false,false,false,413e4adc45c6aaff9bb96fcdf63da0695c9d7829f0dcafc9083f311e38ae1be4,https://digitalcorpora.s3.amazonaws.com/corpora/files/CC-MAIN-2021-31-PDF-UNTRUNCATED/zipfiles/2000-2999/2023.zip,2023295.pdf
cc-2023-2023296.pdf,cc,1001351,8,false,false,false,false,413e4c37c21a4b21d55f8b677e76e788807b16b6cbbbe0c51e0aa9600939f43b,https://digitalcorpora.s3.amazonaws.com/corpora/files/CC-MAIN-2021-31-PDF-UNTRUNCATED/zipfiles/2000-2999/2023.zip,2023296.pdf
cc-2023-2023297.pdf,cc,962734,2,false,false,false,false,413e4c86f1b80c9e29d162f25aeb1c1a437b0636799b9d409825f0a13957f3ce,https://digitalcorpora.s3.amazonaws.com/corpora/files/CC-MAIN-2021-31-PDF-UNTRUNCATED/zipfiles/2000-2999/2023.zip,2023297.pdf
cc-2023-2023298.pdf,cc,109565,2,false,false,false,false,413e4e606ff88ef33fdbfc1ec497bc591dd77f31085368213228fdf3811048ef,https://digitalcorpora.s3.amazonaws.com/corpora/files/CC-MAIN-2021-31-PDF-UNTRUNCATED/zipfiles/2000-2999/2023.zip,2023298.pdf
cc-2023-2023299.pdf,cc,173210,4,false,false,true,false,413e5403bc21718eedb3f6f2b9f3e192b14c0cb05a72cacf9f71e13c77a0358b,https://digitalcorpora.s3.amazonaws.com/corpora/files/CC-MAIN-2021-31-PDF-UNTRUNCATED/zipfiles/2000-2999/2023.zip,2023299.pdf
cc-2023-2023300.pdf,cc,95187,12,false,false,false,false,413e5447c582caaf492634c5b857f0f83f130bc8c222a55651034e28215b5e02,https://digitalcorpora.s3.amazonaws.com/corpora/files/CC-MAIN-2021-31-PDF-UNTRUNCATED/zipfiles/2000-2999/2023.zip,2023300.pdf
cc-2023-2023301.pdf,cc,49793,1,false,false,false,false,413e54e352f07950ffa742e0dc017669fac74ade7a9b4676df268369b75a4be0,https://digitalcorpora.s3.amazonaws.com/corpora/files/CC-MAIN-2021-31-PDF-UNTRUNCATED/zipfiles/2000-2999/2023.zip,2023301.pdf
cc-2023-2023302.pdf,cc,9513,1,false,false,false,false,413e57994f376f782db22798f58b4f2b62dc070d14c7e12ec985f5df9082ce5f,https://digitalcorpora.s3.amazonaws.com/corpora/files/CC-MAIN-2021-31-PDF-UNTRUNCATED/zipfiles/2000-2999/2023.zip,2023302.pdf
cc-2023-2023303.pdf,cc,71797,1,false,false,true,false,413e583ace18bfb01a88071c3f1704d2e44ddbcd3bf748f7f8d1dd54d24ea3e4,https://digitalcorpora.s3.amazonaws.com/corpora/files/CC-MAIN-2021-31-PDF-UNTRUNCATED/zipfiles/2000-2999/2023.zip,2023303.pdf
cc-2023-2023304.pdf,cc,1759926,3,false,false,false,false,413e59b61b487b2a01adef29424ff1048063a49894cf12ed975caf9ce47f8310,https://digitalcorpora.s3.amazonaws.com/corpora/files/CC-MAIN-2021-31-PDF-UNTRUNCATED/zipfiles/2000-2999/2023.zip,2023304.pdf
cc-2023-2023305.pdf,cc,383925,1,false,false,false,false,413e5a307f23d9f887e8e3c4ebf84f9ebb4b20b5c000d68cf76f0a40ee38d86a,https://digitalcorpora.s3.amazonaws.com/corpora/files/CC-MAIN-2021-31-PDF-UNTRUNCATED/zipfiles/2000-2999/2023.zip,2023305.pdf
cc-2023-2023306.pdf,cc,206722,2,false,false,false,false,413e5b985c1c065b4e4d7d53442c7b75067beb6485b420cbd84ca16c2c492c30,https://digitalcorpora.s3.amazonaws.com/corpora/files/CC-MAIN-2021-31-PDF-UNTRUNCATED/zipfiles/2000-2999/2023.zip,2023306.pdf
cc-2023-2023307.pdf,cc,467968,3,false,false,false,false,413e5cc9be3fe7377d87e1daa88085c9bd0c0f1f6870b0b7e8595042d0bd6204,https://digitalcorpora.s3.amazonaws.com/corpora/files/CC-MAIN-2021-31-PDF-UNTRUNCATED/zipfiles/2000-2999/2023.zip,2023307.pdf
cc-2023-2023308.pdf,cc,607685,3,false,false,false,false,413e603494f30e5f8da9e55f2c6bb8f6bcd3a41dd7c50ab94a061e3cf5419fa6,https://digitalcorpora.s3.amazonaws.com/corpora/files/CC-MAIN-2021-31-PDF-UNTRUNCATED/zipfiles/2000-2999/2023.zip,2023308.pdf
cc-2023-2023309.pdf,cc,91664,1,false,false,true,false,413e63bb6a4a3a90ae39e7e10ef4363ac061d33f5042f663c6fff63c6d639726,https://digitalcorpora.s3.amazonaws.com/corpora/files/CC-MAIN-2021-31-PDF-UNTRUNCATED/zipfiles/2000-2999/2023.zip,2023309.pdf
cc-2023-2023310.pdf,cc,885458,11,false,false,false,false,413e6900152858ba43fd2e859b8521a92e25a6555f48a922c0bb563da6f95037,https://digitalcorpora.s3.amazonaws.com/corpora/files/CC-MAIN-2021-31-PDF-UNTRUNCATED/zipfiles/2000-2999/2023.zip,2023310.pdf
cc-2023-2023311.pdf,cc,150348,1,false,false,true,false,413e6e6d7d7892b33b20278a143a73833f1484238c124f3e32e1e4f883318bc4,https://digitalcorpora.s3.amazonaws.com/corpora/files/CC-MAIN-2021-31-PDF-UNTRUNCATED/zipfiles/2000-2999/2023.zip,2023311.pdf
cc-2023-2023312.pdf,cc,792545,2,false,false,true,false,413e6ff08277a81e21c5aaa468ed9f0fed938eb891b55bbb2489334d31482e74,https://digitalcorpora.s3.amazonaws.com/corpora/files/CC-MAIN-2021-31-PDF-UNTRUNCATED/zipfiles/2000-2999/2023.zip,2023312.pdf
cc-2023-2023313.pdf,cc,51034,1,false,false,false,false,413e72fdca2ae005dd67aadcf25be74b8660ffdfe20011a361cac70f3bdcb30d,https://digitalcorpora.s3.amazonaws.com/corpora/files/CC-MAIN-2021-31-PDF-UNTRUNCATED/zipfiles/2000-2999/2023.zip,2023313.pdf
cc-2023-2023314.pdf,cc,36288448,2,false,false,false,false,413e763365af168e66806b6be63aa45ba8976f86939722d46c69cb16ea63bad5,https://digitalcorpora.s3.amazonaws.com/corpora/files/CC-MAIN-2021-31-PDF-UNTRUNCATED/zipfiles/2000-2999/2023.zip,2023314.pdf
cc-2023-2023315.pdf,cc,1169263,4,false,false,true,false,413e7878e186ff2568f3c7a03955270e04687941d3bb90ac402c9dd8ca8e912b,https://digitalcorpora.s3.amazonaws.com/corpora/files/CC-MAIN-2021-31-PDF-UNTRUNCATED/zipfiles/2000-2999/2023.zip,2023315.pdf
cc-2023-2023316.pdf,cc,249742,18,false,false,false,false,413e79d69ec31a227b6c67ab2251f27c3a01d1e64999cfbce2da236b120831c4,https://digitalcorpora.s3.amazonaws.com/corpora/files/CC-MAIN-2021-31-PDF-UNTRUNCATED/zipfiles/2000-2999/2023.zip,2023316.pdf
cc-2023-2023317.pdf,cc,767176,29,false,false,false,false,413e79f8216bddb0608fd2d6e1df848cb9ccc5b5dce1ae3a20c260f51897b2ee,https://digitalcorpora.s3.amazonaws.com/corpora/files/CC-MAIN-2021-31-PDF-UNTRUNCATED/zipfiles/2000-2999/2023.zip,2023317.pdf
cc-2023-2023318.pdf,cc,122867,2,false,false,true,false,413e7a4a37e2c9733e23048b53e6b14e310a78fcf4f92e6f0796876fd3f22b1d,https://digitalcorpora.s3.amazonaws.com/corpora/files/CC-MAIN-2021-31-PDF-UNTRUNCATED/zipfiles/2000-2999/2023.zip,2023318.pdf
cc-2023-2023319.pdf,cc,114183,4,false,false,true,false,413e7ae2128cdba624ad2089e15b6522ff33c0f3abb93bd5e48f845d1e696c6b,https://digitalcorpora.s3.amazonaws.com/corpora/files/CC-MAIN-2021-31-PDF-UNTRUNCATED/zipfiles/2000-2999/2023.zip,2023319.pdf
cc-2023-2023320.pdf,cc,172668,3,false,false,true,false,413e7d356a80b325f379a86caf66c09f243c09874627127b8ec5693a3813d087,https://digitalcorpora.s3.amazonaws.com/corpora/files/CC-MAIN-2021-31-PDF-UNTRUNCATED/zipfiles/2000-2999/2023.zip,2023320.pdf
cc-2023-2023321.pdf,cc,3179328,10,false,false,false,false,413e7d59cccd02bb52de3c5ed4a71adcd0f222e8b06db64a6d95663acf42cb25,https://digitalcorpora.s3.amazonaws.com/corpora/files/CC-MAIN-2021-31-PDF-UNTRUNCATED/zipfiles/2000-2999/2023.zip,2023321.pdf
cc-2023-2023322.pdf,cc,17883,3,false,false,false,false,413e8171687d3a34fc68f0fdd7eeecd97173e525653e7f14cc4bfacc3ee967cc,https://digitalcorpora.s3.amazonaws.com/corpora/files/CC-MAIN-2021-31-PDF-UNTRUNCATED/zipfiles/2000-2999/2023.zip,2023322.pdf
cc-2023-2023323.pdf,cc,2168766,140,false,false,true,false,413e8381b40c14e81095b2ccb2291921c9d3ad9c89fe7f1044d9b0148527571e,https://digitalcorpora.s3.amazonaws.com/corpora/files/CC-MAIN-2021-31-PDF-UNTRUNCATED/zipfiles/2000-2999/2023.zip,2023323.pdf
cc-2023-2023324.pdf,cc,1275703,9,false,false,false,false,413e838e0018eb0b07c61f26e3647ef2ffca561b974c9c47c8dc9d4e795e7ec0,https://digitalcorpora.s3.amazonaws.com/corpora/files/CC-MAIN-2021-31-PDF-UNTRUNCATED/zipfiles/2000-2999/2023.zip,2023324.pdf
cc-2023-2023325.pdf,cc,2109772,3,false,false,false,false,413e83f3c32dafb72b727982b6f7bd3ac5e9ac265ee0276be1d1315455f60743,https://digitalcorpora.s3.amazonaws.com/corpora/files/CC-MAIN-2021-31-PDF-UNTRUNCATED/zipfiles/2000-2999/2023.zip,2023325.pdf
cc-2023-2023326.pdf,cc,4667334,37,false,false,true,false,413e865896f22f3b018dbb9aaa51339805100f2ede003b7e2c3dc0f618a6cd8b,https://digitalcorpora.s3.amazonaws.com/corpora/files/CC-MAIN-2021-31-PDF-UNTRUNCATED/zipfiles/2000-2999/2023.zip,2023326.pdf
cc-2023-2023327.pdf,cc,108934,2,false,false,false,false,413e88e378b85a8bb9fd1026b250d1e6a4a5fdec3e67b68957f467b2d95c44d0,https://digitalcorpora.s3.amazonaws.com/corpora/files/CC-MAIN-2021-31-PDF-UNTRUNCATED/zipfiles/2000-2999/2023.zip,2023327.pdf
cc-2023-2023328.pdf,cc,240024,1,false,false,false,false,413e88e3f458903bf2be44bfedee5ead925f7f2fa541745a9ff27e7f01774f11,https://digitalcorpora.s3.amazonaws.com/corpora/files/CC-MAIN-2021-31-PDF-UNTRUNCATED/zipfiles/2000-2999/2023.zip,2023328.pdf
cc-2023-2023329.pdf,cc,77848,2,false,false,false,false,413e8aec12f477dba1e4998b763f93e7ce555f0589153b509752c67a6e2fe42c,https://digitalcorpora.s3.amazonaws.com/corpora/files/CC-MAIN-2021-31-PDF-UNTRUNCATED/zipfiles/2000-2999/2023.zip,2023329.pdf
cc-2023-2023330.pdf,cc,604519,15,false,false,false,false,413e8c9bec79d16a2a918a25a8f5644bac2d4e46dcb4d7e2f22d4f36f7b51446,https://digitalcorpora.s3.amazonaws.com/corpora/files/CC-MAIN-2021-31-PDF-UNTRUNCATED/zipfiles/2000-2999/2023.zip,2023330.pdf
cc-2023-2023331.pdf,cc,553346,2,false,false,false,false,413e8cb4f6983fb7e1f768d057d110e84fe474fb87719f9cd43d674ec682d55d,https://digitalcorpora.s3.amazonaws.com/corpora/files/CC-MAIN-2021-31-PDF-UNTRUNCATED/zipfiles/2000-2999/2023.zip,2023331.pdf
cc-2023-2023332.pdf,cc,524495,1,false,false,false,false,413e8cb9f993dd02cdbd36afa20f99cc551d0e4921d7b314dff461cdcbb953ee,https://digitalcorpora.s3.amazonaws.com/corpora/files/CC-MAIN-2021-31-PDF-UNTRUNCATED/zipfiles/2000-2999/2023.zip,2023332.pdf
cc-2023-2023334.pdf,cc,113069,5,false,false,true,false,413e9c361ad3a0ac294397be62f9c04d6e635d17788ddbb5c8f517424bf49ecf,https://digitalcorpora.s3.amazonaws.com/corpora/files/CC-MAIN-2021-31-PDF-UNTRUNCATED/zipfiles/2000-2999/2023.zip,2023334.pdf
cc-2023-2023335.pdf,cc,24847029,58,false,false,false,false,413e9cb60092c784cfdaaffb69578e838634cb86e3a2e58b54d6ab72ad71f00b,https://digitalcorpora.s3.amazonaws.com/corpora/files/CC-MAIN-2021-31-PDF-UNTRUNCATED/zipfiles/2000-2999/2023.zip,2023335.pdf
cc-2023-2023336.pdf,cc,632836,7,false,false,true,false,413e9fedbb5d19e1685e1519ea8569178fcd212e28820c4fb94ad93af1b0f96c,https://digitalcorpora.s3.amazonaws.com/corpora/files/CC-MAIN-2021-31-PDF-UNTRUNCATED/zipfiles/2000-2999/2023.zip,2023336.pdf
cc-2023-2023337.pdf,cc,580861,3,false,false,false,false,413ea2e0d325a53a8e23d9b353415d2bc003d551ea68af9ff579ded2eae86825,https://digitalcorpora.s3.amazonaws.com/corpora/files/CC-MAIN-2021-31-PDF-UNTRUNCATED/zipfiles/2000-2999/2023.zip,2023337.pdf
cc-2023-2023338.pdf,cc,4537425,32,false,false,false,false,413ea384489a85f2bdd56635ddc47b79dafe94ae219c367a2dc34b738eee0984,https://digitalcorpora.s3.amazonaws.com/corpora/files/CC-MAIN-2021-31-PDF-UNTRUNCATED/zipfiles/2000-2999/2023.zip,2023338.pdf
cc-2023-2023339.pdf,cc,318811,1,false,false,true,false,413ea46e4da38d74cc552770c10eb697caecbfe1ac240dcb55fe54fdcb97d75c,https://digitalcorpora.s3.amazonaws.com/corpora/files/CC-MAIN-2021-31-PDF-UNTRUNCATED/zipfiles/2000-2999/2023.zip,2023339.pdf
cc-2023-2023340.pdf,cc,49987,2,false,false,false,false,413ea59fe18587c27a2c765519927cfe2515f9cf059c974c4be307f793847cce,https://digitalcorpora.s3.amazonaws.com/corpora/files/CC-MAIN-2021-31-PDF-UNTRUNCATED/zipfiles/2000-2999/2023.zip,2023340.pdf
cc-2023-2023341.pdf,cc,32759,1,false,false,false,false,413ea5e51682fb8a126af5cd66b1078b3e613747af43a7b796fdad8c62ce680c,https://digitalcorpora.s3.amazonaws.com/corpora/files/CC-MAIN-2021-31-PDF-UNTRUNCATED/zipfiles/2000-2999/2023.zip,2023341.pdf
cc-2023-2023342.pdf,cc,156738,1,false,false,true,false,413ea65de2be3b7c8a01e02890289e3803f97798aa3c24a7791364622495be40,https://digitalcorpora.s3.amazonaws.com/corpora/files/CC-MAIN-2021-31-PDF-UNTRUNCATED/zipfiles/2000-2999/2023.zip,2023342.pdf
cc-2023-2023343.pdf,cc,53120,1,false,false,false,false,413ea6e0824474c22ca3cf026dddff0846b3c82c74455ae16ee2c3b42128879e,https://digitalcorpora.s3.amazonaws.com/corpora/files/CC-MAIN-2021-31-PDF-UNTRUNCATED/zipfiles/2000-2999/2023.zip,2023343.pdf
cc-2023-2023344.pdf,cc,32251,1,false,false,false,false,413ea7d049b4b38307fbf2d1bbc91faff9645b2ccf32ad3a0d801087c402ebc9,https://digitalcorpora.s3.amazonaws.com/corpora/files/CC-MAIN-2021-31-PDF-UNTRUNCATED/zipfiles/2000-2999/2023.zip,2023344.pdf
cc-2023-2023345.pdf,cc,125488,8,false,false,false,false,413ea8537517be0256d0b1c46925b0bb5d77bf430e7fb5fcb637ab1c03efbeec,https://digitalcorpora.s3.amazonaws.com/corpora/files/CC-MAIN-2021-31-PDF-UNTRUNCATED/zipfiles/2000-2999/2023.zip,2023345.pdf
cc-2023-2023346.pdf,cc,347026,13,false,false,true,false,413ea8ac092396de9ee73b4733512d13da2ea10ed42315438f16a2c6f9ee2648,https://digitalcorpora.s3.amazonaws.com/corpora/files/CC-MAIN-2021-31-PDF-UNTRUNCATED/zipfiles/2000-2999/2023.zip,2023346.pdf
cc-2023-2023347.pdf,cc,289077,8,false,false,true,false,413ea8dc504627749cf1bc8ce47709c885444715e0da8b7fc4da001a0a723e69,https://digitalcorpora.s3.amazonaws.com/corpora/files/CC-MAIN-2021-31-PDF-UNTRUNCATED/zipfiles/2000-2999/2023.zip,2023347.pdf
cc-2023-2023348.pdf,cc,300708,4,false,false,true,false,413ea8f54f5e4bc114a61ef88d30a35857ea0dcbd37850e60510b3b906241f9b,https://digitalcorpora.s3.amazonaws.com/corpora/files/CC-MAIN-2021-31-PDF-UNTRUNCATED/zipfiles/2000-2999/2023.zip,2023348.pdf
cc-2023-2023349.pdf,cc,325644,2,false,false,false,false,413eaaee03025593a107f3960c0b0e268e2d8869ae34d19b62eed53a87350678,https://digitalcorpora.s3.amazonaws.com/corpora/files/CC-MAIN-2021-31-PDF-UNTRUNCATED/zipfiles/2000-2999/2023.zip,2023349.pdf
cc-2023-2023350.pdf,cc,36256,1,false,false,true,false,413eb6ad9e85a41dcb7f3c477508b201e088b79cfba5cf2d379236987ec3395e,https://digitalcorpora.s3.amazonaws.com/corpora/files/CC-MAIN-2021-31-PDF-UNTRUNCATED/zipfiles/2000-2999/2023.zip,2023350.pdf
cc-2023-2023351.pdf,cc,107340,2,false,false,false,false,413eb84755c6fac68fcc5738c76472fb5ff56341eef0b9c643ee7861cbdec364,https://digitalcorpora.s3.amazonaws.com/corpora/files/CC-MAIN-2021-31-PDF-UNTRUNCATED/zipfiles/2000-2999/2023.zip,2023351.pdf
cc-2023-2023352.pdf,cc,438399,1,false,false,false,false,413eba95314faa5a847633bd37460407c7fec195e483910db3d2c78ee2406dc7,https://digitalcorpora.s3.amazonaws.com/corpora/files/CC-MAIN-2021-31-PDF-UNTRUNCATED/zipfiles/2000-2999/2023.zip,2023352.pdf
cc-2023-2023353.pdf,cc,312623,1,false,false,false,false,413ebce8e1470698429b41911cf98a945f5f86a56c27049ee8a790c6412169df,https://digitalcorpora.s3.amazonaws.com/corpora/files/CC-MAIN-2021-31-PDF-UNTRUNCATED/zipfiles/2000-2999/2023.zip,2023353.pdf
cc-2023-2023354.pdf,cc,568872,7,false,false,false,false,413ebd61f34bfbf085e5ee520403c1a3b0cc0218281937dc3c76e7e6e4f2afed,https://digitalcorpora.s3.amazonaws.com/corpora/files/CC-MAIN-2021-31-PDF-UNTRUNCATED/zipfiles/2000-2999/2023.zip,2023354.pdf
cc-2023-2023355.pdf,cc,81792,5,false,false,false,false,413ebe1a5a5f5078e6ce694c1d717e3b2dfd7136e67b4b3cd9290a45bd725cd1,https://digitalcorpora.s3.amazonaws.com/corpora/files/CC-MAIN-2021-31-PDF-UNTRUNCATED/zipfiles/2000-2999/2023.zip,2023355.pdf
cc-2023-2023356.pdf,cc,2265665,176,false,false,false,false,413ec030ac36ead3d3ee26b69b2bd1a3098e0b5bd98df475f0b1d637b9fe4512,https://digitalcorpora.s3.amazonaws.com/corpora/files/CC-MAIN-2021-31-PDF-UNTRUNCATED/zipfiles/2000-2999/2023.zip,2023356.pdf
cc-2023-2023357.pdf,cc,47366,1,false,false,false,false,413ec2241876c2542a44b3b2065c60e02a3b50164c576c2eaf2b55b635d84923,https://digitalcorpora.s3.amazonaws.com/corpora/files/CC-MAIN-2021-31-PDF-UNTRUNCATED/zipfiles/2000-2999/2023.zip,2023357.pdf
cc-2023-2023358.pdf,cc,115300,2,false,false,true,true,413ec2ea4935af0d34d404ad316b0d5bda4fda15030bcf2980570b1ddbedd3fc,https://digitalcorpora.s3.amazonaws.com/corpora/files/CC-MAIN-2021-31-PDF-UNTRUNCATED/zipfiles/2000-2999/2023.zip,2023358.pdf
cc-2023-2023359.pdf,cc,56893,1,false,false,false,false,413ec4736c57efe468d7293167c559369c2f065253039667c6fd70d478943b74,https://digitalcorpora.s3.amazonaws.com/corpora/files/CC-MAIN-2021-31-PDF-UNTRUNCATED/zipfiles/2000-2999/2023.zip,2023359.pdf
cc-2023-2023360.pdf,cc,365456,16,false,false,true,false,413ec7c884c84aa96dc6b180ebd5e1d0b0263c238e6a26f5a9d72d25ecf5e2c3,https://digitalcorpora.s3.amazonaws.com/corpora/files/CC-MAIN-2021-31-PDF-UNTRUNCATED/zipfiles/2000-2999/2023.zip,2023360.pdf
cc-2023-2023361.pdf,cc,114406,5,false,false,false,false,413ec8644d421e62f3288a781881df93841938a0b8af5153db4d93a989a76934,https://digitalcorpora.s3.amazonaws.com/corpora/files/CC-MAIN-2021-31-PDF-UNTRUNCATED/zipfiles/2000-2999/2023.zip,2023361.pdf
cc-2023-2023362.pdf,cc,336859,38,false,false,false,true,413ec9485c0655613483d7cdfde60b2ab724f7c2eca63c4fba4134f499a30c06,https://digitalcorpora.s3.amazonaws.com/corpora/files/CC-MAIN-2021-31-PDF-UNTRUNCATED/zipfiles/2000-2999/2023.zip,2023362.pdf
cc-2023-2023363.pdf,cc,349999,5,false,false,false,false,413ece8aeaa6fef143f9369724fcc18903093a01e5f2fc807291063bbb916134,https://digitalcorpora.s3.amazonaws.com/corpora/files/CC-MAIN-2021-31-PDF-UNTRUNCATED/zipfiles/2000-2999/2023.zip,2023363.pdf
cc-2023-2023364.pdf,cc,280865,2,false,false,true,false,413ed43feb2dfee7cb9b04e34635c61273edeb0776052f8c76d33f0f284d998f,https://digitalcorpora.s3.amazonaws.com/corpora/files/CC-MAIN-2021-31-PDF-UNTRUNCATED/zipfiles/2000-2999/2023.zip,2023364.pdf
cc-2023-2023365.pdf,cc,106053,1,false,false,false,false,413ed4c3a877d23c2f7cce423d22e24d6fe8731f05938491c5364ab452801017,https://digitalcorpora.s3.amazonaws.com/corpora/files/CC-MAIN-2021-31-PDF-UNTRUNCATED/zipfiles/2000-2999/2023.zip,2023365.pdf
cc-2023-2023366.pdf,cc,539110,2,false,false,true,false,413ed614d44ad4311a2974f574ec73d25b4a94330eddc8495afea737b636fd55,https://digitalcorpora.s3.amazonaws.com/corpora/files/CC-MAIN-2021-31-PDF-UNTRUNCATED/zipfiles/2000-2999/2023.zip,2023366.pdf
cc-2023-2023367.pdf,cc,12335,2,false,false,false,false,413ed6ca458b88e4c0728c37ff11b03c11a74caa53beb29bb24b99918a82065f,https://digitalcorpora.s3.amazonaws.com/corpora/files/CC-MAIN-2021-31-PDF-UNTRUNCATED/zipfiles/2000-2999/2023.zip,2023367.pdf
cc-2023-2023368.pdf,cc,42867,3,false,false,true,false,413ed8723eb8c85d0e91aab19552ea257120ade0a03866caed83f9c10bb1e44c,https://digitalcorpora.s3.amazonaws.com/corpora/files/CC-MAIN-2021-31-PDF-UNTRUNCATED/zipfiles/2000-2999/2023.zip,2023368.pdf
cc-2023-2023369.pdf,cc,210800,1,false,false,true,false,413ed9102782e8a369a3549716e802c641c033bf746330464f7d9bd93d830d5b,https://digitalcorpora.s3.amazonaws.com/corpora/files/CC-MAIN-2021-31-PDF-UNTRUNCATED/zipfiles/2000-2999/2023.zip,2023369.pdf
cc-2023-2023370.pdf,cc,351207,9,false,false,true,false,413ee0cf1f6a140b852278700b49796ebd0b5b1dc2871a6f9474e31db39dfe4b,https://digitalcorpora.s3.amazonaws.com/corpora/files/CC-MAIN-2021-31-PDF-UNTRUNCATED/zipfiles/2000-2999/2023.zip,2023370.pdf
cc-2023-2023372.pdf,cc,101670,1,false,false,false,false,413ee27b02f45e577657c1b1f041f9b2be4fcfa38dde67d6c58e88e3c8f60e85,https://digitalcorpora.s3.amazonaws.com/corpora/files/CC-MAIN-2021-31-PDF-UNTRUNCATED/zipfiles/2000-2999/2023.zip,2023372.pdf
cc-2023-2023373.pdf,cc,2169663,1,false,false,false,false,413ee6f4c90f2f538c9f86225002df29259ace4849fc171bd36cdf505d8de286,https://digitalcorpora.s3.amazonaws.com/corpora/files/CC-MAIN-2021-31-PDF-UNTRUNCATED/zipfiles/2000-2999/2023.zip,2023373.pdf
cc-2023-2023374.pdf,cc,54247,1,false,false,true,false,413ee844d9123f35b56da8fc88a3720d9de63c5e164f909e7381fec4cbbaff81,https://digitalcorpora.s3.amazonaws.com/corpora/files/CC-MAIN-2021-31-PDF-UNTRUNCATED/zipfiles/2000-2999/2023.zip,2023374.pdf
cc-2023-2023375.pdf,cc,18254,1,false,false,false,false,413ee8e58d9c99b133fa06eb3f766124f995fb09347b7b895cf001b93526fa83,https://digitalcorpora.s3.amazonaws.com/corpora/files/CC-MAIN-2021-31-PDF-UNTRUNCATED/zipfiles/2000-2999/2023.zip,2023375.pdf
cc-2023-2023376.pdf,cc,3429792,179,false,false,true,false,413ee9a1794ac111908ce8433cb13165c00e64c0b37d0332d34de7d19ff1a427,https://digitalcorpora.s3.amazonaws.com/corpora/files/CC-MAIN-2021-31-PDF-UNTRUNCATED/zipfiles/2000-2999/2023.zip,2023376.pdf
cc-2023-2023377.pdf,cc,32848,1,false,false,false,false,413eed89f33cf6948ac513e77390ea8d1068e0ae1e8b88c9290cc1d08a4f5d24,https://digitalcorpora.s3.amazonaws.com/corpora/files/CC-MAIN-2021-31-PDF-UNTRUNCATED/zipfiles/2000-2999/2023.zip,2023377.pdf
cc-2023-2023378.pdf,cc,3828123,2,false,false,false,false,413ef005e414cf6e174d35cafec8f1bdf4d10bd38765185aff0e44dc5f71083c,https://digitalcorpora.s3.amazonaws.com/corpora/files/CC-MAIN-2021-31-PDF-UNTRUNCATED/zipfiles/2000-2999/2023.zip,2023378.pdf
cc-2023-2023379.pdf,cc,19843391,53,false,false,false,true,413ef0ddf3bab4909671b3c879c07adb4e15fe8b8ddfe995b730bbe5790bf7b3,https://digitalcorpora.s3.amazonaws.com/corpora/files/CC-MAIN-2021-31-PDF-UNTRUNCATED/zipfiles/2000-2999/2023.zip,2023379.pdf
cc-2023-2023380.pdf,cc,115355,2,false,false,true,false,413ef9640bd38f22962d5c509ff0288b265c89f73c7a0a1d730c5863151d6f2e,https://digitalcorpora.s3.amazonaws.com/corpora/files/CC-MAIN-2021-31-PDF-UNTRUNCATED/zipfiles/2000-2999/2023.zip,2023380.pdf
cc-2023-2023381.pdf,cc,30677,13,false,false,false,false,413f04eb7e489aef51cbd0608c7e2ad03a69996ec4c3a9365f74beddd02b06b5,https://digitalcorpora.s3.amazonaws.com/corpora/files/CC-MAIN-2021-31-PDF-UNTRUNCATED/zipfiles/2000-2999/2023.zip,2023381.pdf
cc-2023-2023382.pdf,cc,96769,1,false,false,true,false,413f081f5a3694a34fd9280501274fc63f19964c93b7e2b328342fa8d4ceef24,https://digitalcorpora.s3.amazonaws.com/corpora/files/CC-MAIN-2021-31-PDF-UNTRUNCATED/zipfiles/2000-2999/2023.zip,2023382.pdf
cc-2023-2023383.pdf,cc,14393,1,true,false,false,false,413f08d8b033d2fbe1dc970252859aa587199fa673e51c0e8f86d923c1acba95,https://digitalcorpora.s3.amazonaws.com/corpora/files/CC-MAIN-2021-31-PDF-UNTRUNCATED/zipfiles/2000-2999/2023.zip,2023383.pdf
cc-2023-2023384.pdf,cc,542400,3,false,false,false,false,413f0ceaead3769bab4440bb7d6878780fa326998fc4d371ac19f95772c1380e,https://digitalcorpora.s3.amazonaws.com/corpora/files/CC-MAIN-2021-31-PDF-UNTRUNCATED/zipfiles/2000-2999/2023.zip,2023384.pdf
cc-2023-2023385.pdf,cc,461207,5,false,false,true,false,413f0d181a80a206fb321963602a9b7e042f0aedec61c3dc8f01216c40f5a8fa,https://digitalcorpora.s3.amazonaws.com/corpora/files/CC-MAIN-2021-31-PDF-UNTRUNCATED/zipfiles/2000-2999/2023.zip,2023385.pdf
cc-2023-2023386.pdf,cc,63245,1,false,false,false,false,413f0d2605dbb9399f0096487bde3d879ce76786be5b16c56f4bc64bebbb6385,https://digitalcorpora.s3.amazonaws.com/corpora/files/CC-MAIN-2021-31-PDF-UNTRUNCATED/zipfiles/2000-2999/2023.zip,2023386.pdf
cc-2023-2023387.pdf,cc,40926,1,false,false,false,false,413f0f495778ef74748db69eed57469489a398424fadffa3e6e05958a8e54acd,https://digitalcorpora.s3.amazonaws.com/corpora/files/CC-MAIN-2021-31-PDF-UNTRUNCATED/zipfiles/2000-2999/2023.zip,2023387.pdf
cc-2023-2023388.pdf,cc,299892,1,false,false,true,false,413f0facbf5a41cdad73cf8d355079570306bfba7fbf7224a59ee4f966a91cab,https://digitalcorpora.s3.amazonaws.com/corpora/files/CC-MAIN-2021-31-PDF-UNTRUNCATED/zipfiles/2000-2999/2023.zip,2023388.pdf
cc-2023-2023389.pdf,cc,277136,6,false,false,true,false,413f1100c5f7060234cc504c263b09ab52e48387b7aa2c8926e78c19724481b2,https://digitalcorpora.s3.amazonaws.com/corpora/files/CC-MAIN-2021-31-PDF-UNTRUNCATED/zipfiles/2000-2999/2023.zip,2023389.pdf
cc-2023-2023390.pdf,cc,109824,2,false,false,false,false,413f1159375675c8db50643ec2e1b5f3483c57a1329d5e23a47f05ca5e300f97,https://digitalcorpora.s3.amazonaws.com/corpora/files/CC-MAIN-2021-31-PDF-UNTRUNCATED/zipfiles/2000-2999/2023.zip,2023390.pdf
cc-2023-2023391.pdf,cc,146722,22,false,false,false,false,413f11d1384fc72216fb4c10037d0120d3459c976ef874ad43f0dd31f87d4184,https://digitalcorpora.s3.amazonaws.com/corpora/files/CC-MAIN-2021-31-PDF-UNTRUNCATED/zipfiles/2000-2999/2023.zip,2023391.pdf
cc-2023-2023392.pdf,cc,318091,6,false,false,true,false,413f124335b991e861602cf9e62788ae9c3ad7982eefa3eee62b862b0e300a4b,https://digitalcorpora.s3.amazonaws.com/corpora/files/CC-MAIN-2021-31-PDF-UNTRUNCATED/zipfiles/2000-2999/2023.zip,2023392.pdf
cc-2023-2023393.pdf,cc,416566,1,false,false,false,false,413f1250768967befc28675e39308126b9c5fdedd8f24a9da94ed0d500791dd8,https://digitalcorpora.s3.amazonaws.com/corpora/files/CC-MAIN-2021-31-PDF-UNTRUNCATED/zipfiles/2000-2999/2023.zip,2023393.pdf
cc-2023-2023394.pdf,cc,3488630,15,false,false,true,false,413f12871bad75ed8404a9d311fab27e4ac2e456f6614c48c15f4be0f8e057d2,https://digitalcorpora.s3.amazonaws.com/corpora/files/CC-MAIN-2021-31-PDF-UNTRUNCATED/zipfiles/2000-2999/2023.zip,2023394.pdf
cc-2023-2023395.pdf,cc,11631009,19,false,false,false,false,413f12fd7b35b343530dced77db3b5708b0bd1f822290351216ec762c6912eb1,https://digitalcorpora.s3.amazonaws.com/corpora/files/CC-MAIN-2021-31-PDF-UNTRUNCATED/zipfiles/2000-2999/2023.zip,2023395.pdf
cc-2023-2023396.pdf,cc,64557398,436,false,false,false,true,413f13f6c51e6802245ef4d82877e63ce8d8e29b4fe2eea4d5979b528d5c5f87,https://digitalcorpora.s3.amazonaws.com/corpora/files/CC-MAIN-2021-31-PDF-UNTRUNCATED/zipfiles/2000-2999/2023.zip,2023396.pdf
cc-2023-2023397.pdf,cc,1209451,5,false,false,true,false,413f152c16aec663b1972cfff00a9451a4c9567bb79bcd91761983b4bed5f198,https://digitalcorpora.s3.amazonaws.com/corpora/files/CC-MAIN-2021-31-PDF-UNTRUNCATED/zipfiles/2000-2999/2023.zip,2023397.pdf
cc-2023-2023398.pdf,cc,768189,15,false,false,true,false,413f1600daa6144637733d9be6f9cea05f664ff045d8d7776af6732842ea5173,https://digitalcorpora.s3.amazonaws.com/corpora/files/CC-MAIN-2021-31-PDF-UNTRUNCATED/zipfiles/2000-2999/2023.zip,2023398.pdf
cc-2023-2023399.pdf,cc,279440,1,false,false,false,false,413f161b561f4f7349fb126dbd5760f9d3dbc7992211544d4b11cb17c93df38d,https://digitalcorpora.s3.amazonaws.com/corpora/files/CC-MAIN-2021-31-PDF-UNTRUNCATED/zipfiles/2000-2999/2023.zip,2023399.pdf
cc-2023-2023400.pdf,cc,305764,1,false,false,false,false,413f1880e412b354549a9a258812c6e7f06e9da095735c3adda40b63a3355ef1,https://digitalcorpora.s3.amazonaws.com/corpora/files/CC-MAIN-2021-31-PDF-UNTRUNCATED/zipfiles/2000-2999/2023.zip,2023400.pdf
cc-2023-2023401.pdf,cc,307134,9,false,false,true,false,413f1b38d718aaedcb0e7ac3a528fd65ee225d10f5c934c5472f7f626b26970f,https://digitalcorpora.s3.amazonaws.com/corpora/files/CC-MAIN-2021-31-PDF-UNTRUNCATED/zipfiles/2000-2999/2023.zip,2023401.pdf
cc-2023-2023402.pdf,cc,2417754,1,false,false,false,false,413f1ec436ef5bad8a13b1ef810fa956d5f0396643bf5c341fd0ab07dee77fc1,https://digitalcorpora.s3.amazonaws.com/corpora/files/CC-MAIN-2021-31-PDF-UNTRUNCATED/zipfiles/2000-2999/2023.zip,2023402.pdf
cc-2023-2023403.pdf,cc,11881520,24,false,false,false,true,413f1fdb43969b1f34ab66b3da2d4b6374803072d0260383e8f3d4f484ae25df,https://digitalcorpora.s3.amazonaws.com/corpora/files/CC-MAIN-2021-31-PDF-UNTRUNCATED/zipfiles/2000-2999/2023.zip,2023403.pdf
cc-2023-2023404.pdf,cc,1635650,2,false,false,false,false,413f29a883562d6fd57d5bb5ac91226dade6c3b0303e25efd2645956fd6db6a5,https://digitalcorpora.s3.amazonaws.com/corpora/files/CC-MAIN-2021-31-PDF-UNTRUNCATED/zipfiles/2000-2999/2023.zip,2023404.pdf
cc-2023-2023405.pdf,cc,226656,1,false,false,true,false,413f2acd1a6e328bf4d787b032c6405ea46c86182b7c07f628e9c34aa15ff97a,https://digitalcorpora.s3.amazonaws.com/corpora/files/CC-MAIN-2021-31-PDF-UNTRUNCATED/zipfiles/2000-2999/2023.zip,2023405.pdf
cc-2023-2023406.pdf,cc,673882,7,false,false,true,false,413f2b6514e559620d25145fce9ef43acb1ec006951680eda27bd1899bac317e,https://digitalcorpora.s3.amazonaws.com/corpora/files/CC-MAIN-2021-31-PDF-UNTRUNCATED/zipfiles/2000-2999/2023.zip,2023406.pdf
cc-2023-2023407.pdf,cc,380951,24,false,false,true,false,413f2e7aaa44c3a345923b54cb378c841e40b778a4a81f14cd50b4519e7adf3d,https://digitalcorpora.s3.amazonaws.com/corpora/files/CC-MAIN-2021-31-PDF-UNTRUNCATED/zipfiles/2000-2999/2023.zip,2023407.pdf
cc-2023-2023408.pdf,cc,131964,1,false,false,false,false,413f339d067a2ae7908c4a0b8fb393f85f2cae7218b3b5d090c80bdbc5b3e374,https://digitalcorpora.s3.amazonaws.com/corpora/files/CC-MAIN-2021-31-PDF-UNTRUNCATED/zipfiles/2000-2999/2023.zip,2023408.pdf
cc-2023-2023409.pdf,cc,93438,17,false,false,true,false,413f347b34e0286d459bd3c16e60dddc02b8a1e98cfb33850634233c4c0f8bb5,https://digitalcorpora.s3.amazonaws.com/corpora/files/CC-MAIN-2021-31-PDF-UNTRUNCATED/zipfiles/2000-2999/2023.zip,2023409.pdf
cc-2023-2023410.pdf,cc,5802378,147,false,false,false,false,413f364217288b39da5fd8c55f44a33db8676a90c2b5ffd6703c3978c6e53a3a,https://digitalcorpora.s3.amazonaws.com/corpora/files/CC-MAIN-2021-31-PDF-UNTRUNCATED/zipfiles/2000-2999/2023.zip,2023410.pdf
cc-2023-2023411.pdf,cc,601399,1,false,false,false,false,413f3e003231135c558c245a1270f6c655758ac7edafa2961ed70133c33141f8,https://digitalcorpora.s3.amazonaws.com/corpora/files/CC-MAIN-2021-31-PDF-UNTRUNCATED/zipfiles/2000-2999/2023.zip,2023411.pdf
cc-2023-2023412.pdf,cc,1061580,5,false,false,true,false,413f3f6f39a147c1f9f28c7f36b9b71bf22320da580c20511de7e3d6844f07a2,https://digitalcorpora.s3.amazonaws.com/corpora/files/CC-MAIN-2021-31-PDF-UNTRUNCATED/zipfiles/2000-2999/2023.zip,2023412.pdf
cc-2023-2023413.pdf,cc,918301,68,false,false,true,false,413f3fd5e46c2f6086a5c56193da0949225fe497c62fea460c0f5255bcdf0823,https://digitalcorpora.s3.amazonaws.com/corpora/files/CC-MAIN-2021-31-PDF-UNTRUNCATED/zipfiles/2000-2999/2023.zip,2023413.pdf
cc-2023-2023414.pdf,cc,178168,5,false,false,true,false,413f4b27f518e19781d8af5c069b5f592ba40f165a13a491ee14444caff3943f,https://digitalcorpora.s3.amazonaws.com/corpora/files/CC-MAIN-2021-31-PDF-UNTRUNCATED/zipfiles/2000-2999/2023.zip,2023414.pdf
cc-2023-2023415.pdf,cc,3193525,4,false,false,true,false,413f4c6d2c1b1e6059f713e1299f5781404975ee14ab0a4c39c53e6003327bac,https://digitalcorpora.s3.amazonaws.com/corpora/files/CC-MAIN-2021-31-PDF-UNTRUNCATED/zipfiles/2000-2999/2023.zip,2023415.pdf
cc-2023-2023416.pdf,cc,799749,4,false,false,false,false,413f4eba7ba275cda4c3b79a6b832699bc6b08041c1fb8f8bc47ad52bd242dcb,https://digitalcorpora.s3.amazonaws.com/corpora/files/CC-MAIN-2021-31-PDF-UNTRUNCATED/zipfiles/2000-2999/2023.zip,2023416.pdf
cc-2023-2023417.pdf,cc,9088656,29,false,false,false,false,413f4f4e0bf32e56e23ed777b442f29e7eabaabd73aadee1b91de8b955eec26c,https://digitalcorpora.s3.amazonaws.com/corpora/files/CC-MAIN-2021-31-PDF-UNTRUNCATED/zipfiles/2000-2999/2023.zip,2023417.pdf
cc-2023-2023418.pdf,cc,173260,5,false,false,true,false,413f4fc53cecc08384b2f18e4fe91206d98f668480bb133fdcb431836eb70716,https://digitalcorpora.s3.amazonaws.com/corpora/files/CC-MAIN-2021-31-PDF-UNTRUNCATED/zipfiles/2000-2999/2023.zip,2023418.pdf
cc-2023-2023419.pdf,cc,368131,1,false,false,false,false,413f5236164ade2834775c1d9a807043a716937e4e9defd0dffd91784eb7d931,https://digitalcorpora.s3.amazonaws.com/corpora/files/CC-MAIN-2021-31-PDF-UNTRUNCATED/zipfiles/2000-2999/2023.zip,2023419.pdf
cc-2023-2023420.pdf,cc,796709,2,false,false,true,false,413f55bfaff19e1b890c8d11a340779dcbef1cfb0d9522f697f148fe745fb892,https://digitalcorpora.s3.amazonaws.com/corpora/files/CC-MAIN-2021-31-PDF-UNTRUNCATED/zipfiles/2000-2999/2023.zip,2023420.pdf
cc-2023-2023421.pdf,cc,325465,1,false,false,false,false,413f5646d6988746d2fbb4e39a1a12be8c5fd9eb17cf94d199c7c962751c5238,https://digitalcorpora.s3.amazonaws.com/corpora/files/CC-MAIN-2021-31-PDF-UNTRUNCATED/zipfiles/2000-2999/2023.zip,2023421.pdf
cc-2023-2023422.pdf,cc,484617,8,false,false,true,false,413f59bff8b8155160c079b144633c14acf997b8eff9e999ed1296545cd5fbae,https://digitalcorpora.s3.amazonaws.com/corpora/files/CC-MAIN-2021-31-PDF-UNTRUNCATED/zipfiles/2000-2999/2023.zip,2023422.pdf
cc-2023-2023423.pdf,cc,1611638,1,true,false,false,false,413f5f771b1cdace09d6781bafcda8790a553dd5cd58ad192a18b09a8d7c5f3d,https://digitalcorpora.s3.amazonaws.com/corpora/files/CC-MAIN-2021-31-PDF-UNTRUNCATED/zipfiles/2000-2999/2023.zip,2023423.pdf
cc-2023-2023424.pdf,cc,97142,2,false,false,false,false,413f60bb24fc25571438b4f4040574b748e22e38705086aa3ab8aecde76283bd,https://digitalcorpora.s3.amazonaws.com/corpora/files/CC-MAIN-2021-31-PDF-UNTRUNCATED/zipfiles/2000-2999/2023.zip,2023424.pdf
cc-2023-2023425.pdf,cc,29172,2,false,false,false,false,413f618da79550dff00018a1afa43e094e457e4ecdb6f67a6571ad9c58ff3df3,https://digitalcorpora.s3.amazonaws.com/corpora/files/CC-MAIN-2021-31-PDF-UNTRUNCATED/zipfiles/2000-2999/2023.zip,2023425.pdf
cc-2023-2023426.pdf,cc,207305,1,false,false,true,false,413f664dbfb359844aa14a85260be69ceac87a135be1ace1c22e8accbd4294b3,https://digitalcorpora.s3.amazonaws.com/corpora/files/CC-MAIN-2021-31-PDF-UNTRUNCATED/zipfiles/2000-2999/2023.zip,2023426.pdf
cc-2023-2023427.pdf,cc,58709,1,false,false,true,false,413f665a635048c5ec60cd881e50f371a43ffecc3603a68f64e71357345e23b9,https://digitalcorpora.s3.amazonaws.com/corpora/files/CC-MAIN-2021-31-PDF-UNTRUNCATED/zipfiles/2000-2999/2023.zip,2023427.pdf
cc-2023-2023428.pdf,cc,668045,1,false,false,true,false,413f69dc010ff6d6bddf134029479724f95ee45c44918c8b27000f97a39aeb66,https://digitalcorpora.s3.amazonaws.com/corpora/files/CC-MAIN-2021-31-PDF-UNTRUNCATED/zipfiles/2000-2999/2023.zip,2023428.pdf
cc-2023-2023429.pdf,cc,40002,1,false,false,true,false,413f6c627f0dbf356eeb571f4077c456bf01a3c128e183789f567d3e8447557c,https://digitalcorpora.s3.amazonaws.com/corpora/files/CC-MAIN-2021-31-PDF-UNTRUNCATED/zipfiles/2000-2999/2023.zip,2023429.pdf
cc-2023-2023430.pdf,cc,2618755,10,false,false,false,true,413f6d2b7e788ca6c799720f24f2c66f2b59f4751792b8090d7869cff3fb0a54,https://digitalcorpora.s3.amazonaws.com/corpora/files/CC-MAIN-2021-31-PDF-UNTRUNCATED/zipfiles/2000-2999/2023.zip,2023430.pdf
cc-2023-2023431.pdf,cc,3146611,175,false,false,true,false,413f6d434f97cdddffbfc147180ec956edb22fd76d95da70e60e28ea75dc65c7,https://digitalcorpora.s3.amazonaws.com/corpora/files/CC-MAIN-2021-31-PDF-UNTRUNCATED/zipfiles/2000-2999/2023.zip,2023431.pdf
cc-2023-2023432.pdf,cc,1333931,10,false,false,false,false,413f6f50cdc135039312edc64aba3e436785c811fb7309a9bf1b983887cc2811,https://digitalcorpora.s3.amazonaws.com/corpora/files/CC-MAIN-2021-31-PDF-UNTRUNCATED/zipfiles/2000-2999/2023.zip,2023432.pdf
cc-2023-2023433.pdf,cc,5245128,629,false,false,false,true,413f718aab75e4edce00abcf50051759793b9aab9af4c3a7273ad0f69525fc24,https://digitalcorpora.s3.amazonaws.com/corpora/files/CC-MAIN-2021-31-PDF-UNTRUNCATED/zipfiles/2000-2999/2023.zip,2023433.pdf
cc-2023-2023434.pdf,cc,10497049,1,false,false,false,false,413f73232609c42a27d8684e15f749a0040234691f3edad72c1c0fdf0b4f2667,https://digitalcorpora.s3.amazonaws.com/corpora/files/CC-MAIN-2021-31-PDF-UNTRUNCATED/zipfiles/2000-2999/2023.zip,2023434.pdf
cc-2023-2023435.pdf,cc,488593,8,false,false,true,false,413f735efc5286747ecd734e98d2dfb2e04b672bc67211334da85e30639a95ca,https://digitalcorpora.s3.amazonaws.com/corpora/files/CC-MAIN-2021-31-PDF-UNTRUNCATED/zipfiles/2000-2999/2023.zip,2023435.pdf
cc-2023-2023436.pdf,cc,516165,44,false,false,true,false,413f74e903951c6b2e55ccf259cf0850b67b8992016788a654215e3526a856b6,https://digitalcorpora.s3.amazonaws.com/corpora/files/CC-MAIN-2021-31-PDF-UNTRUNCATED/zipfiles/2000-2999/2023.zip,2023436.pdf
cc-2023-2023437.pdf,cc,747567,19,false,false,true,false,413f7a13b9b520113069ef3f110568faee50c912d563a87586fb04a5ab6c63a2,https://digitalcorpora.s3.amazonaws.com/corpora/files/CC-MAIN-2021-31-PDF-UNTRUNCATED/zipfiles/2000-2999/2023.zip,2023437.pdf
cc-2023-2023438.pdf,cc,102680,1,false,false,true,false,413f7ba21f984fe9608da2af2a9020e12a6f728e8102770fb6e96a9cf970af63,https://digitalcorpora.s3.amazonaws.com/corpora/files/CC-MAIN-2021-31-PDF-UNTRUNCATED/zipfiles/2000-2999/2023.zip,2023438.pdf
cc-2023-2023439.pdf,cc,167067,1,false,false,true,false,413f7c9287423c0d8d0abd37e58b8e8af94658e28561e4052e7bf54cae4f3f1b,https://digitalcorpora.s3.amazonaws.com/corpora/files/CC-MAIN-2021-31-PDF-UNTRUNCATED/zipfiles/2000-2999/2023.zip,2023439.pdf
cc-2023-2023440.pdf,cc,1483480,2,false,false,false,false,413f7d0ef0239d8ef3547db72d2166c160eb6a5acd975ee5fd9a28d15666274c,https://digitalcorpora.s3.amazonaws.com/corpora/files/CC-MAIN-2021-31-PDF-UNTRUNCATED/zipfiles/2000-2999/2023.zip,2023440.pdf
cc-2023-2023441.pdf,cc,854913,1,false,false,false,false,413f7e9803606941bd40175f89d15f31de558599a23a13cfc7ef6d33772b9f37,https://digitalcorpora.s3.amazonaws.com/corpora/files/CC-MAIN-2021-31-PDF-UNTRUNCATED/zipfiles/2000-2999/2023.zip,2023441.pdf
cc-2023-2023442.pdf,cc,1562235,23,false,false,false,false,413f86f0a8695ba05d071ee7e1b856f6ebbd060a9212fe7dc54cf2345d6ad7a9,https://digitalcorpora.s3.amazonaws.com/corpora/files/CC-MAIN-2021-31-PDF-UNTRUNCATED/zipfiles/2000-2999/2023.zip,2023442.pdf
cc-2023-2023443.pdf,cc,1001676,3,false,false,false,false,413f90d9ce24f92324e084967b44e13bb2f767933ec5bfe6b2187b45a3a8830a,https://digitalcorpora.s3.amazonaws.com/corpora/files/CC-MAIN-2021-31-PDF-UNTRUNCATED/zipfiles/2000-2999/2023.zip,2023443.pdf
cc-2023-2023444.pdf,cc,131494,4,false,false,true,false,413f938abcb5d61f40945e764918adb93db2fe031da8c99d3aa519382d22c896,https://digitalcorpora.s3.amazonaws.com/corpora/files/CC-MAIN-2021-31-PDF-UNTRUNCATED/zipfiles/2000-2999/2023.zip,2023444.pdf
cc-2023-2023445.pdf,cc,1434529,15,false,false,false,true,413f948249772537e35ffb94430f431577a9fc959af975d1f92f417b8e19a455,https://digitalcorpora.s3.amazonaws.com/corpora/files/CC-MAIN-2021-31-PDF-UNTRUNCATED/zipfiles/2000-2999/2023.zip,2023445.pdf
cc-2023-2023446.pdf,cc,3898029,18,false,false,true,false,413f953538b8cfdb71c33bd681c3eed925487773a4c34c62e572a3a054b340e6,https://digitalcorpora.s3.amazonaws.com/corpora/files/CC-MAIN-2021-31-PDF-UNTRUNCATED/zipfiles/2000-2999/2023.zip,2023446.pdf
cc-2023-2023447.pdf,cc,655178,2,false,false,false,false,413f95a0e67c0b14f1ddd343f2687f77986931a8b4c2c11c73f8717340d81998,https://digitalcorpora.s3.amazonaws.com/corpora/files/CC-MAIN-2021-31-PDF-UNTRUNCATED/zipfiles/2000-2999/2023.zip,2023447.pdf
cc-2023-2023448.pdf,cc,1691820,28,false,false,true,false,413f9996ccbf69b82569d2ee369d26d6673426783a364560fdeff8d7b511c986,https://digitalcorpora.s3.amazonaws.com/corpora/files/CC-MAIN-2021-31-PDF-UNTRUNCATED/zipfiles/2000-2999/2023.zip,2023448.pdf
cc-2023-2023449.pdf,cc,40701,2,false,false,false,false,413f9bf4eda5f2a1ad0cd1b04e789a3927c48152c8bca838a87c4f43002c9036,https://digitalcorpora.s3.amazonaws.com/corpora/files/CC-MAIN-2021-31-PDF-UNTRUNCATED/zipfiles/2000-2999/2023.zip,2023449.pdf
cc-2023-2023450.pdf,cc,291751,6,false,false,false,false,413f9c000c2823ce2d84a3fa44407209ddac320211a80fef376796671ade9b31,https://digitalcorpora.s3.amazonaws.com/corpora/files/CC-MAIN-2021-31-PDF-UNTRUNCATED/zipfiles/2000-2999/2023.zip,2023450.pdf
cc-2023-2023451.pdf,cc,145490,1,false,false,false,false,413f9d7c3574a366c243c1c7e78e9190c3087b900f2511431eccc1514ae97d5e,https://digitalcorpora.s3.amazonaws.com/corpora/files/CC-MAIN-2021-31-PDF-UNTRUNCATED/zipfiles/2000-2999/2023.zip,2023451.pdf
cc-2023-2023452.pdf,cc,3469700,1,false,false,false,false,413f9efdc025f31491d9ec4e352bf26961f6c1ea928d27e26d9519ade2486543,https://digitalcorpora.s3.amazonaws.com/corpora/files/CC-MAIN-2021-31-PDF-UNTRUNCATED/zipfiles/2000-2999/2023.zip,2023452.pdf
cc-2023-2023453.pdf,cc,205360,3,false,false,true,false,413fa16cbaaa813a05294204b2afee295a09c7e9578ca684dabdf91902e7f372,https://digitalcorpora.s3.amazonaws.com/corpora/files/CC-MAIN-2021-31-PDF-UNTRUNCATED/zipfiles/2000-2999/2023.zip,2023453.pdf
cc-2023-2023454.pdf,cc,176957,1,false,false,false,false,413fa6dcbef1efdbb8ccf316454c5a976cf8437a01467c9e8095dbb881afde28,https://digitalcorpora.s3.amazonaws.com/corpora/files/CC-MAIN-2021-31-PDF-UNTRUNCATED/zipfiles/2000-2999/2023.zip,2023454.pdf
cc-2023-2023455.pdf,cc,3099469,2,false,true,false,true,413fa71df5630d416dae69a093aa6c77b24c9d0f13c3d2dba6acf8a90b1648a7,https://digitalcorpora.s3.amazonaws.com/corpora/files/CC-MAIN-2021-31-PDF-UNTRUNCATED/zipfiles/2000-2999/2023.zip,2023455.pdf
cc-2023-2023456.pdf,cc,281809,1,false,false,false,false,413fa9a35dbfc2937484d27414b38b13fc015676cf8e7598dedb9fd074e8e897,https://digitalcorpora.s3.amazonaws.com/corpora/files/CC-MAIN-2021-31-PDF-UNTRUNCATED/zipfiles/2000-2999/2023.zip,2023456.pdf
cc-2023-2023457.pdf,cc,9314068,11,false,false,false,false,413fab5ebe3c3362e899fd65cc383f9f1e3d3ed38386b05efc5da82d6a3cb036,https://digitalcorpora.s3.amazonaws.com/corpora/files/CC-MAIN-2021-31-PDF-UNTRUNCATED/zipfiles/2000-2999/2023.zip,2023457.pdf
cc-2023-2023458.pdf,cc,714948,41,false,false,false,false,413facdfba32e6345c4ebd7426bed2fccf35bcf9ccce94d57a1d66fffe3a66f6,https://digitalcorpora.s3.amazonaws.com/corpora/files/CC-MAIN-2021-31-PDF-UNTRUNCATED/zipfiles/2000-2999/2023.zip,2023458.pdf
cc-2023-2023459.pdf,cc,58527,2,false,false,true,false,413fad06c6478e830cc52eac2434c3a1cb47e00bfea9d58a373fbaf6118e39d0,https://digitalcorpora.s3.amazonaws.com/corpora/files/CC-MAIN-2021-31-PDF-UNTRUNCATED/zipfiles/2000-2999/2023.zip,2023459.pdf
cc-2023-2023460.pdf,cc,101562,9,false,false,true,false,413fae0e839d6c359f96e3e881451f903714ca457b2d43a17b7c3c40162b4019,https://digitalcorpora.s3.amazonaws.com/corpora/files/CC-MAIN-2021-31-PDF-UNTRUNCATED/zipfiles/2000-2999/2023.zip,2023460.pdf
cc-2023-2023461.pdf,cc,351274,4,true,false,false,false,413fb07a10735f1db9aa1402576d0359aae33613d34f1b5f2fa4f97002a495fc,https://digitalcorpora.s3.amazonaws.com/corpora/files/CC-MAIN-2021-31-PDF-UNTRUNCATED/zipfiles/2000-2999/2023.zip,2023461.pdf
cc-2023-2023462.pdf,cc,170308,2,false,false,false,false,413fb3f9c1889a4c0a867ce2d77112f3ea055eb90b43ab9c824626bd2a911af4,https://digitalcorpora.s3.amazonaws.com/corpora/files/CC-MAIN-2021-31-PDF-UNTRUNCATED/zipfiles/2000-2999/2023.zip,2023462.pdf
cc-2023-2023463.pdf,cc,189319,3,false,false,true,false,413fb5d60f1dc3448f5ca2ec6be16e8609ced1869f353640f9bfe3d429a8a3c4,https://digitalcorpora.s3.amazonaws.com/corpora/files/CC-MAIN-2021-31-PDF-UNTRUNCATED/zipfiles/2000-2999/2023.zip,2023463.pdf
cc-2023-2023464.pdf,cc,5515531,8,false,false,false,false,413fb8b1f93af3a795fa82366e8e7dfd7bef3cd804ba8f2ab1ad0eab86ef5129,https://digitalcorpora.s3.amazonaws.com/corpora/files/CC-MAIN-2021-31-PDF-UNTRUNCATED/zipfiles/2000-2999/2023.zip,2023464.pdf
cc-2023-2023465.pdf,cc,1144592,5,false,false,false,false,413fb9f9699a105f6ad09bdd0d24ede2472e676d87d7b8e207d4f523416c73f7,https://digitalcorpora.s3.amazonaws.com/corpora/files/CC-MAIN-2021-31-PDF-UNTRUNCATED/zipfiles/2000-2999/2023.zip,2023465.pdf
cc-2023-2023466.pdf,cc,141147,4,false,false,true,false,413fbadf119a2be99dc705ae5579ce240fee827bbeeef4c9b54e8e9a0c25a99e,https://digitalcorpora.s3.amazonaws.com/corpora/files/CC-MAIN-2021-31-PDF-UNTRUNCATED/zipfiles/2000-2999/2023.zip,2023466.pdf
cc-2023-2023467.pdf,cc,439853,12,false,false,true,false,413fbc857ae35fd707a75c550c0d53a85e7ea29066bc457982b2e647c0c01a87,https://digitalcorpora.s3.amazonaws.com/corpora/files/CC-MAIN-2021-31-PDF-UNTRUNCATED/zipfiles/2000-2999/2023.zip,2023467.pdf
cc-2023-2023468.pdf,cc,188502,38,false,false,false,false,413fbc99ae2f234342982b32fac26f9587868ccec910ff48f6b53a505586c1c1,https://digitalcorpora.s3.amazonaws.com/corpora/files/CC-MAIN-2021-31-PDF-UNTRUNCATED/zipfiles/2000-2999/2023.zip,2023468.pdf
cc-2023-2023469.pdf,cc,1492400,16,false,false,false,false,413fbdf252a111c99ed36ce328f012d0e03905b147cdddae16a9ca617af2905b,https://digitalcorpora.s3.amazonaws.com/corpora/files/CC-MAIN-2021-31-PDF-UNTRUNCATED/zipfiles/2000-2999/2023.zip,2023469.pdf
cc-2023-2023470.pdf,cc,62614,1,false,false,false,false,413fc0399306ee82c4c5b1c8b62b21bd031d72e79343d59e7618a55adc4e4c2a,https://digitalcorpora.s3.amazonaws.com/corpora/files/CC-MAIN-2021-31-PDF-UNTRUNCATED/zipfiles/2000-2999/2023.zip,2023470.pdf
cc-2023-2023471.pdf,cc,403636,5,false,false,false,false,413fc0bd013c957c3c5dfcd9310224d1a16e7a6b7863fcf92538be7cc00abe92,https://digitalcorpora.s3.amazonaws.com/corpora/files/CC-MAIN-2021-31-PDF-UNTRUNCATED/zipfiles/2000-2999/2023.zip,2023471.pdf
cc-2023-2023472.pdf,cc,571983,19,false,true,true,true,413fc7d5cebfc5e09d9510d4f86982fee6862158e81debbb9759aabc6687ac52,https://digitalcorpora.s3.amazonaws.com/corpora/files/CC-MAIN-2021-31-PDF-UNTRUNCATED/zipfiles/2000-2999/2023.zip,2023472.pdf
cc-2023-2023473.pdf,cc,299245,15,false,false,true,false,413fc9613bebfe3764241e775ec2794535da8bb1f30e57dae76a16c4c379223b,https://digitalcorpora.s3.amazonaws.com/corpora/files/CC-MAIN-2021-31-PDF-UNTRUNCATED/zipfiles/2000-2999/2023.zip,2023473.pdf
cc-2023-2023474.pdf,cc,221495,4,false,false,true,true,413fca332ffbbadbe5edc8e525d27d63cd94431a94320da59a0dfa5b8fe35647,https://digitalcorpora.s3.amazonaws.com/corpora/files/CC-MAIN-2021-31-PDF-UNTRUNCATED/zipfiles/2000-2999/2023.zip,2023474.pdf
cc-2023-2023475.pdf,cc,9614,4,false,false,false,false,413fcbcfbc86789a6ecc533f65792705ad365e27bc5d6956b4e613e21532367e,https://digitalcorpora.s3.amazonaws.com/corpora/files/CC-MAIN-2021-31-PDF-UNTRUNCATED/zipfiles/2000-2999/2023.zip,2023475.pdf
cc-2023-2023476.pdf,cc,157439,2,false,false,true,false,413fcbea4a6600a4d7b8ff335ecbe11c6f26f4b13bf2a959825315bf10c15084,https://digitalcorpora.s3.amazonaws.com/corpora/files/CC-MAIN-2021-31-PDF-UNTRUNCATED/zipfiles/2000-2999/2023.zip,2023476.pdf
cc-2023-2023477.pdf,cc,414318,16,false,false,false,false,413fcdd187735d37da3b3faebe9111b4613d098e7389e39a36e3ea86453d2668,https://digitalcorpora.s3.amazonaws.com/corpora/files/CC-MAIN-2021-31-PDF-UNTRUNCATED/zipfiles/2000-2999/2023.zip,2023477.pdf
cc-2023-2023478.pdf,cc,494055,4,false,false,false,false,413fcdede6f5269f658f53577cf1a3191626356fe4d01bb64578fcc05d35b6d9,https://digitalcorpora.s3.amazonaws.com/corpora/files/CC-MAIN-2021-31-PDF-UNTRUNCATED/zipfiles/2000-2999/2023.zip,2023478.pdf
cc-2023-2023479.pdf,cc,840760,9,false,false,false,false,413fcf627fb9a8f299cdff3cb000c4d34a47c3e740a5d3c642bfa61936562156,https://digitalcorpora.s3.amazonaws.com/corpora/files/CC-MAIN-2021-31-PDF-UNTRUNCATED/zipfiles/2000-2999/2023.zip,2023479.pdf
cc-2023-2023480.pdf,cc,312876,2,false,false,false,false,413fd27b8e447781619b9b540a041e434a3bbbd1a709bee7b636ffaa43b26150,https://digitalcorpora.s3.amazonaws.com/corpora/files/CC-MAIN-2021-31-PDF-UNTRUNCATED/zipfiles/2000-2999/2023.zip,2023480.pdf
cc-2023-2023481.pdf,cc,107791,3,false,false,false,false,413fd2bc7c0b7ac1b26371ec7927390523e444a59d0620fef391c654c314cd97,https://digitalcorpora.s3.amazonaws.com/corpora/files/CC-MAIN-2021-31-PDF-UNTRUNCATED/zipfiles/2000-2999/2023.zip,2023481.pdf
cc-2023-2023482.pdf,cc,671959,75,true,false,true,false,413fd8143dd39221e799463fdabd09c846ef7dee2c5f912a1c166db522c9ecab,https://digitalcorpora.s3.amazonaws.com/corpora/files/CC-MAIN-2021-31-PDF-UNTRUNCATED/zipfiles/2000-2999/2023.zip,2023482.pdf
cc-2023-2023483.pdf,cc,41358,14,false,false,true,false,413fd851fe6ee09c03d66b3d720abf1f4a36c2a0dc7b0ea578fb1a370fd856b6,https://digitalcorpora.s3.amazonaws.com/corpora/files/CC-MAIN-2021-31-PDF-UNTRUNCATED/zipfiles/2000-2999/2023.zip,2023483.pdf
cc-2023-2023484.pdf,cc,1129778,3,false,false,false,false,413fd928a4e3a13d58a4da0ae9176adc403aef8849cf8f37565dcb88ad8e9acc,https://digitalcorpora.s3.amazonaws.com/corpora/files/CC-MAIN-2021-31-PDF-UNTRUNCATED/zipfiles/2000-2999/2023.zip,2023484.pdf
cc-2023-2023485.pdf,cc,4099138,44,false,false,true,true,413fdbbc7ace75d019834df509654351b889afaffda92d826fbf4604c8f5c6a5,https://digitalcorpora.s3.amazonaws.com/corpora/files/CC-MAIN-2021-31-PDF-UNTRUNCATED/zipfiles/2000-2999/2023.zip,2023485.pdf
cc-2023-2023486.pdf,cc,522996,2,false,false,false,true,413fdcb5d1e3315d7fc294dea39005c1818a6c55a572ac759d1127d3935a4bab,https://digitalcorpora.s3.amazonaws.com/corpora/files/CC-MAIN-2021-31-PDF-UNTRUNCATED/zipfiles/2000-2999/2023.zip,2023486.pdf
cc-2023-2023487.pdf,cc,515139,1,false,false,false,false,413fdd2c4f136e9de7af8e78f273f3fac12363903a1c1b70291a1216d96386f1,https://digitalcorpora.s3.amazonaws.com/corpora/files/CC-MAIN-2021-31-PDF-UNTRUNCATED/zipfiles/2000-2999/2023.zip,2023487.pdf
cc-2023-2023488.pdf,cc,578479,1,false,false,false,false,413fdefd3dfb36cef14a038ea40f49fb7b8593790fd6b729e1093f22913a1cdd,https://digitalcorpora.s3.amazonaws.com/corpora/files/CC-MAIN-2021-31-PDF-UNTRUNCATED/zipfiles/2000-2999/2023.zip,2023488.pdf
cc-2023-2023489.pdf,cc,597171,2,false,false,false,false,413fdfe5d2bf54053e2e514ac740323b6c827b1e25c1608d8ef1344121cde93a,https://digitalcorpora.s3.amazonaws.com/corpora/files/CC-MAIN-2021-31-PDF-UNTRUNCATED/zipfiles/2000-2999/2023.zip,2023489.pdf
cc-2023-2023490.pdf,cc,219630,1,false,false,false,false,413fe14391d000e3e1165d78a66f366ac2b6ad31b856763604f8d1bc6696629f,https://digitalcorpora.s3.amazonaws.com/corpora/files/CC-MAIN-2021-31-PDF-UNTRUNCATED/zipfiles/2000-2999/2023.zip,2023490.pdf
cc-2023-2023491.pdf,cc,857899,1,false,false,false,false,413fe6b106cac876e6e6e89a1b287d5b432c11742c58acc225f7858cebd4ef1c,https://digitalcorpora.s3.amazonaws.com/corpora/files/CC-MAIN-2021-31-PDF-UNTRUNCATED/zipfiles/2000-2999/2023.zip,2023491.pdf
cc-2023-2023492.pdf,cc,162293,4,false,false,true,false,413fe91e90f213e9dbdcfd3d8b3a0ccb19c2edb008ab51fd1dcc96b7a60f6955,https://digitalcorpora.s3.amazonaws.com/corpora/files/CC-MAIN-2021-31-PDF-UNTRUNCATED/zipfiles/2000-2999/2023.zip,2023492.pdf
cc-2023-2023493.pdf,cc,68441,1,false,false,false,false,413fe92b00ceaab4494a2b68657096e975272d9db8d35cbf7eb7da966bfee84b,https://digitalcorpora.s3.amazonaws.com/corpora/files/CC-MAIN-2021-31-PDF-UNTRUNCATED/zipfiles/2000-2999/2023.zip,2023493.pdf
cc-2023-2023494.pdf,cc,305333,2,false,true,false,true,413fec2d65da5a5855f9c075529c74193bad83f8b49b351f3c62fd22ab1056ff,https://digitalcorpora.s3.amazonaws.com/corpora/files/CC-MAIN-2021-31-PDF-UNTRUNCATED/zipfiles/2000-2999/2023.zip,2023494.pdf
cc-2023-2023495.pdf,cc,511219,1,false,false,true,false,413fecb12e9db768da51cb8ae5d7b91a7d4ba70b6869f499218f9c7b8ac6db5c,https://digitalcorpora.s3.amazonaws.com/corpora/files/CC-MAIN-2021-31-PDF-UNTRUNCATED/zipfiles/2000-2999/2023.zip,2023495.pdf
cc-2023-2023496.pdf,cc,1175350,3,false,false,true,false,413ff22213ba0ebe959855ec1b836704a8ff66daafffa46f94807c7da6ac59e6,https://digitalcorpora.s3.amazonaws.com/corpora/files/CC-MAIN-2021-31-PDF-UNTRUNCATED/zipfiles/2000-2999/2023.zip,2023496.pdf
cc-2023-2023497.pdf,cc,904055,5,false,false,true,false,413ff3224e0b727c5227eb2a5f9ce6cc4232bd7fc2ee2dc4f9497e0dc22f07ba,https://digitalcorpora.s3.amazonaws.com/corpora/files/CC-MAIN-2021-31-PDF-UNTRUNCATED/zipfiles/2000-2999/2023.zip,2023497.pdf
cc-2023-2023498.pdf,cc,27105081,100,false,false,true,false,413ff3d1eeaf8ebd8511e05135845e82d040bb5b71e261b8c03d7023ec9bc0a1,https://digitalcorpora.s3.amazonaws.com/corpora/files/CC-MAIN-2021-31-PDF-UNTRUNCATED/zipfiles/2000-2999/2023.zip,2023498.pdf
cc-2023-2023499.pdf,cc,179663,7,false,false,false,false,413ff40658b8ab3b49f17c274099f4c60e565a7a034698418700b8cb84d8f882,https://digitalcorpora.s3.amazonaws.com/corpora/files/CC-MAIN-2021-31-PDF-UNTRUNCATED/zipfiles/2000-2999/2023.zip,2023499.pdf
cc-2023-2023500.pdf,cc,298839,3,false,false,true,false,413ff41785c8012ca428d10fd584021cd83c8ed2e428c9373035cb2854b1f0ff,https://digitalcorpora.s3.amazonaws.com/corpora/files/CC-MAIN-2021-31-PDF-UNTRUNCATED/zipfiles/2000-2999/2023.zip,2023500.pdf
cc-2023-2023501.pdf,cc,318383,1,false,false,false,false,413ff850bf81332e272d55032cf90c8ac09b69f1a2839720a97bfcdc4a0ddad7,https://digitalcorpora.s3.amazonaws.com/corpora/files/CC-MAIN-2021-31-PDF-UNTRUNCATED/zipfiles/2000-2999/2023.zip,2023501.pdf
cc-2023-2023502.pdf,cc,93298,5,false,false,false,false,413ff8950a5a535ba6a05e65a697a52b19c70e541a150b1d31d909a8a30b7ac6,https://digitalcorpora.s3.amazonaws.com/corpora/files/CC-MAIN-2021-31-PDF-UNTRUNCATED/zipfiles/2000-2999/2023.zip,2023502.pdf
cc-2023-2023503.pdf,cc,486088,8,false,false,true,false,413ff9f77b48e827330f95fe234355ec4b25b61609fe141d2c260eaf69d26bed,https://digitalcorpora.s3.amazonaws.com/corpora/files/CC-MAIN-2021-31-PDF-UNTRUNCATED/zipfiles/2000-2999/2023.zip,2023503.pdf
cc-2023-2023504.pdf,cc,287667,9,false,false,true,false,413ffd058d57839bbbe71e3247dd914cdedb8bc8cf6e55b1023eedd4031a6004,https://digitalcorpora.s3.amazonaws.com/corpora/files/CC-MAIN-2021-31-PDF-UNTRUNCATED/zipfiles/2000-2999/2023.zip,2023504.pdf
cc-2023-2023505.pdf,cc,5864805,29,false,false,false,false,413ffed5cd071945a2bc7ba415f1a9c7d24ab6ef9e1f18e0f80ad35b9d14f96c,https://digitalcorpora.s3.amazonaws.com/corpora/files/CC-MAIN-2021-31-PDF-UNTRUNCATED/zipfiles/2000-2999/2023.zip,2023505.pdf
cc-2023-2023506.pdf,cc,94402,2,false,false,true,false,414000562128028da09e171efd725b9dd8a1024788761adfbb1b73ee6a2e5e8f,https://digitalcorpora.s3.amazonaws.com/corpora/files/CC-MAIN-2021-31-PDF-UNTRUNCATED/zipfiles/2000-2999/2023.zip,2023506.pdf
cc-2023-2023507.pdf,cc,80198,7,false,false,false,false,4140057ca11d6e029ebcd2de5c88927976cffdb1dd41098874ae772f057c3378,https://digitalcorpora.s3.amazonaws.com/corpora/files/CC-MAIN-2021-31-PDF-UNTRUNCATED/zipfiles/2000-2999/2023.zip,2023507.pdf
cc-2023-2023508.pdf,cc,2247023,23,false,false,false,false,4140065c4e0ada5b3818bbfbadae7a1c92ae96bad9a815b1748d9ceacdf55bb3,https://digitalcorpora.s3.amazonaws.com/corpora/files/CC-MAIN-2021-31-PDF-UNTRUNCATED/zipfiles/2000-2999/2023.zip,2023508.pdf
cc-2023-2023509.pdf,cc,126413,2,false,false,true,false,4140069641e9ec3ca9adc72d85282b799d192034ef44ec68232e8bf0763950f6,https://digitalcorpora.s3.amazonaws.com/corpora/files/CC-MAIN-2021-31-PDF-UNTRUNCATED/zipfiles/2000-2999/2023.zip,2023509.pdf
cc-2023-2023510.pdf,cc,961020,4,false,false,false,false,41400765bedfb0500c8f13b430eecaf64cfb2afea6c51bcf4105c3ad76bba360,https://digitalcorpora.s3.amazonaws.com/corpora/files/CC-MAIN-2021-31-PDF-UNTRUNCATED/zipfiles/2000-2999/2023.zip,2023510.pdf
cc-2023-2023511.pdf,cc,5027657,5,false,false,false,false,414008d4fec5a99c8cea36f5a73438121a3459eaf0da870e26914c745a1afffa,https://digitalcorpora.s3.amazonaws.com/corpora/files/CC-MAIN-2021-31-PDF-UNTRUNCATED/zipfiles/2000-2999/2023.zip,2023511.pdf
cc-2023-2023512.pdf,cc,1002099,84,false,false,false,true,41400929200290e4753456ad08b24e1bd49ab6322b16d45a30b21fc885e5c908,https://digitalcorpora.s3.amazonaws.com/corpora/files/CC-MAIN-2021-31-PDF-UNTRUNCATED/zipfiles/2000-2999/2023.zip,2023512.pdf
cc-2023-2023513.pdf,cc,194785,2,false,false,true,false,41400b81f8c37b74502a33d584f0929b154cefc63f59aad225c6d03888dddc7e,https://digitalcorpora.s3.amazonaws.com/corpora/files/CC-MAIN-2021-31-PDF-UNTRUNCATED/zipfiles/2000-2999/2023.zip,2023513.pdf
cc-2023-2023514.pdf,cc,9466113,19,false,false,false,false,41400ec8f74b199e6989059801f68dfe1a59a73d5b27fee156b1e76e282aea32,https://digitalcorpora.s3.amazonaws.com/corpora/files/CC-MAIN-2021-31-PDF-UNTRUNCATED/zipfiles/2000-2999/2023.zip,2023514.pdf
cc-2023-2023515.pdf,cc,130452,4,false,false,true,false,41400f69da1c238c199410914135a5bc1067412ecbaa4c2bf82bdf3807bd15ec,https://digitalcorpora.s3.amazonaws.com/corpora/files/CC-MAIN-2021-31-PDF-UNTRUNCATED/zipfiles/2000-2999/2023.zip,2023515.pdf
cc-2023-2023516.pdf,cc,541135,1,false,false,false,false,41400f9abc2b0019174cf919a60109305c8defd91cd577a0a0e4bb0fed11d028,https://digitalcorpora.s3.amazonaws.com/corpora/files/CC-MAIN-2021-31-PDF-UNTRUNCATED/zipfiles/2000-2999/2023.zip,2023516.pdf
cc-2023-2023517.pdf,cc,126324,3,false,false,true,false,41401027c8201afcf2fb2b328a4056831afc35e6c7d8869cd968eaf26617ea82,https://digitalcorpora.s3.amazonaws.com/corpora/files/CC-MAIN-2021-31-PDF-UNTRUNCATED/zipfiles/2000-2999/2023.zip,2023517.pdf
cc-2023-2023518.pdf,cc,2281208,2,false,false,false,false,4140115e9ba2a15860717ee3a887afb985b3617ef2303032281415489cb44476,https://digitalcorpora.s3.amazonaws.com/corpora/files/CC-MAIN-2021-31-PDF-UNTRUNCATED/zipfiles/2000-2999/2023.zip,2023518.pdf
cc-2023-2023519.pdf,cc,139677,1,false,false,false,false,414013765f637fb1ad861420b2476e82bf9495068ccf1b750f03e95c6ea92433,https://digitalcorpora.s3.amazonaws.com/corpora/files/CC-MAIN-2021-31-PDF-UNTRUNCATED/zipfiles/2000-2999/2023.zip,2023519.pdf
cc-2023-2023520.pdf,cc,6787,3,false,false,false,false,414013a7e0c9d18c7ef93af6c8b16df5905e3d8cbeb76b7abbef87299d455ee3,https://digitalcorpora.s3.amazonaws.com/corpora/files/CC-MAIN-2021-31-PDF-UNTRUNCATED/zipfiles/2000-2999/2023.zip,2023520.pdf
cc-2023-2023521.pdf,cc,10140502,60,false,false,false,false,41401667815d389ac719b85379e908f5b478ee20d258d78e1af49fa523be7e6e,https://digitalcorpora.s3.amazonaws.com/corpora/files/CC-MAIN-2021-31-PDF-UNTRUNCATED/zipfiles/2000-2999/2023.zip,2023521.pdf
cc-2023-2023522.pdf,cc,169687,1,false,false,false,false,414016950c97593d86a1e8db8809764c492ece78dafd2caab9cede8f54384f68,https://digitalcorpora.s3.amazonaws.com/corpora/files/CC-MAIN-2021-31-PDF-UNTRUNCATED/zipfiles/2000-2999/2023.zip,2023522.pdf
cc-2023-2023523.pdf,cc,103871,2,false,false,false,false,4140195eb66a5ab332ed0e1c27ac2a70302358b6b180f85d1608dfd659cd6434,https://digitalcorpora.s3.amazonaws.com/corpora/files/CC-MAIN-2021-31-PDF-UNTRUNCATED/zipfiles/2000-2999/2023.zip,2023523.pdf
cc-2023-2023524.pdf,cc,184471,16,false,false,false,false,414019a4a653825472852d61b69ddc4b2d8cfc000a3dd63e7f73205ed2fcff46,https://digitalcorpora.s3.amazonaws.com/corpora/files/CC-MAIN-2021-31-PDF-UNTRUNCATED/zipfiles/2000-2999/2023.zip,2023524.pdf
cc-2023-2023525.pdf,cc,430485,10,false,false,true,false,41401af807aaba5c6ad1f9cf646856b78c3095ce0d38bedc779bf8c2dc89429e,https://digitalcorpora.s3.amazonaws.com/corpora/files/CC-MAIN-2021-31-PDF-UNTRUNCATED/zipfiles/2000-2999/2023.zip,2023525.pdf
cc-2023-2023527.pdf,cc,244480,8,false,false,true,false,41401fffb26a9969405d6a1633890ff3b849de5f42c9b0623fb8c09475ba102d,https://digitalcorpora.s3.amazonaws.com/corpora/files/CC-MAIN-2021-31-PDF-UNTRUNCATED/zipfiles/2000-2999/2023.zip,2023527.pdf
cc-2023-2023528.pdf,cc,61940,6,false,false,false,false,41402204b32f2b3d1b75dc5ea73b76534dffecb0b4e939274cecaece8dab90d9,https://digitalcorpora.s3.amazonaws.com/corpora/files/CC-MAIN-2021-31-PDF-UNTRUNCATED/zipfiles/2000-2999/2023.zip,2023528.pdf
cc-2023-2023529.pdf,cc,311013,2,false,false,false,false,414025118ef67122caca79530f772b7c65aabc9bccd4cc96de076e70a71698ce,https://digitalcorpora.s3.amazonaws.com/corpora/files/CC-MAIN-2021-31-PDF-UNTRUNCATED/zipfiles/2000-2999/2023.zip,2023529.pdf
cc-2023-2023530.pdf,cc,613471,2,false,false,true,false,414026295e18539aee9c216aba4a5904998b45761366aa0b39bb6fc4f2d1f6b4,https://digitalcorpora.s3.amazonaws.com/corpora/files/CC-MAIN-2021-31-PDF-UNTRUNCATED/zipfiles/2000-2999/2023.zip,2023530.pdf
cc-2023-2023531.pdf,cc,4845868,16,false,false,false,false,41402a840adca6e70c8135c64f4d09addad1583917bb55174268d9696e10e314,https://digitalcorpora.s3.amazonaws.com/corpora/files/CC-MAIN-2021-31-PDF-UNTRUNCATED/zipfiles/2000-2999/2023.zip,2023531.pdf
cc-2023-2023532.pdf,cc,1121594,20,false,false,false,false,41402ba401bcd4efaa004d95ee48020c8120812728e019511a9af3af17067ab4,https://digitalcorpora.s3.amazonaws.com/corpora/files/CC-MAIN-2021-31-PDF-UNTRUNCATED/zipfiles/2000-2999/2023.zip,2023532.pdf
cc-2023-2023533.pdf,cc,872291,2,false,false,false,false,41402cd155913dd219abac3bf38f7519eaa218b4a83831f7f7f0234ea590cab0,https://digitalcorpora.s3.amazonaws.com/corpora/files/CC-MAIN-2021-31-PDF-UNTRUNCATED/zipfiles/2000-2999/2023.zip,2023533.pdf
cc-2023-2023534.pdf,cc,4900117,53,false,false,false,false,41402dad021184fa255f7c7f5b85ce0271dd2bb64b27ccb73c3e417e9c8b794a,https://digitalcorpora.s3.amazonaws.com/corpora/files/CC-MAIN-2021-31-PDF-UNTRUNCATED/zipfiles/2000-2999/2023.zip,2023534.pdf
cc-2023-2023535.pdf,cc,1100393,6,false,false,false,false,414030f430ab958ad89609a3d926836b98e0d003d98210b36a1226d11544b4f5,https://digitalcorpora.s3.amazonaws.com/corpora/files/CC-MAIN-2021-31-PDF-UNTRUNCATED/zipfiles/2000-2999/2023.zip,2023535.pdf
cc-2023-2023536.pdf,cc,69381,4,false,false,true,false,414033563087ab94961e553fbee79b94f2a0a03793767bfae9633a30bac9a7f3,https://digitalcorpora.s3.amazonaws.com/corpora/files/CC-MAIN-2021-31-PDF-UNTRUNCATED/zipfiles/2000-2999/2023.zip,2023536.pdf
cc-2023-2023537.pdf,cc,106578,1,false,false,false,false,4140350b4aca934489c744b28d520aea5991b4a8897fe213597093f8eb1c892e,https://digitalcorpora.s3.amazonaws.com/corpora/files/CC-MAIN-2021-31-PDF-UNTRUNCATED/zipfiles/2000-2999/2023.zip,2023537.pdf
cc-2023-2023538.pdf,cc,230128,12,false,false,false,false,414035963bf1bf04a5d1c9d3bb5ba95bb24372304f1b85f470a7d7ffe796d4c8,https://digitalcorpora.s3.amazonaws.com/corpora/files/CC-MAIN-2021-31-PDF-UNTRUNCATED/zipfiles/2000-2999/2023.zip,2023538.pdf
cc-2023-2023539.pdf,cc,476723,21,false,false,false,false,414035ae566fd88d766eb59871b0b13f0a14b29ff24ccfc58b7afb21a85b2b27,https://digitalcorpora.s3.amazonaws.com/corpora/files/CC-MAIN-2021-31-PDF-UNTRUNCATED/zipfiles/2000-2999/2023.zip,2023539.pdf
cc-2023-2023540.pdf,cc,106047,9,false,false,false,false,414035b2c4f2a2b02e12c0385a6561ae667f2065f71fa6dc643084adfe8891ad,https://digitalcorpora.s3.amazonaws.com/corpora/files/CC-MAIN-2021-31-PDF-UNTRUNCATED/zipfiles/2000-2999/2023.zip,2023540.pdf
cc-2023-2023541.pdf,cc,228700,1,false,false,true,false,4140397c7a2a5066e3dc2f5f848e1d99b42b5ca878f0df7dfd486aa3931d59a4,https://digitalcorpora.s3.amazonaws.com/corpora/files/CC-MAIN-2021-31-PDF-UNTRUNCATED/zipfiles/2000-2999/2023.zip,2023541.pdf
cc-2023-2023542.pdf,cc,1950008,75,false,false,true,false,41403abebf0421a270c5a7180c998027cfd7d6a4ab2db9bc98d4706f2054ba05,https://digitalcorpora.s3.amazonaws.com/corpora/files/CC-MAIN-2021-31-PDF-UNTRUNCATED/zipfiles/2000-2999/2023.zip,2023542.pdf
cc-2023-2023543.pdf,cc,20086,1,false,false,false,false,41403d9dd7562cf8d4c7ea72ec991f89f864cd8377ee77283fe2585e11037323,https://digitalcorpora.s3.amazonaws.com/corpora/files/CC-MAIN-2021-31-PDF-UNTRUNCATED/zipfiles/2000-2999/2023.zip,2023543.pdf
cc-2023-2023544.pdf,cc,457334,1,false,false,false,true,4140424bb4adcb3d1867788dc3887180fb194578ad2ae80bb2667250c1bfb24a,https://digitalcorpora.s3.amazonaws.com/corpora/files/CC-MAIN-2021-31-PDF-UNTRUNCATED/zipfiles/2000-2999/2023.zip,2023544.pdf
cc-2023-2023545.pdf,cc,158802,2,false,false,true,false,4140433789d1193409e30290da09d4845f488769ec41137cb7c2d8d468840ee7,https://digitalcorpora.s3.amazonaws.com/corpora/files/CC-MAIN-2021-31-PDF-UNTRUNCATED/zipfiles/2000-2999/2023.zip,2023545.pdf
cc-2023-2023546.pdf,cc,322779,4,false,false,false,false,4140433bab1011939dda54bd730fd7cabbff62f3ffe86d74145457260b7fdcec,https://digitalcorpora.s3.amazonaws.com/corpora/files/CC-MAIN-2021-31-PDF-UNTRUNCATED/zipfiles/2000-2999/2023.zip,2023546.pdf
cc-2023-2023547.pdf,cc,1759809,4,false,false,true,false,41404685476bd06c8ea4e75aabf243c7dc60ebc0e5562bfd398ea832a0f43de7,https://digitalcorpora.s3.amazonaws.com/corpora/files/CC-MAIN-2021-31-PDF-UNTRUNCATED/zipfiles/2000-2999/2023.zip,2023547.pdf
cc-2023-2023548.pdf,cc,47420,1,false,false,false,false,414048cd3aed4ac98af0a8efdf68ae42065f34a62eba1eeb5ac93f64a953f4a2,https://digitalcorpora.s3.amazonaws.com/corpora/files/CC-MAIN-2021-31-PDF-UNTRUNCATED/zipfiles/2000-2999/2023.zip,2023548.pdf
cc-2023-2023549.pdf,cc,81120,1,false,false,false,false,41404a3a4f82a89a9133d74ffa646ca76ebeb17146e7c0cf3543a80e98a9bcbf,https://digitalcorpora.s3.amazonaws.com/corpora/files/CC-MAIN-2021-31-PDF-UNTRUNCATED/zipfiles/2000-2999/2023.zip,2023549.pdf
cc-2023-2023550.pdf,cc,412585,2,false,false,false,false,41404c9c0d629cb8c91cd599279b12c94935e5368729570ea9380c1d9a2f44cc,https://digitalcorpora.s3.amazonaws.com/corpora/files/CC-MAIN-2021-31-PDF-UNTRUNCATED/zipfiles/2000-2999/2023.zip,2023550.pdf
cc-2023-2023551.pdf,cc,74132,1,false,false,false,false,41404e58034b984bab792e25dc001d4ec6f7232ee475ec9d9e91560086fdc18c,https://digitalcorpora.s3.amazonaws.com/corpora/files/CC-MAIN-2021-31-PDF-UNTRUNCATED/zipfiles/2000-2999/2023.zip,2023551.pdf
cc-2023-2023552.pdf,cc,13044,1,false,false,false,false,41404e8a11af094e28cc738a7a2243a29bc8e0ee36c9c7d81d34147556296299,https://digitalcorpora.s3.amazonaws.com/corpora/files/CC-MAIN-2021-31-PDF-UNTRUNCATED/zipfiles/2000-2999/2023.zip,2023552.pdf
cc-2023-2023553.pdf,cc,83865,5,false,false,false,false,41404f95c4406415cbb453e65b1350495dbddf49e943c18cac7c6290cc16ebbc,https://digitalcorpora.s3.amazonaws.com/corpora/files/CC-MAIN-2021-31-PDF-UNTRUNCATED/zipfiles/2000-2999/2023.zip,2023553.pdf
cc-2023-2023554.pdf,cc,169781,2,false,false,true,false,414050da8c16fc4151c887bce8be3949f92149742bdae5e1224a729d0fb83495,https://digitalcorpora.s3.amazonaws.com/corpora/files/CC-MAIN-2021-31-PDF-UNTRUNCATED/zipfiles/2000-2999/2023.zip,2023554.pdf
cc-2023-2023555.pdf,cc,684278,1,false,false,false,false,414050f73a5b0f380d86fba823119e58b58c056d86b6f46da3cf3eaf6e1087fa,https://digitalcorpora.s3.amazonaws.com/corpora/files/CC-MAIN-2021-31-PDF-UNTRUNCATED/zipfiles/2000-2999/2023.zip,2023555.pdf
cc-2023-2023556.pdf,cc,428703,3,false,false,false,false,4140510d5444a08d81f992e2c7bcd155e70cf0d55e132439f580c0a5a85426c1,https://digitalcorpora.s3.amazonaws.com/corpora/files/CC-MAIN-2021-31-PDF-UNTRUNCATED/zipfiles/2000-2999/2023.zip,2023556.pdf
cc-2023-2023557.pdf,cc,125549,1,false,false,true,false,41405182f5b2e99ef9e4614dd95f9b3f16a808fea308a797daba3a26baf5e8ad,https://digitalcorpora.s3.amazonaws.com/corpora/files/CC-MAIN-2021-31-PDF-UNTRUNCATED/zipfiles/2000-2999/2023.zip,2023557.pdf
cc-2023-2023558.pdf,cc,105966,1,false,false,true,false,414052bcb9c80433d17d3468d9b83a6bb266cb77a4c64750f444ae023da0c394,https://digitalcorpora.s3.amazonaws.com/corpora/files/CC-MAIN-2021-31-PDF-UNTRUNCATED/zipfiles/2000-2999/2023.zip,2023558.pdf
cc-2023-2023559.pdf,cc,444241,4,false,false,true,false,414052f6fe64d7350ca9a40a7e0580f20dc25bf72033b24d89c4a6980348963b,https://digitalcorpora.s3.amazonaws.com/corpora/files/CC-MAIN-2021-31-PDF-UNTRUNCATED/zipfiles/2000-2999/2023.zip,2023559.pdf
cc-2023-2023560.pdf,cc,122664,1,false,false,false,false,41405804c6e3c612c70317cbb8bb4118d3427757ebb44205638e8ca729b5b9b1,https://digitalcorpora.s3.amazonaws.com/corpora/files/CC-MAIN-2021-31-PDF-UNTRUNCATED/zipfiles/2000-2999/2023.zip,2023560.pdf
cc-2023-2023561.pdf,cc,46058,1,false,false,false,false,41405a1d963826733d84d0fb251a50303ed4da76df0de740dca4261f4bb3a795,https://digitalcorpora.s3.amazonaws.com/corpora/files/CC-MAIN-2021-31-PDF-UNTRUNCATED/zipfiles/2000-2999/2023.zip,2023561.pdf
cc-2023-2023562.pdf,cc,270507,1,false,false,false,false,41405eac7e7fba1e5f1c4f216fab06d75648823b968ce815b2c49917fbfbb605,https://digitalcorpora.s3.amazonaws.com/corpora/files/CC-MAIN-2021-31-PDF-UNTRUNCATED/zipfiles/2000-2999/2023.zip,2023562.pdf
cc-2023-2023563.pdf,cc,177823,2,false,false,false,false,41405f3886819df19888053da69e701f290f1341d0f8a38f59c386da5193ede3,https://digitalcorpora.s3.amazonaws.com/corpora/files/CC-MAIN-2021-31-PDF-UNTRUNCATED/zipfiles/2000-2999/2023.zip,2023563.pdf
cc-2023-2023564.pdf,cc,296363,16,false,false,false,false,4140609406b761eaffddc9918aa5746da489f1d0f7dbd726cb57479896dc526b,https://digitalcorpora.s3.amazonaws.com/corpora/files/CC-MAIN-2021-31-PDF-UNTRUNCATED/zipfiles/2000-2999/2023.zip,2023564.pdf
cc-2023-2023565.pdf,cc,1050810,18,false,false,true,true,414060e359ea5970cc3cca0810024a31b1a89d0632dbba32b5d34adce907aae6,https://digitalcorpora.s3.amazonaws.com/corpora/files/CC-MAIN-2021-31-PDF-UNTRUNCATED/zipfiles/2000-2999/2023.zip,2023565.pdf
cc-2023-2023566.pdf,cc,34297,9,false,false,true,false,4140620974a3a607ffb8df730b7a46dd7e4c7ae563fcd8069931c4f6134b92e8,https://digitalcorpora.s3.amazonaws.com/corpora/files/CC-MAIN-2021-31-PDF-UNTRUNCATED/zipfiles/2000-2999/2023.zip,2023566.pdf
cc-2023-2023567.pdf,cc,845759,6,false,false,true,false,41406358ee027f6ebbbeebe1b61010a393dcb5770883735b46b68e7cd7246fba,https://digitalcorpora.s3.amazonaws.com/corpora/files/CC-MAIN-2021-31-PDF-UNTRUNCATED/zipfiles/2000-2999/2023.zip,2023567.pdf
cc-2023-2023568.pdf,cc,1586133,3,false,false,false,false,414063bd008a5ff04cede72835f49d9723d0837930fe23062ec172213d9fa76b,https://digitalcorpora.s3.amazonaws.com/corpora/files/CC-MAIN-2021-31-PDF-UNTRUNCATED/zipfiles/2000-2999/2023.zip,2023568.pdf
cc-2023-2023569.pdf,cc,290218,4,false,false,true,false,4140640292d8d9f0390f0a4f0ca3ecd0f2e178b5b7b9c884cb3764c469328f84,https://digitalcorpora.s3.amazonaws.com/corpora/files/CC-MAIN-2021-31-PDF-UNTRUNCATED/zipfiles/2000-2999/2023.zip,2023569.pdf
cc-2023-2023570.pdf,cc,2950835,34,false,false,false,false,41406568169a8098d1e504118a712e5341593406c3013dbc46e86669a4e6812a,https://digitalcorpora.s3.amazonaws.com/corpora/files/CC-MAIN-2021-31-PDF-UNTRUNCATED/zipfiles/2000-2999/2023.zip,2023570.pdf
cc-2023-2023571.pdf,cc,431215,1,false,false,false,false,414068d7d1d9437508ab66fa14e3ea266caee9a84d3479284c1b2cd64918c88e,https://digitalcorpora.s3.amazonaws.com/corpora/files/CC-MAIN-2021-31-PDF-UNTRUNCATED/zipfiles/2000-2999/2023.zip,2023571.pdf
cc-2023-2023572.pdf,cc,135175,1,false,false,false,false,414069f6bfc3117ce3486159a0a6190cc1e53322f162fc81b2bfe3b8b85a261d,https://digitalcorpora.s3.amazonaws.com/corpora/files/CC-MAIN-2021-31-PDF-UNTRUNCATED/zipfiles/2000-2999/2023.zip,2023572.pdf
cc-2023-2023573.pdf,cc,662735,2,false,false,false,false,41406cedab69620368d49197ffb3cdd0bcad66d59ec4039a5bf48b928af010d6,https://digitalcorpora.s3.amazonaws.com/corpora/files/CC-MAIN-2021-31-PDF-UNTRUNCATED/zipfiles/2000-2999/2023.zip,2023573.pdf
cc-2023-2023574.pdf,cc,495116,8,false,false,false,false,41406f05a30338f1f9adb39f1e21d00b7d670e7c2a011530dda58f6a8d5e5b73,https://digitalcorpora.s3.amazonaws.com/corpora/files/CC-MAIN-2021-31-PDF-UNTRUNCATED/zipfiles/2000-2999/2023.zip,2023574.pdf
cc-2023-2023575.pdf,cc,46469,2,false,false,false,false,414070619895d91f3d4857bf44565804dcd3560bd251a4f2653922e410ecf5b8,https://digitalcorpora.s3.amazonaws.com/corpora/files/CC-MAIN-2021-31-PDF-UNTRUNCATED/zipfiles/2000-2999/2023.zip,2023575.pdf
cc-2023-2023576.pdf,cc,47138,2,false,false,false,false,41407296e31e3dae2758e6be124626e81ebd049e14d156f19819597b9de6f708,https://digitalcorpora.s3.amazonaws.com/corpora/files/CC-MAIN-2021-31-PDF-UNTRUNCATED/zipfiles/2000-2999/2023.zip,2023576.pdf
cc-2023-2023577.pdf,cc,450172,1,false,false,false,false,4140732f30121ca133321fffd373357e554411fc756a585950315c8324e9f9a8,https://digitalcorpora.s3.amazonaws.com/corpora/files/CC-MAIN-2021-31-PDF-UNTRUNCATED/zipfiles/2000-2999/2023.zip,2023577.pdf
cc-2023-2023578.pdf,cc,1808643,6,true,false,false,false,41407423c8d75a4339646d9eaeb397f4a965209ba5394fbec4e2b8a71997f42f,https://digitalcorpora.s3.amazonaws.com/corpora/files/CC-MAIN-2021-31-PDF-UNTRUNCATED/zipfiles/2000-2999/2023.zip,2023578.pdf
cc-2023-2023579.pdf,cc,1775763,18,false,false,true,false,41407501c99e790f100c04d8834816994659d51335c27566a2b4fd6c136d454e,https://digitalcorpora.s3.amazonaws.com/corpora/files/CC-MAIN-2021-31-PDF-UNTRUNCATED/zipfiles/2000-2999/2023.zip,2023579.pdf
cc-2023-2023580.pdf,cc,143078,2,false,false,false,false,414076df123f470c5fc6da0e392391f44bf69ced20a7d405fde00deb0b138e01,https://digitalcorpora.s3.amazonaws.com/corpora/files/CC-MAIN-2021-31-PDF-UNTRUNCATED/zipfiles/2000-2999/2023.zip,2023580.pdf
cc-2023-2023581.pdf,cc,525797,4,false,false,true,false,414076efca9d35656a2f5bea177a3ea5095fa1fed455971dc13a595a26a55a87,https://digitalcorpora.s3.amazonaws.com/corpora/files/CC-MAIN-2021-31-PDF-UNTRUNCATED/zipfiles/2000-2999/2023.zip,2023581.pdf
cc-2023-2023582.pdf,cc,81402,7,false,false,false,false,4140789e352549bf95da4bf7f4be44eb3e9f6079f44c397160054bad3689ddc1,https://digitalcorpora.s3.amazonaws.com/corpora/files/CC-MAIN-2021-31-PDF-UNTRUNCATED/zipfiles/2000-2999/2023.zip,2023582.pdf
cc-2023-2023583.pdf,cc,1973187,12,false,false,true,false,41407a89844496f87b0990421348189e409fd61b16965ac63ebff72418e1bd58,https://digitalcorpora.s3.amazonaws.com/corpora/files/CC-MAIN-2021-31-PDF-UNTRUNCATED/zipfiles/2000-2999/2023.zip,2023583.pdf
cc-2023-2023584.pdf,cc,95596,2,false,false,false,false,41407a9669903f1d235e556ed4480124e33f9a739c8ad82c2f7d909bd07609bc,https://digitalcorpora.s3.amazonaws.com/corpora/files/CC-MAIN-2021-31-PDF-UNTRUNCATED/zipfiles/2000-2999/2023.zip,2023584.pdf
cc-2023-2023585.pdf,cc,96819,1,false,false,false,false,41407cf405e540cce44a6cb2be935dc40f9c11111e65d111dd291d4ee6f2793d,https://digitalcorpora.s3.amazonaws.com/corpora/files/CC-MAIN-2021-31-PDF-UNTRUNCATED/zipfiles/2000-2999/2023.zip,2023585.pdf
cc-2023-2023586.pdf,cc,164842,1,false,false,false,false,414080a0d389896b0c6eaa08b4db88428b6b790de3cb205a71d62034a37e332a,https://digitalcorpora.s3.amazonaws.com/corpora/files/CC-MAIN-2021-31-PDF-UNTRUNCATED/zipfiles/2000-2999/2023.zip,2023586.pdf
cc-2023-2023587.pdf,cc,10469,1,false,false,true,false,414089ac247a0a952a602447131e251a125fcc2b04b0145540714cc183355c1e,https://digitalcorpora.s3.amazonaws.com/corpora/files/CC-MAIN-2021-31-PDF-UNTRUNCATED/zipfiles/2000-2999/2023.zip,2023587.pdf
cc-2023-2023588.pdf,cc,4904823,2,false,false,false,false,41408b04bd99975705f403879f44d45ec8c9cb2c42157324a352c4597f4fe35b,https://digitalcorpora.s3.amazonaws.com/corpora/files/CC-MAIN-2021-31-PDF-UNTRUNCATED/zipfiles/2000-2999/2023.zip,2023588.pdf
cc-2023-2023589.pdf,cc,111793,8,false,false,false,false,41408b6e5b4b0581c1515a974ac6130512fe6281c4513bda9094c2dc5386ef79,https://digitalcorpora.s3.amazonaws.com/corpora/files/CC-MAIN-2021-31-PDF-UNTRUNCATED/zipfiles/2000-2999/2023.zip,2023589.pdf
cc-2023-2023590.pdf,cc,304096,15,false,false,false,false,41408cbccc58910f0ab8cc28dcc0c420e51ac27ed2cf98490b80081e43495065,https://digitalcorpora.s3.amazonaws.com/corpora/files/CC-MAIN-2021-31-PDF-UNTRUNCATED/zipfiles/2000-2999/2023.zip,2023590.pdf
cc-2023-2023591.pdf,cc,244124,12,false,false,false,false,41408de630ee90456eba54e8e87e4e72b52bd7e1b318fc8e0597fe806d64fff5,https://digitalcorpora.s3.amazonaws.com/corpora/files/CC-MAIN-2021-31-PDF-UNTRUNCATED/zipfiles/2000-2999/2023.zip,2023591.pdf
cc-2023-2023592.pdf,cc,2401816,45,false,false,true,false,41408e3b4a605c4786bb87ca2445bb83eafe9d1e19d2df3d50c2d6facb46e5a5,https://digitalcorpora.s3.amazonaws.com/corpora/files/CC-MAIN-2021-31-PDF-UNTRUNCATED/zipfiles/2000-2999/2023.zip,2023592.pdf
cc-2023-2023593.pdf,cc,570077,10,false,false,true,false,41408f83338a0ed8015fdb1b857406680dc0c0495e37713da1dfb57c52d8d1c5,https://digitalcorpora.s3.amazonaws.com/corpora/files/CC-MAIN-2021-31-PDF-UNTRUNCATED/zipfiles/2000-2999/2023.zip,2023593.pdf
cc-2023-2023594.pdf,cc,13745804,16,false,false,false,false,414091fe19b9efc7390e90e79f7576f81e0e669ed390fff720959454ee74d52f,https://digitalcorpora.s3.amazonaws.com/corpora/files/CC-MAIN-2021-31-PDF-UNTRUNCATED/zipfiles/2000-2999/2023.zip,2023594.pdf
cc-2023-2023595.pdf,cc,1812393,8,false,false,false,false,41409210b6c15b5fa3ef963c063a3cd11df2c8a34cd3c3d8ff3b5d1babffb9c4,https://digitalcorpora.s3.amazonaws.com/corpora/files/CC-MAIN-2021-31-PDF-UNTRUNCATED/zipfiles/2000-2999/2023.zip,2023595.pdf
cc-2023-2023596.pdf,cc,1810559,16,false,false,false,false,414092756d64467caa18395a498c54b1b0fc54e45cddc596a913be169944f32f,https://digitalcorpora.s3.amazonaws.com/corpora/files/CC-MAIN-2021-31-PDF-UNTRUNCATED/zipfiles/2000-2999/2023.zip,2023596.pdf
cc-2023-2023597.pdf,cc,317320,1,false,false,false,false,414098226acc84e2b69546b51387f3051dded31886d0f814e16d842ae21d3025,https://digitalcorpora.s3.amazonaws.com/corpora/files/CC-MAIN-2021-31-PDF-UNTRUNCATED/zipfiles/2000-2999/2023.zip,2023597.pdf
cc-2023-2023598.pdf,cc,8321,1,false,false,true,false,41409eb5fb8ab88ae62917f294122ceed2e829ada591053788c9856efded3a2e,https://digitalcorpora.s3.amazonaws.com/corpora/files/CC-MAIN-2021-31-PDF-UNTRUNCATED/zipfiles/2000-2999/2023.zip,2023598.pdf
cc-2023-2023599.pdf,cc,167902,6,false,false,true,false,41409fbbb7ae9bdf955640d2b230cf891e26432dc573d7bde0cb75e04149a097,https://digitalcorpora.s3.amazonaws.com/corpora/files/CC-MAIN-2021-31-PDF-UNTRUNCATED/zipfiles/2000-2999/2023.zip,2023599.pdf
cc-2023-2023600.pdf,cc,500738,1,false,false,false,false,4140a252f9fb77f333de473c389a292294ae3e14a8495c3cc37b6626e513e015,https://digitalcorpora.s3.amazonaws.com/corpora/files/CC-MAIN-2021-31-PDF-UNTRUNCATED/zipfiles/2000-2999/2023.zip,2023600.pdf
cc-2023-2023601.pdf,cc,715175,2,false,false,false,false,4140a2e4d574c8b6f6135ada24c8cf4ba57a225eea8132a8a9c023adf057b41c,https://digitalcorpora.s3.amazonaws.com/corpora/files/CC-MAIN-2021-31-PDF-UNTRUNCATED/zipfiles/2000-2999/2023.zip,2023601.pdf
cc-2023-2023602.pdf,cc,63734,1,false,false,false,false,4140a6f30220fcc5333f614fcfd279223457a3a23fa36d1e22910e04a1cbad2e,https://digitalcorpora.s3.amazonaws.com/corpora/files/CC-MAIN-2021-31-PDF-UNTRUNCATED/zipfiles/2000-2999/2023.zip,2023602.pdf
cc-2023-2023603.pdf,cc,15546,2,false,false,false,false,4140a812ae995537afcf0b74c2d6c3fc0c58e2ffce096f45c55f278218b8751b,https://digitalcorpora.s3.amazonaws.com/corpora/files/CC-MAIN-2021-31-PDF-UNTRUNCATED/zipfiles/2000-2999/2023.zip,2023603.pdf
cc-2023-2023604.pdf,cc,137421,2,false,false,true,false,4140a8e950d4acdbe79ab88e5de83b7f4719bec881df928eccc2acc5cf60c90f,https://digitalcorpora.s3.amazonaws.com/corpora/files/CC-MAIN-2021-31-PDF-UNTRUNCATED/zipfiles/2000-2999/2023.zip,2023604.pdf
cc-2023-2023605.pdf,cc,134049,4,false,false,false,true,4140ab21d9170f00e0b341ef53f4fca9052069fcbf20861c372a6641947793b5,https://digitalcorpora.s3.amazonaws.com/corpora/files/CC-MAIN-2021-31-PDF-UNTRUNCATED/zipfiles/2000-2999/2023.zip,2023605.pdf
cc-2023-2023606.pdf,cc,231545,4,false,false,true,false,4140ae5404f33dfe0774f596a42062c4c2733ee17bef2cc8b3fd9be857948cb8,https://digitalcorpora.s3.amazonaws.com/corpora/files/CC-MAIN-2021-31-PDF-UNTRUNCATED/zipfiles/2000-2999/2023.zip,2023606.pdf
cc-2023-2023607.pdf,cc,99900,1,false,false,false,false,4140aeca22a21bc0ba5baf19e417a5bd2cf3da579019b703d5d4806ab25ec0ed,https://digitalcorpora.s3.amazonaws.com/corpora/files/CC-MAIN-2021-31-PDF-UNTRUNCATED/zipfiles/2000-2999/2023.zip,2023607.pdf
cc-2023-2023608.pdf,cc,2079348,4,false,false,false,false,4140aecb80b63f1a2f01c82aea877d08e097e992d5ad2d4e357df155c6538d61,https://digitalcorpora.s3.amazonaws.com/corpora/files/CC-MAIN-2021-31-PDF-UNTRUNCATED/zipfiles/2000-2999/2023.zip,2023608.pdf
cc-2023-2023609.pdf,cc,7707087,25,false,false,false,false,4140b0965cfa428d6f390dd5540dcb1113338842d754e2632cd3b68a32b0545e,https://digitalcorpora.s3.amazonaws.com/corpora/files/CC-MAIN-2021-31-PDF-UNTRUNCATED/zipfiles/2000-2999/2023.zip,2023609.pdf
cc-2023-2023610.pdf,cc,2435824,2,false,false,false,false,4140b1fb0407e1ebeff1a671606bd5c26ba5337577017218f48df3bc7d926176,https://digitalcorpora.s3.amazonaws.com/corpora/files/CC-MAIN-2021-31-PDF-UNTRUNCATED/zipfiles/2000-2999/2023.zip,2023610.pdf
cc-2023-2023611.pdf,cc,92379,2,false,false,false,false,4140b2c879ad080531976eef276e54a6e6618dd7db88fb87cbd793000527da21,https://digitalcorpora.s3.amazonaws.com/corpora/files/CC-MAIN-2021-31-PDF-UNTRUNCATED/zipfiles/2000-2999/2023.zip,2023611.pdf
cc-2023-2023612.pdf,cc,489030,2,false,false,true,false,4140b2ff3bbaa306ab6c7031983fd6d6fcae55640b8df37505e94d0b5ec5af0a,https://digitalcorpora.s3.amazonaws.com/corpora/files/CC-MAIN-2021-31-PDF-UNTRUNCATED/zipfiles/2000-2999/2023.zip,2023612.pdf
cc-2023-2023613.pdf,cc,138141,2,false,false,false,false,4140b6cc8025369c3a44d87c9d47584e1dfc85c4a78d7bd718f2b25c682e8efe,https://digitalcorpora.s3.amazonaws.com/corpora/files/CC-MAIN-2021-31-PDF-UNTRUNCATED/zipfiles/2000-2999/2023.zip,2023613.pdf
cc-2023-2023614.pdf,cc,173574,2,false,false,true,false,4140b7ef45cb3dc9de07336aa7f361b4672856b37cfbd2c8f464206d1a6a6e72,https://digitalcorpora.s3.amazonaws.com/corpora/files/CC-MAIN-2021-31-PDF-UNTRUNCATED/zipfiles/2000-2999/2023.zip,2023614.pdf
cc-2023-2023615.pdf,cc,604799,1,false,false,true,false,4140b87d89824d45acba8d01cc0d600e5e704864c471d07577d05d76463a5aa5,https://digitalcorpora.s3.amazonaws.com/corpora/files/CC-MAIN-2021-31-PDF-UNTRUNCATED/zipfiles/2000-2999/2023.zip,2023615.pdf
cc-2023-2023616.pdf,cc,141627,2,false,false,false,false,4140ba70063eb59f9b715a0824422cbe1d4f9a2be62ac901636a50959855107f,https://digitalcorpora.s3.amazonaws.com/corpora/files/CC-MAIN-2021-31-PDF-UNTRUNCATED/zipfiles/2000-2999/2023.zip,2023616.pdf
cc-2023-2023617.pdf,cc,1737962,1,false,false,false,false,4140bd34fa21a1bdb9ab55bd563f8f18beb513f63169932953c5ac196c8abf92,https://digitalcorpora.s3.amazonaws.com/corpora/files/CC-MAIN-2021-31-PDF-UNTRUNCATED/zipfiles/2000-2999/2023.zip,2023617.pdf
cc-2023-2023618.pdf,cc,7592,1,false,false,false,false,4140bf706788cc18db1cbcef704a9b011b6394c4dcd2861ca06c40920e529ee7,https://digitalcorpora.s3.amazonaws.com/corpora/files/CC-MAIN-2021-31-PDF-UNTRUNCATED/zipfiles/2000-2999/2023.zip,2023618.pdf
cc-2023-2023619.pdf,cc,116280,9,false,false,false,false,4140c1afeb8778c540a0336f48b4f78e57f346906e791b1792ec76869f5496c4,https://digitalcorpora.s3.amazonaws.com/corpora/files/CC-MAIN-2021-31-PDF-UNTRUNCATED/zipfiles/2000-2999/2023.zip,2023619.pdf
cc-2023-2023620.pdf,cc,124144,1,false,false,false,false,4140c20e7601a2de23de198aa11dbb68aca1f5fca4176c5b6406f0fbca36832d,https://digitalcorpora.s3.amazonaws.com/corpora/files/CC-MAIN-2021-31-PDF-UNTRUNCATED/zipfiles/2000-2999/2023.zip,2023620.pdf
cc-2023-2023621.pdf,cc,1233397,8,false,false,false,false,4140c4876ac7914dda94b28dfdb23ff384ecc8436c8116c4f4a2c1d634c60880,https://digitalcorpora.s3.amazonaws.com/corpora/files/CC-MAIN-2021-31-PDF-UNTRUNCATED/zipfiles/2000-2999/2023.zip,2023621.pdf
cc-2023-2023622.pdf,cc,2233475,0,false,false,false,false,4140ca1753c9dfb2efc35720be931b55c68b4e975a9906309303c46d2eef8a0b,https://digitalcorpora.s3.amazonaws.com/corpora/files/CC-MAIN-2021-31-PDF-UNTRUNCATED/zipfiles/2000-2999/2023.zip,2023622.pdf
cc-2023-2023623.pdf,cc,266963,12,false,false,false,false,4140ca84c224e999409ef65c678718462f92742d70f7215ab0451cda789ee1ac,https://digitalcorpora.s3.amazonaws.com/corpora/files/CC-MAIN-2021-31-PDF-UNTRUNCATED/zipfiles/2000-2999/2023.zip,2023623.pdf
cc-2023-2023624.pdf,cc,137173,6,false,false,true,false,4140cec0043549ff1360adaaac27eda868ba35028972253fc4f2b3bb880d2769,https://digitalcorpora.s3.amazonaws.com/corpora/files/CC-MAIN-2021-31-PDF-UNTRUNCATED/zipfiles/2000-2999/2023.zip,2023624.pdf
cc-2023-2023625.pdf,cc,174248,7,false,false,true,false,4140cf4168409be6968b7ea779769f41dcfc5352e5b4fcf82552abc0e902f868,https://digitalcorpora.s3.amazonaws.com/corpora/files/CC-MAIN-2021-31-PDF-UNTRUNCATED/zipfiles/2000-2999/2023.zip,2023625.pdf
cc-2023-2023626.pdf,cc,12779,2,false,false,true,false,4140cffdb4e551bf603fc16021d080a2d3e0635fecc368d6495d3329f190baa1,https://digitalcorpora.s3.amazonaws.com/corpora/files/CC-MAIN-2021-31-PDF-UNTRUNCATED/zipfiles/2000-2999/2023.zip,2023626.pdf
cc-2023-2023627.pdf,cc,975666,1,false,false,false,false,4140d0af0ca56928729ba300e5d7f0eca12f132228614d86fe34e99ac46ea2ab,https://digitalcorpora.s3.amazonaws.com/corpora/files/CC-MAIN-2021-31-PDF-UNTRUNCATED/zipfiles/2000-2999/2023.zip,2023627.pdf
cc-2023-2023628.pdf,cc,600562,8,false,false,true,false,4140d1806a490535ed3445d2496b5fe942ed1e238fc624ab290f668651fdcb5a,https://digitalcorpora.s3.amazonaws.com/corpora/files/CC-MAIN-2021-31-PDF-UNTRUNCATED/zipfiles/2000-2999/2023.zip,2023628.pdf
cc-2023-2023629.pdf,cc,70670,1,false,false,false,false,4140d2ccbcbf4fb25990fbed70a14a2bbc52ba35129192e6b7eb40e0c35f21ea,https://digitalcorpora.s3.amazonaws.com/corpora/files/CC-MAIN-2021-31-PDF-UNTRUNCATED/zipfiles/2000-2999/2023.zip,2023629.pdf
cc-2023-2023630.pdf,cc,856099,9,false,false,false,false,4140d8b8a530d4e73c5d7f9e65dd6c53e1bfb90e273104f9046004a844f218b6,https://digitalcorpora.s3.amazonaws.com/corpora/files/CC-MAIN-2021-31-PDF-UNTRUNCATED/zipfiles/2000-2999/2023.zip,2023630.pdf
cc-2023-2023631.pdf,cc,60679,8,false,false,false,false,4140dc01859309b27fd05f439b8c237e7510850ab274c7bf1f16328347be8460,https://digitalcorpora.s3.amazonaws.com/corpora/files/CC-MAIN-2021-31-PDF-UNTRUNCATED/zipfiles/2000-2999/2023.zip,2023631.pdf
cc-2023-2023632.pdf,cc,2498396,24,false,false,true,false,4140dc25158023ec8f8c9e152abb7266ca75097898e00331ed117971612ee42f,https://digitalcorpora.s3.amazonaws.com/corpora/files/CC-MAIN-2021-31-PDF-UNTRUNCATED/zipfiles/2000-2999/2023.zip,2023632.pdf
cc-2023-2023633.pdf,cc,697926,6,false,false,true,false,4140de8ac0253650a6639c9a50fba78d9812bdf49f28ccf9e0744e283989a778,https://digitalcorpora.s3.amazonaws.com/corpora/files/CC-MAIN-2021-31-PDF-UNTRUNCATED/zipfiles/2000-2999/2023.zip,2023633.pdf
cc-2023-2023634.pdf,cc,109354,2,false,false,false,false,4140e0027f1b699a48bc21536aaeb8abdfaae01d3e97684047db19d622df6676,https://digitalcorpora.s3.amazonaws.com/corpora/files/CC-MAIN-2021-31-PDF-UNTRUNCATED/zipfiles/2000-2999/2023.zip,2023634.pdf
cc-2023-2023635.pdf,cc,1546220,36,false,false,false,false,4140e896ec3684b2d86da778da35151a3c8f242558aaeae0585d276312a21b8b,https://digitalcorpora.s3.amazonaws.com/corpora/files/CC-MAIN-2021-31-PDF-UNTRUNCATED/zipfiles/2000-2999/2023.zip,2023635.pdf
cc-2023-2023636.pdf,cc,212436,3,false,false,true,false,4140e9323748164ccc57d7f4ab8abe339614b6d1ac378beacc3c4c41aecbace8,https://digitalcorpora.s3.amazonaws.com/corpora/files/CC-MAIN-2021-31-PDF-UNTRUNCATED/zipfiles/2000-2999/2023.zip,2023636.pdf
cc-2023-2023637.pdf,cc,301299,18,false,false,true,false,4140f41b1e73a782b801641dabb204f71eef7d1280f72cf27d3c9bc3b35d6437,https://digitalcorpora.s3.amazonaws.com/corpora/files/CC-MAIN-2021-31-PDF-UNTRUNCATED/zipfiles/2000-2999/2023.zip,2023637.pdf
cc-2023-2023638.pdf,cc,412746,3,false,false,false,false,4140f425e725d789220b67e1d9665ede218f1e5c76ce1eef73437e24f7fb993c,https://digitalcorpora.s3.amazonaws.com/corpora/files/CC-MAIN-2021-31-PDF-UNTRUNCATED/zipfiles/2000-2999/2023.zip,2023638.pdf
cc-2023-2023639.pdf,cc,2577189,2,false,false,true,false,4140f4defd2caf2e1830905166d3aa5673560075e5da7c6aaa98af19aa2f4282,https://digitalcorpora.s3.amazonaws.com/corpora/files/CC-MAIN-2021-31-PDF-UNTRUNCATED/zipfiles/2000-2999/2023.zip,2023639.pdf
cc-2023-2023640.pdf,cc,105131,2,false,false,false,false,4140f99d306fc86fec5af5dbad032b7c4ec098810ff34a963ecdd1862a99b308,https://digitalcorpora.s3.amazonaws.com/corpora/files/CC-MAIN-2021-31-PDF-UNTRUNCATED/zipfiles/2000-2999/2023.zip,2023640.pdf
cc-2023-2023641.pdf,cc,16517,19,false,false,false,false,4140fa9178b64e56ae79eb89c59a8a956e72224055cbbb396f9d545e63c578b6,https://digitalcorpora.s3.amazonaws.com/corpora/files/CC-MAIN-2021-31-PDF-UNTRUNCATED/zipfiles/2000-2999/2023.zip,2023641.pdf
cc-2023-2023642.pdf,cc,2611558,25,false,false,false,false,4140fecd8e18b8afcb235c7b8d4d9ae9813640f922316fb3e6750fae2cc60919,https://digitalcorpora.s3.amazonaws.com/corpora/files/CC-MAIN-2021-31-PDF-UNTRUNCATED/zipfiles/2000-2999/2023.zip,2023642.pdf
cc-2023-2023643.pdf,cc,132343,7,false,false,true,false,4140ff1d5ac4737c2618840b4ff7352765b4e0b91c5d0f35f38f5e8d4d7b5b85,https://digitalcorpora.s3.amazonaws.com/corpora/files/CC-MAIN-2021-31-PDF-UNTRUNCATED/zipfiles/2000-2999/2023.zip,2023643.pdf
cc-2023-2023644.pdf,cc,143336,1,false,false,false,false,4141015cc6d2917685a099c4fd93d6a3408b1017a23645fe8c90e38056ec049f,https://digitalcorpora.s3.amazonaws.com/corpora/files/CC-MAIN-2021-31-PDF-UNTRUNCATED/zipfiles/2000-2999/2023.zip,2023644.pdf
cc-2023-2023645.pdf,cc,88924,1,false,false,true,false,4141020414ad7ed29eee81060bf5be83df28d9ec9924a7a27fc5c68db4d5e919,https://digitalcorpora.s3.amazonaws.com/corpora/files/CC-MAIN-2021-31-PDF-UNTRUNCATED/zipfiles/2000-2999/2023.zip,2023645.pdf
cc-2023-2023646.pdf,cc,1225446,2,false,false,false,false,4141047d3c85eb4ad950ae5480fb668754a2217a7fd41767f30c1be3c6a3a78d,https://digitalcorpora.s3.amazonaws.com/corpora/files/CC-MAIN-2021-31-PDF-UNTRUNCATED/zipfiles/2000-2999/2023.zip,2023646.pdf
cc-2023-2023647.pdf,cc,467189,1,false,false,false,false,414105248612c1988cdfb9d89a151be7ed4262b295f340902f38d8163c9bca31,https://digitalcorpora.s3.amazonaws.com/corpora/files/CC-MAIN-2021-31-PDF-UNTRUNCATED/zipfiles/2000-2999/2023.zip,2023647.pdf
cc-2023-2023648.pdf,cc,460433,2,false,false,true,false,41410594dac35a55bbdacb5c6722802280fc92b99a4e268d55807ae0bba9417f,https://digitalcorpora.s3.amazonaws.com/corpora/files/CC-MAIN-2021-31-PDF-UNTRUNCATED/zipfiles/2000-2999/2023.zip,2023648.pdf
cc-2023-2023649.pdf,cc,311189,40,false,true,false,true,41410b720d422e39872b5e0d2b90cb382a489497a58fcfe3b3e45dcd063d0cd9,https://digitalcorpora.s3.amazonaws.com/corpora/files/CC-MAIN-2021-31-PDF-UNTRUNCATED/zipfiles/2000-2999/2023.zip,2023649.pdf
cc-2023-2023650.pdf,cc,553564,1,false,false,false,false,41410f19a9ae629b77031f9ca9807f42647e73daab96e9d08523fd37510d9e19,https://digitalcorpora.s3.amazonaws.com/corpora/files/CC-MAIN-2021-31-PDF-UNTRUNCATED/zipfiles/2000-2999/2023.zip,2023650.pdf
cc-2023-2023651.pdf,cc,1149266,3,false,false,false,false,41410f3b7309706be25a6f2e6e2ff35a8a2a957a8be453417706909bc1fb0aaf,https://digitalcorpora.s3.amazonaws.com/corpora/files/CC-MAIN-2021-31-PDF-UNTRUNCATED/zipfiles/2000-2999/2023.zip,2023651.pdf
cc-2023-2023652.pdf,cc,66112,1,false,false,false,false,41410f9649aa88462aa40992b22dd64f6183f74cedaad6eb6e1edad83b46f975,https://digitalcorpora.s3.amazonaws.com/corpora/files/CC-MAIN-2021-31-PDF-UNTRUNCATED/zipfiles/2000-2999/2023.zip,2023652.pdf
cc-2023-2023653.pdf,cc,18336,6,false,false,false,false,41412483e486d5d6201315c7d46895f8d2f2ce1767b4604b9be3884a23dd85f0,https://digitalcorpora.s3.amazonaws.com/corpora/files/CC-MAIN-2021-31-PDF-UNTRUNCATED/zipfiles/2000-2999/2023.zip,2023653.pdf
cc-2023-2023654.pdf,cc,231869,3,false,false,false,false,4141255a0f6ee0c95c95e1c842e5d3d77a3e3ad952e7fbe71c2ee76f9f26ac4c,https://digitalcorpora.s3.amazonaws.com/corpora/files/CC-MAIN-2021-31-PDF-UNTRUNCATED/zipfiles/2000-2999/2023.zip,2023654.pdf
cc-2023-2023655.pdf,cc,56196,1,false,false,true,false,414125f000eb572ba43ab6d03889dd104d2b3a6ad1678f35a649ccf1e53ba93a,https://digitalcorpora.s3.amazonaws.com/corpora/files/CC-MAIN-2021-31-PDF-UNTRUNCATED/zipfiles/2000-2999/2023.zip,2023655.pdf
cc-2023-2023656.pdf,cc,125382,1,false,false,true,false,41412f961097756065c52a99079c08bfd149a88508f256801e6da8b6b15c6deb,https://digitalcorpora.s3.amazonaws.com/corpora/files/CC-MAIN-2021-31-PDF-UNTRUNCATED/zipfiles/2000-2999/2023.zip,2023656.pdf
cc-2023-2023657.pdf,cc,243241,1,false,false,false,false,414130d6ecd5e4f7de5868cb22d58171d33ac1e494df5bc41c6eb703e62bb01a,https://digitalcorpora.s3.amazonaws.com/corpora/files/CC-MAIN-2021-31-PDF-UNTRUNCATED/zipfiles/2000-2999/2023.zip,2023657.pdf
cc-2023-2023658.pdf,cc,521618,11,false,false,true,false,4141315d7a9c4751de08079aa21ffea2e33d142a9c766b5a0578e4f131d58606,https://digitalcorpora.s3.amazonaws.com/corpora/files/CC-MAIN-2021-31-PDF-UNTRUNCATED/zipfiles/2000-2999/2023.zip,2023658.pdf
cc-2023-2023659.pdf,cc,20874,1,false,false,true,false,4141325389bfa7c88dd4c1f2a96fbfbc6d3f778ae5005ffd80e97b3119b45b15,https://digitalcorpora.s3.amazonaws.com/corpora/files/CC-MAIN-2021-31-PDF-UNTRUNCATED/zipfiles/2000-2999/2023.zip,2023659.pdf
cc-2023-2023660.pdf,cc,25056,3,false,false,false,false,4141331dcad8770ce8f28cf2283484f0720e46322bda552b733b80ae3aed83ef,https://digitalcorpora.s3.amazonaws.com/corpora/files/CC-MAIN-2021-31-PDF-UNTRUNCATED/zipfiles/2000-2999/2023.zip,2023660.pdf
cc-2023-2023661.pdf,cc,7528576,40,false,false,false,true,4141352176bbfd3ae8eb11d7f27b63d622adabcd955a972e91172061146f42d3,https://digitalcorpora.s3.amazonaws.com/corpora/files/CC-MAIN-2021-31-PDF-UNTRUNCATED/zipfiles/2000-2999/2023.zip,2023661.pdf
cc-2023-2023662.pdf,cc,55174,2,false,false,false,false,41413a007f12037e0d9483916032636d300c99e906017e782825bc1a6b42a0f7,https://digitalcorpora.s3.amazonaws.com/corpora/files/CC-MAIN-2021-31-PDF-UNTRUNCATED/zipfiles/2000-2999/2023.zip,2023662.pdf
cc-2023-2023663.pdf,cc,107164,1,false,false,false,false,41413ce8f15b1c3564d60b71c676ed3ed5cc92e167ca8a911afc08433c55e253,https://digitalcorpora.s3.amazonaws.com/corpora/files/CC-MAIN-2021-31-PDF-UNTRUNCATED/zipfiles/2000-2999/2023.zip,2023663.pdf
cc-2023-2023664.pdf,cc,4866980,10,false,false,false,false,41413ee3ad6baab22a5d74763d2ae04cb030b502fc7d2e6879ed3cc51d91ed83,https://digitalcorpora.s3.amazonaws.com/corpora/files/CC-MAIN-2021-31-PDF-UNTRUNCATED/zipfiles/2000-2999/2023.zip,2023664.pdf
cc-2023-2023665.pdf,cc,15147421,1,false,false,false,false,4141454eda5b8b74b05c1696f8b767de90e421378aecc9421148ce3e82a9ec58,https://digitalcorpora.s3.amazonaws.com/corpora/files/CC-MAIN-2021-31-PDF-UNTRUNCATED/zipfiles/2000-2999/2023.zip,2023665.pdf
cc-2023-2023666.pdf,cc,137712,1,false,false,false,false,4141476d7afe92e0bf55bfd2fa7db93cb6de2c2faaac4f2fdac6c1c0e77c30d0,https://digitalcorpora.s3.amazonaws.com/corpora/files/CC-MAIN-2021-31-PDF-UNTRUNCATED/zipfiles/2000-2999/2023.zip,2023666.pdf
cc-2023-2023667.pdf,cc,4942550,2,false,false,false,false,41414a05172dcc92f77b792125d550e76c063fc7ee4b4c250a4b8fefe477a16c,https://digitalcorpora.s3.amazonaws.com/corpora/files/CC-MAIN-2021-31-PDF-UNTRUNCATED/zipfiles/2000-2999/2023.zip,2023667.pdf
cc-2023-2023668.pdf,cc,9524034,16,false,false,true,false,41414b3c9732a99abc0310a26e149d5b0c6f9ce1c0c14fb2d3e2cfef92331fa8,https://digitalcorpora.s3.amazonaws.com/corpora/files/CC-MAIN-2021-31-PDF-UNTRUNCATED/zipfiles/2000-2999/2023.zip,2023668.pdf
cc-2023-2023669.pdf,cc,174965,4,false,false,true,false,41414f935f0e6f4268a31c8ac6e9a4444cad12eb353dfcca63db1731bf812a49,https://digitalcorpora.s3.amazonaws.com/corpora/files/CC-MAIN-2021-31-PDF-UNTRUNCATED/zipfiles/2000-2999/2023.zip,2023669.pdf
cc-2023-2023670.pdf,cc,1282053,4,false,false,true,false,41415068c8aac19e521ab921847e09556074a8314b05df91c7863d1a9f703d6a,https://digitalcorpora.s3.amazonaws.com/corpora/files/CC-MAIN-2021-31-PDF-UNTRUNCATED/zipfiles/2000-2999/2023.zip,2023670.pdf
cc-2023-2023671.pdf,cc,924206,8,false,false,false,false,41415104982c74fa064b5edb2a43e8255505aca2a963ceea910f039fad8c1eca,https://digitalcorpora.s3.amazonaws.com/corpora/files/CC-MAIN-2021-31-PDF-UNTRUNCATED/zipfiles/2000-2999/2023.zip,2023671.pdf
cc-2023-2023672.pdf,cc,245381,1,false,false,false,false,414152e6bd8c2595e1cbda24dc3803173ef48db94826d2a9b0d8bf785870caba,https://digitalcorpora.s3.amazonaws.com/corpora/files/CC-MAIN-2021-31-PDF-UNTRUNCATED/zipfiles/2000-2999/2023.zip,2023672.pdf
cc-2023-2023673.pdf,cc,191759,12,false,false,true,false,4141564d580c4ef2cc2ab7cbd6ed14a43a3176d7d97985a5e97b1e9530f459b8,https://digitalcorpora.s3.amazonaws.com/corpora/files/CC-MAIN-2021-31-PDF-UNTRUNCATED/zipfiles/2000-2999/2023.zip,2023673.pdf
cc-2023-2023674.pdf,cc,6604589,15,false,false,false,false,4141571e815c09b762d6d7fc1dfd681680aeb38696c6a882ed324d7aca723cf5,https://digitalcorpora.s3.amazonaws.com/corpora/files/CC-MAIN-2021-31-PDF-UNTRUNCATED/zipfiles/2000-2999/2023.zip,2023674.pdf
cc-2023-2023675.pdf,cc,214649,4,false,false,false,true,41415b4251ca93be9cbe6bdc72ac6357240fec189359defd631c0ff81812008e,https://digitalcorpora.s3.amazonaws.com/corpora/files/CC-MAIN-2021-31-PDF-UNTRUNCATED/zipfiles/2000-2999/2023.zip,2023675.pdf
cc-2023-2023676.pdf,cc,19506457,38,false,false,false,false,41415d71184c859b0078ccbbe9f5181617f7cb9ec24ef350df52a0f857561007,https://digitalcorpora.s3.amazonaws.com/corpora/files/CC-MAIN-2021-31-PDF-UNTRUNCATED/zipfiles/2000-2999/2023.zip,2023676.pdf
cc-2023-2023677.pdf,cc,33357,67,false,false,false,false,414162c2eb40d59d18b4201ba9127edec589c1d0d1136429c7f62a0fd95cf29a,https://digitalcorpora.s3.amazonaws.com/corpora/files/CC-MAIN-2021-31-PDF-UNTRUNCATED/zipfiles/2000-2999/2023.zip,2023677.pdf
cc-2023-2023678.pdf,cc,305471,9,false,false,true,false,41416335a1a06af6f2383b6cfca50b8f837f881d095dedfef890c54e73881f33,https://digitalcorpora.s3.amazonaws.com/corpora/files/CC-MAIN-2021-31-PDF-UNTRUNCATED/zipfiles/2000-2999/2023.zip,2023678.pdf
cc-2023-2023679.pdf,cc,307534,2,false,false,false,false,414165dcdeff496d0fc99d7259314f66c19c506562b6704a07b9cb6b07c0a1df,https://digitalcorpora.s3.amazonaws.com/corpora/files/CC-MAIN-2021-31-PDF-UNTRUNCATED/zipfiles/2000-2999/2023.zip,2023679.pdf
cc-2023-2023680.pdf,cc,1340845,72,false,false,true,true,41416c954bdd490342e426cb03475598fef2350270e01a422f9c4ea78eea4d40,https://digitalcorpora.s3.amazonaws.com/corpora/files/CC-MAIN-2021-31-PDF-UNTRUNCATED/zipfiles/2000-2999/2023.zip,2023680.pdf
cc-2023-2023681.pdf,cc,13411216,1,false,false,false,false,41416e57f3fb63526acce944f70d29fef8475c1a6a53b18c4a56d35fa8bd5473,https://digitalcorpora.s3.amazonaws.com/corpora/files/CC-MAIN-2021-31-PDF-UNTRUNCATED/zipfiles/2000-2999/2023.zip,2023681.pdf
cc-2023-2023682.pdf,cc,87120,6,false,false,false,false,41416e5a49557326d15bbf102df003e50e3bb8585f43ef3504800c7854ea43aa,https://digitalcorpora.s3.amazonaws.com/corpora/files/CC-MAIN-2021-31-PDF-UNTRUNCATED/zipfiles/2000-2999/2023.zip,2023682.pdf
cc-2023-2023683.pdf,cc,253121,3,false,false,false,false,4141742f6193cdbad1af84c18b35ec095ebe9e057fdc703e54eb99d799f592a9,https://digitalcorpora.s3.amazonaws.com/corpora/files/CC-MAIN-2021-31-PDF-UNTRUNCATED/zipfiles/2000-2999/2023.zip,2023683.pdf
cc-2023-2023684.pdf,cc,52729,1,false,false,false,false,414175cedf405bf8fe2cdb1432b6806a11431a21d6566880ada7bee80914a356,https://digitalcorpora.s3.amazonaws.com/corpora/files/CC-MAIN-2021-31-PDF-UNTRUNCATED/zipfiles/2000-2999/2023.zip,2023684.pdf
cc-2023-2023685.pdf,cc,433305,3,false,false,true,false,41417631778bb01b3f84aa228b77bb33fed1b2cc94b03f0a4cad603eee05fe83,https://digitalcorpora.s3.amazonaws.com/corpora/files/CC-MAIN-2021-31-PDF-UNTRUNCATED/zipfiles/2000-2999/2023.zip,2023685.pdf
cc-2023-2023686.pdf,cc,559105,3,false,false,true,true,414176ce3275310c4ea308cb341706c54b1c9bc07984a2914fb0cfa0a0d2770c,https://digitalcorpora.s3.amazonaws.com/corpora/files/CC-MAIN-2021-31-PDF-UNTRUNCATED/zipfiles/2000-2999/2023.zip,2023686.pdf
cc-2023-2023687.pdf,cc,1513989,2,false,false,false,false,41417874c0044153e865b4e2ed537a321f0d61eab8d73bdbfe15d5841f5048af,https://digitalcorpora.s3.amazonaws.com/corpora/files/CC-MAIN-2021-31-PDF-UNTRUNCATED/zipfiles/2000-2999/2023.zip,2023687.pdf
cc-2023-2023688.pdf,cc,1920299,1,false,false,false,false,4141791848d3543f95270ae91a8b0139214d0c96403eabb5a2c985d6c3b8c065,https://digitalcorpora.s3.amazonaws.com/corpora/files/CC-MAIN-2021-31-PDF-UNTRUNCATED/zipfiles/2000-2999/2023.zip,2023688.pdf
cc-2023-2023689.pdf,cc,23824,11,false,false,false,false,414179d6608e8cb50fe003192915cbc312ee104a1f63342a22ce225e900d2ff9,https://digitalcorpora.s3.amazonaws.com/corpora/files/CC-MAIN-2021-31-PDF-UNTRUNCATED/zipfiles/2000-2999/2023.zip,2023689.pdf
cc-2023-2023690.pdf,cc,2755,1,false,false,false,false,41417b7c3728bb1ceb52ada7b10f9a478770392ed292a8717f7cee69de6ceec0,https://digitalcorpora.s3.amazonaws.com/corpora/files/CC-MAIN-2021-31-PDF-UNTRUNCATED/zipfiles/2000-2999/2023.zip,2023690.pdf
cc-2023-2023691.pdf,cc,205238,1,false,false,false,false,41417d561ef7292e6cccc4cb7b69d01749dbac811467b748f10e326161b55bf6,https://digitalcorpora.s3.amazonaws.com/corpora/files/CC-MAIN-2021-31-PDF-UNTRUNCATED/zipfiles/2000-2999/2023.zip,2023691.pdf
cc-2023-2023692.pdf,cc,2696611,1,false,false,false,false,41417ddf5b030a4d5a7c02e546c71280f9894117b4cd527b43bd78eedbffd7f3,https://digitalcorpora.s3.amazonaws.com/corpora/files/CC-MAIN-2021-31-PDF-UNTRUNCATED/zipfiles/2000-2999/2023.zip,2023692.pdf
cc-2023-2023693.pdf,cc,1315215,150,false,false,true,true,41418147b44572b00f3a059698fcfcdc96f44e7c9a0f32716a65072a11da5503,https://digitalcorpora.s3.amazonaws.com/corpora/files/CC-MAIN-2021-31-PDF-UNTRUNCATED/zipfiles/2000-2999/2023.zip,2023693.pdf
cc-2023-2023694.pdf,cc,124236,1,false,false,false,false,414181c414f031623845643f79496020f93aba4af84950416510f341c06d37fc,https://digitalcorpora.s3.amazonaws.com/corpora/files/CC-MAIN-2021-31-PDF-UNTRUNCATED/zipfiles/2000-2999/2023.zip,2023694.pdf
cc-2023-2023695.pdf,cc,25694,2,false,false,false,false,414182752b39b668eff6db40236fd4eb377f19464b24a2b2281bfdd4dcb4bf66,https://digitalcorpora.s3.amazonaws.com/corpora/files/CC-MAIN-2021-31-PDF-UNTRUNCATED/zipfiles/2000-2999/2023.zip,2023695.pdf
cc-2023-2023696.pdf,cc,2473002,3,false,false,false,false,414182f78b49c0620d0ec5dcbbbc6d145260d1a004b6554dbcf5e42710826bdf,https://digitalcorpora.s3.amazonaws.com/corpora/files/CC-MAIN-2021-31-PDF-UNTRUNCATED/zipfiles/2000-2999/2023.zip,2023696.pdf
cc-2023-2023697.pdf,cc,559541,4,false,false,true,false,41418350b6b6b8fde40ff28b9a2e1f44c311344632b2d6f8c2cc88a2e8b00779,https://digitalcorpora.s3.amazonaws.com/corpora/files/CC-MAIN-2021-31-PDF-UNTRUNCATED/zipfiles/2000-2999/2023.zip,2023697.pdf
cc-2023-2023698.pdf,cc,114340,1,false,false,false,false,41418492d737c14f7d2cf18fa86ebc1665a5c0672f00c8b4d18a0f489668b8a1,https://digitalcorpora.s3.amazonaws.com/corpora/files/CC-MAIN-2021-31-PDF-UNTRUNCATED/zipfiles/2000-2999/2023.zip,2023698.pdf
cc-2023-2023699.pdf,cc,115328,7,false,false,false,false,414185c2a8ec95c99bbb3d82dba2f8f5c756dc883d9ef2420b7006c7385fcbb7,https://digitalcorpora.s3.amazonaws.com/corpora/files/CC-MAIN-2021-31-PDF-UNTRUNCATED/zipfiles/2000-2999/2023.zip,2023699.pdf
cc-2023-2023700.pdf,cc,1455696,3,false,false,false,false,4141894f3b505cbd22825915b4919937c499770452af2866c935a82ded0ccacf,https://digitalcorpora.s3.amazonaws.com/corpora/files/CC-MAIN-2021-31-PDF-UNTRUNCATED/zipfiles/2000-2999/2023.zip,2023700.pdf
cc-2023-2023701.pdf,cc,350501,122,false,false,false,false,41418a8945c8f8cdcac5e83b2dc552d990f832d73ba4c741b5a999ad4d6abc8a,https://digitalcorpora.s3.amazonaws.com/corpora/files/CC-MAIN-2021-31-PDF-UNTRUNCATED/zipfiles/2000-2999/2023.zip,2023701.pdf
cc-2023-2023702.pdf,cc,1193590,1,false,false,true,false,41418c49ce58e2f6006f090eca3cb2e3322d15aa63a4c8a95cf1b3a984793d4c,https://digitalcorpora.s3.amazonaws.com/corpora/files/CC-MAIN-2021-31-PDF-UNTRUNCATED/zipfiles/2000-2999/2023.zip,2023702.pdf
cc-2023-2023703.pdf,cc,97650,7,false,false,false,false,41418c78f2273b3621e79dd52a1c408e0bd5fb43d6dc81198db67cbb65e14055,https://digitalcorpora.s3.amazonaws.com/corpora/files/CC-MAIN-2021-31-PDF-UNTRUNCATED/zipfiles/2000-2999/2023.zip,2023703.pdf
cc-2023-2023704.pdf,cc,41176,3,false,false,false,false,4141919c8f3945ac7582437b7fa596bf2d9cd8234dbae98ebfa8055abdec383e,https://digitalcorpora.s3.amazonaws.com/corpora/files/CC-MAIN-2021-31-PDF-UNTRUNCATED/zipfiles/2000-2999/2023.zip,2023704.pdf
cc-2023-2023705.pdf,cc,3601398,4,false,false,false,false,414191b40300ebce7f73e98f74da30ff8ecf62ce01b2309bc590741d82232740,https://digitalcorpora.s3.amazonaws.com/corpora/files/CC-MAIN-2021-31-PDF-UNTRUNCATED/zipfiles/2000-2999/2023.zip,2023705.pdf
cc-2023-2023706.pdf,cc,280181,1,false,false,false,false,4141936ba9a19bc5f085f100e082647f076dd068892ef3f804e76079f66aee3f,https://digitalcorpora.s3.amazonaws.com/corpora/files/CC-MAIN-2021-31-PDF-UNTRUNCATED/zipfiles/2000-2999/2023.zip,2023706.pdf
cc-2023-2023707.pdf,cc,354919,7,false,false,true,false,414193dc796e350d959fc1401924c44c24dc4018ef6aafcc57fb8d23357b5f56,https://digitalcorpora.s3.amazonaws.com/corpora/files/CC-MAIN-2021-31-PDF-UNTRUNCATED/zipfiles/2000-2999/2023.zip,2023707.pdf
cc-2023-2023708.pdf,cc,164641,1,false,false,true,false,414194657c165a1264f9ef9d75252e6bfa2b726e5b6ee79cb90562aa35b922e9,https://digitalcorpora.s3.amazonaws.com/corpora/files/CC-MAIN-2021-31-PDF-UNTRUNCATED/zipfiles/2000-2999/2023.zip,2023708.pdf
cc-2023-2023709.pdf,cc,57439,1,false,false,false,false,414198eb80688510341c7704f5cc25fcc7a92756c92b811a6add923ecb27e4f4,https://digitalcorpora.s3.amazonaws.com/corpora/files/CC-MAIN-2021-31-PDF-UNTRUNCATED/zipfiles/2000-2999/2023.zip,2023709.pdf
cc-2023-2023710.pdf,cc,158318,4,false,false,true,false,4141996cc9d814a2f45af4cc0b24f79d0eb6419a69b311334a20a50c1144141c,https://digitalcorpora.s3.amazonaws.com/corpora/files/CC-MAIN-2021-31-PDF-UNTRUNCATED/zipfiles/2000-2999/2023.zip,2023710.pdf
cc-2023-2023711.pdf,cc,75079,8,false,false,false,false,41419ade2e6a57f0a3e1c9ce424e83a981a5034d1529dc4b8cdce7f9caac12ad,https://digitalcorpora.s3.amazonaws.com/corpora/files/CC-MAIN-2021-31-PDF-UNTRUNCATED/zipfiles/2000-2999/2023.zip,2023711.pdf
cc-2023-2023712.pdf,cc,409486,1,false,false,true,true,41419b4281d04536a191bddf5d9734ee8ad4a4aff3c0b6bbe7f5408dc417d8b3,https://digitalcorpora.s3.amazonaws.com/corpora/files/CC-MAIN-2021-31-PDF-UNTRUNCATED/zipfiles/2000-2999/2023.zip,2023712.pdf
cc-2023-2023713.pdf,cc,112768,6,false,false,false,false,41419d4f33c0aa0cfa528aa2bedfc78028bcb38fab8899b8b9e934ff6db14154,https://digitalcorpora.s3.amazonaws.com/corpora/files/CC-MAIN-2021-31-PDF-UNTRUNCATED/zipfiles/2000-2999/2023.zip,2023713.pdf
cc-2023-2023714.pdf,cc,95675,2,false,false,false,false,41419dd26ad88c117d33e313ea7264dc257fd66664f40b7c73cffb5407e967b9,https://digitalcorpora.s3.amazonaws.com/corpora/files/CC-MAIN-2021-31-PDF-UNTRUNCATED/zipfiles/2000-2999/2023.zip,2023714.pdf
cc-2023-2023715.pdf,cc,124560,5,false,false,true,false,41419f0fd42731d94afddc1398b4d9e880e6de01637663ec0c0aeb885a4a259a,https://digitalcorpora.s3.amazonaws.com/corpora/files/CC-MAIN-2021-31-PDF-UNTRUNCATED/zipfiles/2000-2999/2023.zip,2023715.pdf
cc-2023-2023716.pdf,cc,253184,4,false,false,true,false,41419ffc333cf552b6fca8f2f378652b6f7b103cdfa4184601ad757ea7f4e2ce,https://digitalcorpora.s3.amazonaws.com/corpora/files/CC-MAIN-2021-31-PDF-UNTRUNCATED/zipfiles/2000-2999/2023.zip,2023716.pdf
cc-2023-2023717.pdf,cc,246040,20,false,false,false,true,4141a2afb75d44e5caa8563e65dcd75160906753a02f31c8d7fad63d21c600fe,https://digitalcorpora.s3.amazonaws.com/corpora/files/CC-MAIN-2021-31-PDF-UNTRUNCATED/zipfiles/2000-2999/2023.zip,2023717.pdf
cc-2023-2023718.pdf,cc,459875,8,false,false,false,false,4141a63e9a83d35dc89ea3b9e2bb5a7c6765b6b02c4c02f7ad2d5275d75563b2,https://digitalcorpora.s3.amazonaws.com/corpora/files/CC-MAIN-2021-31-PDF-UNTRUNCATED/zipfiles/2000-2999/2023.zip,2023718.pdf
cc-2023-2023719.pdf,cc,410051,3,false,false,false,false,4141a8c097fe58490553c6d8c897ad73c59be6ee020957bcd248a0eb662cf712,https://digitalcorpora.s3.amazonaws.com/corpora/files/CC-MAIN-2021-31-PDF-UNTRUNCATED/zipfiles/2000-2999/2023.zip,2023719.pdf
cc-2023-2023720.pdf,cc,18618,7,false,false,false,false,4141aa10f57f0b43e1d059b5ff7dcd1cb3efd450aaeb26065f42902a5c5d4859,https://digitalcorpora.s3.amazonaws.com/corpora/files/CC-MAIN-2021-31-PDF-UNTRUNCATED/zipfiles/2000-2999/2023.zip,2023720.pdf
cc-2023-2023721.pdf,cc,17667,1,false,false,false,false,4141aa3d35d462a2f28c8cb307b2053676dec53c3c2a529b28c0915c2bd8b940,https://digitalcorpora.s3.amazonaws.com/corpora/files/CC-MAIN-2021-31-PDF-UNTRUNCATED/zipfiles/2000-2999/2023.zip,2023721.pdf
cc-2023-2023722.pdf,cc,88993,1,false,false,false,true,4141abe193b1475852d93e1f04542cf06c15b3d26b561b096d17f956709b0b50,https://digitalcorpora.s3.amazonaws.com/corpora/files/CC-MAIN-2021-31-PDF-UNTRUNCATED/zipfiles/2000-2999/2023.zip,2023722.pdf
cc-2023-2023723.pdf,cc,405516,9,false,false,false,false,4141add5d63add1fcd7f31e5e3e6a04898ba8d4f8921e4b8ee43cfce557e8f83,https://digitalcorpora.s3.amazonaws.com/corpora/files/CC-MAIN-2021-31-PDF-UNTRUNCATED/zipfiles/2000-2999/2023.zip,2023723.pdf
cc-2023-2023724.pdf,cc,244848,1,true,false,false,false,4141ae90ad543dac9cfe03a8fd8393e0d9da1e9f8dedd9b60cd7f85fbe7c684a,https://digitalcorpora.s3.amazonaws.com/corpora/files/CC-MAIN-2021-31-PDF-UNTRUNCATED/zipfiles/2000-2999/2023.zip,2023724.pdf
cc-2023-2023725.pdf,cc,88514,4,false,false,false,false,4141b42fbc7d2c12c03234e2c9a37adccf004c2de8a95a577b63fb18af861586,https://digitalcorpora.s3.amazonaws.com/corpora/files/CC-MAIN-2021-31-PDF-UNTRUNCATED/zipfiles/2000-2999/2023.zip,2023725.pdf
cc-2023-2023726.pdf,cc,501254,10,false,false,false,false,4141b641c1025f3a222782ba5c3067901c9e686b1eb068fae211702de9d458bf,https://digitalcorpora.s3.amazonaws.com/corpora/files/CC-MAIN-2021-31-PDF-UNTRUNCATED/zipfiles/2000-2999/2023.zip,2023726.pdf
cc-2023-2023727.pdf,cc,1606838,6,false,false,false,false,4141bdbf6479f847732f572a55871c7ce5354c9fad13acea921bf50d115dd19e,https://digitalcorpora.s3.amazonaws.com/corpora/files/CC-MAIN-2021-31-PDF-UNTRUNCATED/zipfiles/2000-2999/2023.zip,2023727.pdf
cc-2023-2023728.pdf,cc,3360563,24,false,false,false,false,4141be1f124f33ce1283375bb34871980937d46d373cab79e3aa0def78fb9a3b,https://digitalcorpora.s3.amazonaws.com/corpora/files/CC-MAIN-2021-31-PDF-UNTRUNCATED/zipfiles/2000-2999/2023.zip,2023728.pdf
cc-2023-2023729.pdf,cc,38515,1,false,false,false,false,4141bed602659b52ffc9ee8cb78bb10cd4c5f514dc27e15960fe615b137a67f7,https://digitalcorpora.s3.amazonaws.com/corpora/files/CC-MAIN-2021-31-PDF-UNTRUNCATED/zipfiles/2000-2999/2023.zip,2023729.pdf
cc-2023-2023730.pdf,cc,165324,1,false,false,false,false,4141c3b8326560ad97c5918af9860d4bd5e27310bda3e20d7868446e5e668e01,https://digitalcorpora.s3.amazonaws.com/corpora/files/CC-MAIN-2021-31-PDF-UNTRUNCATED/zipfiles/2000-2999/2023.zip,2023730.pdf
cc-2023-2023731.pdf,cc,109017,1,false,false,false,false,4141c94ab43e0d864bc9b9e9525389f6555489853c76d288963e62eebcbb45fb,https://digitalcorpora.s3.amazonaws.com/corpora/files/CC-MAIN-2021-31-PDF-UNTRUNCATED/zipfiles/2000-2999/2023.zip,2023731.pdf
cc-2023-2023732.pdf,cc,3163452,32,false,false,true,false,4141ca76857a841ded65b8a9bdee2285202cea4d1d58b5d7719faa7ea9b2d3e2,https://digitalcorpora.s3.amazonaws.com/corpora/files/CC-MAIN-2021-31-PDF-UNTRUNCATED/zipfiles/2000-2999/2023.zip,2023732.pdf
cc-2023-2023733.pdf,cc,3180311,185,false,false,false,false,4141cc0f0c64913046cebd75d6b9e39f3afd63a66d01fce1408d83afe3917d21,https://digitalcorpora.s3.amazonaws.com/corpora/files/CC-MAIN-2021-31-PDF-UNTRUNCATED/zipfiles/2000-2999/2023.zip,2023733.pdf
cc-2023-2023734.pdf,cc,464420,16,false,false,true,false,4141cc22cf01c031ba10d6d09d9914ea1c546d74c2cb792d428c2cd9064580b5,https://digitalcorpora.s3.amazonaws.com/corpora/files/CC-MAIN-2021-31-PDF-UNTRUNCATED/zipfiles/2000-2999/2023.zip,2023734.pdf
cc-2023-2023735.pdf,cc,737963,2,true,false,true,true,4141cc629e9c3d14f3f6daf9eb7051867af00c6e594647af8887e2b8ad8bdf26,https://digitalcorpora.s3.amazonaws.com/corpora/files/CC-MAIN-2021-31-PDF-UNTRUNCATED/zipfiles/2000-2999/2023.zip,2023735.pdf
cc-2023-2023736.pdf,cc,211791,2,false,false,false,false,4141cca7f82f0dec32d478c0a1ea748cdc5af62844c8d43d46cc116223ac483f,https://digitalcorpora.s3.amazonaws.com/corpora/files/CC-MAIN-2021-31-PDF-UNTRUNCATED/zipfiles/2000-2999/2023.zip,2023736.pdf
cc-2023-2023737.pdf,cc,86058,4,false,false,false,false,4141ce676b025be57ae66417d4b68b97c1235c98e831edf0181a925a039b8d6e,https://digitalcorpora.s3.amazonaws.com/corpora/files/CC-MAIN-2021-31-PDF-UNTRUNCATED/zipfiles/2000-2999/2023.zip,2023737.pdf
cc-2023-2023738.pdf,cc,2387668,76,false,false,false,false,4141cf166640e0c64199486468aa3267ec6d81a7cafaaeff8e7285df9e011c10,https://digitalcorpora.s3.amazonaws.com/corpora/files/CC-MAIN-2021-31-PDF-UNTRUNCATED/zipfiles/2000-2999/2023.zip,2023738.pdf
cc-2023-2023739.pdf,cc,8638077,26,false,false,false,false,4141d32c96e01134d46ab6ccf5497a08b8c3689a459bbe98bf61420e558e09a0,https://digitalcorpora.s3.amazonaws.com/corpora/files/CC-MAIN-2021-31-PDF-UNTRUNCATED/zipfiles/2000-2999/2023.zip,2023739.pdf
cc-2023-2023740.pdf,cc,4018297,16,false,false,false,false,4141dc9b80a6834501c7358057f4c4ff7b32680dbdd6f7b394ea8e4e6bbb5679,https://digitalcorpora.s3.amazonaws.com/corpora/files/CC-MAIN-2021-31-PDF-UNTRUNCATED/zipfiles/2000-2999/2023.zip,2023740.pdf
cc-2023-2023741.pdf,cc,16499,1,false,false,false,false,4141e0e73a3df2e0b5cf48464b25f1078a612aa77ee34f6c01029488e18a2467,https://digitalcorpora.s3.amazonaws.com/corpora/files/CC-MAIN-2021-31-PDF-UNTRUNCATED/zipfiles/2000-2999/2023.zip,2023741.pdf
cc-2023-2023743.pdf,cc,269401,1,false,false,true,false,4141e3623b27b5fb6782f211905ba6de39a46d580e091a04b5ae75cd0ebae76e,https://digitalcorpora.s3.amazonaws.com/corpora/files/CC-MAIN-2021-31-PDF-UNTRUNCATED/zipfiles/2000-2999/2023.zip,2023743.pdf
cc-2023-2023744.pdf,cc,21169,1,false,false,true,false,4141e385021541feae253c619936681ab99afdb6a7ea9ebe66216113528796a7,https://digitalcorpora.s3.amazonaws.com/corpora/files/CC-MAIN-2021-31-PDF-UNTRUNCATED/zipfiles/2000-2999/2023.zip,2023744.pdf
cc-2023-2023745.pdf,cc,132765,1,false,false,false,false,4141e50fabf14176f797436bb0754cd0644ed3dfd0cb121cbe6494e3069f5c83,https://digitalcorpora.s3.amazonaws.com/corpora/files/CC-MAIN-2021-31-PDF-UNTRUNCATED/zipfiles/2000-2999/2023.zip,2023745.pdf
cc-2023-2023746.pdf,cc,372589,2,false,false,false,true,4141e69f64189d2e4392aaeb09e9e6833b0e5a9a894ac5451ec06dcb94859989,https://digitalcorpora.s3.amazonaws.com/corpora/files/CC-MAIN-2021-31-PDF-UNTRUNCATED/zipfiles/2000-2999/2023.zip,2023746.pdf
cc-2023-2023747.pdf,cc,4523643,7,false,false,false,false,4141ea421f132c599cd1595dfdc566e87e3f259b2df984d50dbe963cbc6d04d2,https://digitalcorpora.s3.amazonaws.com/corpora/files/CC-MAIN-2021-31-PDF-UNTRUNCATED/zipfiles/2000-2999/2023.zip,2023747.pdf
cc-2023-2023748.pdf,cc,185305,1,false,false,true,false,4141edc5ee51b2f05faf5a322f19aaf22cef4d630f80d9cd85a34f1eb6b64afe,https://digitalcorpora.s3.amazonaws.com/corpora/files/CC-MAIN-2021-31-PDF-UNTRUNCATED/zipfiles/2000-2999/2023.zip,2023748.pdf
cc-2023-2023749.pdf,cc,21724,1,false,false,true,false,4141f34bf77f41da4132ab5b391b76cc6fb1781071ccdc8ced86336402c8bf66,https://digitalcorpora.s3.amazonaws.com/corpora/files/CC-MAIN-2021-31-PDF-UNTRUNCATED/zipfiles/2000-2999/2023.zip,2023749.pdf
cc-2023-2023750.pdf,cc,90081,4,false,false,true,false,4141f5e24945e17945669444361998a6e8d397efe3fb6ff091d54c347960ef78,https://digitalcorpora.s3.amazonaws.com/corpora/files/CC-MAIN-2021-31-PDF-UNTRUNCATED/zipfiles/2000-2999/2023.zip,2023750.pdf
cc-2023-2023752.pdf,cc,250561,2,false,false,true,false,4141f8ad54fdd1aef052df94ad0c556f4f864447e81c7bb282e4ece4ad0926a5,https://digitalcorpora.s3.amazonaws.com/corpora/files/CC-MAIN-2021-31-PDF-UNTRUNCATED/zipfiles/2000-2999/2023.zip,2023752.pdf
cc-2023-2023753.pdf,cc,358191,2,false,false,false,false,4141fa49e180c0c26eda1c75992eaf1a4bebfad6c1365357e05a514f63a2184d,https://digitalcorpora.s3.amazonaws.com/corpora/files/CC-MAIN-2021-31-PDF-UNTRUNCATED/zipfiles/2000-2999/2023.zip,2023753.pdf
cc-2023-2023754.pdf,cc,1221755,1,false,false,false,false,4141fb7be33d08057b552492b9c760532a9b38805afd71ecf5f3c240f34264c1,https://digitalcorpora.s3.amazonaws.com/corpora/files/CC-MAIN-2021-31-PDF-UNTRUNCATED/zipfiles/2000-2999/2023.zip,2023754.pdf
cc-2023-2023756.pdf,cc,1283688,4,false,false,false,false,4142037f7f9ea35681668a66906f7c3e1c9cfcf6c3a96f475fb219a3a86abe48,https://digitalcorpora.s3.amazonaws.com/corpora/files/CC-MAIN-2021-31-PDF-UNTRUNCATED/zipfiles/2000-2999/2023.zip,2023756.pdf
cc-2023-2023758.pdf,cc,333024,2,false,false,true,false,41420ae4cf252e0e17fd044a867fed7a11a1e68a291cba8f0d625fe7809b4b4a,https://digitalcorpora.s3.amazonaws.com/corpora/files/CC-MAIN-2021-31-PDF-UNTRUNCATED/zipfiles/2000-2999/2023.zip,2023758.pdf
cc-2023-2023759.pdf,cc,1124693,5,false,false,true,false,41420e66d03677f2fc0341753b36b42d34c4a823e3a2fe68523d91cc69e22213,https://digitalcorpora.s3.amazonaws.com/corpora/files/CC-MAIN-2021-31-PDF-UNTRUNCATED/zipfiles/2000-2999/2023.zip,2023759.pdf
cc-2023-2023761.pdf,cc,51104,1,false,false,false,false,414213470cc6824ade740eac2b3716b939f125828010f70031499e8fd76b1ee4,https://digitalcorpora.s3.amazonaws.com/corpora/files/CC-MAIN-2021-31-PDF-UNTRUNCATED/zipfiles/2000-2999/2023.zip,2023761.pdf
cc-2023-2023763.pdf,cc,58274959,48,false,false,false,false,414219cb496c9bcba8f9d20a50b74a1dec0f1665dd191dc13f0cf58548da79e8,https://digitalcorpora.s3.amazonaws.com/corpora/files/CC-MAIN-2021-31-PDF-UNTRUNCATED/zipfiles/2000-2999/2023.zip,2023763.pdf
cc-2023-2023764.pdf,cc,146659,3,false,false,false,false,41421ccc43f1a6cb2d4ee47fe76d652620c71ca477730ae45cfd586d55960f36,https://digitalcorpora.s3.amazonaws.com/corpora/files/CC-MAIN-2021-31-PDF-UNTRUNCATED/zipfiles/2000-2999/2023.zip,2023764.pdf
cc-2023-2023765.pdf,cc,267305,1,false,false,false,false,41421cde739925e3cb2b69a4784032d808fdae84c583cc314074d7abc53b5b82,https://digitalcorpora.s3.amazonaws.com/corpora/files/CC-MAIN-2021-31-PDF-UNTRUNCATED/zipfiles/2000-2999/2023.zip,2023765.pdf
cc-2023-2023767.pdf,cc,316531,4,false,false,false,false,41421fb80af0ac018ebfd05372430ce20c579e1335eeb0bb1d3a0317dcb87cfe,https://digitalcorpora.s3.amazonaws.com/corpora/files/CC-MAIN-2021-31-PDF-UNTRUNCATED/zipfiles/2000-2999/2023.zip,2023767.pdf
cc-2023-2023769.pdf,cc,117776,1,false,false,false,false,414220b38c59cae11a86ecd66f1536a864361dbb14c9f2753d40f6df33f35d01,https://digitalcorpora.s3.amazonaws.com/corpora/files/CC-MAIN-2021-31-PDF-UNTRUNCATED/zipfiles/2000-2999/2023.zip,2023769.pdf
cc-2023-2023770.pdf,cc,223751,2,false,false,false,false,4142291d7f7ca2fe692fd982b51a754cc4e9f398166a01f17a1cadeb35d6b145,https://digitalcorpora.s3.amazonaws.com/corpora/files/CC-MAIN-2021-31-PDF-UNTRUNCATED/zipfiles/2000-2999/2023.zip,2023770.pdf
cc-2023-2023771.pdf,cc,612123,1,false,false,false,false,41422cfd26d56dc0168d4cd0b9d3a26038f32c08a0c6650c25af85fb9b4f326c,https://digitalcorpora.s3.amazonaws.com/corpora/files/CC-MAIN-2021-31-PDF-UNTRUNCATED/zipfiles/2000-2999/2023.zip,2023771.pdf
cc-2023-2023772.pdf,cc,326560,4,false,false,false,false,414232173f3bbecd16b3ab1e02104c3440cb3b07917a925fbba5696e44faae79,https://digitalcorpora.s3.amazonaws.com/corpora/files/CC-MAIN-2021-31-PDF-UNTRUNCATED/zipfiles/2000-2999/2023.zip,2023772.pdf
cc-2023-2023774.pdf,cc,67613,2,false,false,false,false,4142386ed77c9d43de267ea53f57db9e07067cc64aee45438e26e9c7fed8439c,https://digitalcorpora.s3.amazonaws.com/corpora/files/CC-MAIN-2021-31-PDF-UNTRUNCATED/zipfiles/2000-2999/2023.zip,2023774.pdf
cc-2023-2023775.pdf,cc,124585,1,false,false,false,false,41423950ed9bc29b5d08c56e693567ce420d0917a1c92bde84200ed30067c9be,https://digitalcorpora.s3.amazonaws.com/corpora/files/CC-MAIN-2021-31-PDF-UNTRUNCATED/zipfiles/2000-2999/2023.zip,2023775.pdf
cc-2023-2023776.pdf,cc,378901,19,false,false,false,false,41423d1e5403f674b8fb94a86c0cf2f2c560a5985d1f2cf0eeab228f7b352fd2,https://digitalcorpora.s3.amazonaws.com/corpora/files/CC-MAIN-2021-31-PDF-UNTRUNCATED/zipfiles/2000-2999/2023.zip,2023776.pdf
cc-2023-2023777.pdf,cc,554400,1,false,false,false,false,41423f19f2dc5a85a78e684c6e140a174301806ea2df97d422eff8fdf4899837,https://digitalcorpora.s3.amazonaws.com/corpora/files/CC-MAIN-2021-31-PDF-UNTRUNCATED/zipfiles/2000-2999/2023.zip,2023777.pdf
cc-2023-2023778.pdf,cc,32184,1,false,false,false,false,414243e1d10affa34712e96fc64c717a66684357e37553fe49ec93aece18f1ec,https://digitalcorpora.s3.amazonaws.com/corpora/files/CC-MAIN-2021-31-PDF-UNTRUNCATED/zipfiles/2000-2999/2023.zip,2023778.pdf
cc-2023-2023779.pdf,cc,1123114,1,false,false,false,false,414243e8eeba267a17bd114a3573e4c8649ef8b93e3ad20c3633bc07ea6812c1,https://digitalcorpora.s3.amazonaws.com/corpora/files/CC-MAIN-2021-31-PDF-UNTRUNCATED/zipfiles/2000-2999/2023.zip,2023779.pdf
cc-2023-2023781.pdf,cc,244891,1,false,false,true,false,414248c69c4adca2d2808a9a43052818a1367d281524cd58de5050c376171692,https://digitalcorpora.s3.amazonaws.com/corpora/files/CC-MAIN-2021-31-PDF-UNTRUNCATED/zipfiles/2000-2999/2023.zip,2023781.pdf
cc-2023-2023782.pdf,cc,728939,11,false,false,false,false,41424abdea735c793b84c41443198092b9476ff80810181921f5cc89ce789252,https://digitalcorpora.s3.amazonaws.com/corpora/files/CC-MAIN-2021-31-PDF-UNTRUNCATED/zipfiles/2000-2999/2023.zip,2023782.pdf
cc-2023-2023783.pdf,cc,350396,6,false,false,true,false,41424d65362c375dcc03b9d43db291f51f6f2b5ef8cb3db1ed03052612f39c59,https://digitalcorpora.s3.amazonaws.com/corpora/files/CC-MAIN-2021-31-PDF-UNTRUNCATED/zipfiles/2000-2999/2023.zip,2023783.pdf
cc-2023-2023784.pdf,cc,638579,38,true,false,true,false,41424facd53bdcd1a5714e657fbdb36483872856a1f8a1281d16dac17b0c076a,https://digitalcorpora.s3.amazonaws.com/corpora/files/CC-MAIN-2021-31-PDF-UNTRUNCATED/zipfiles/2000-2999/2023.zip,2023784.pdf
cc-2023-2023785.pdf,cc,566160,9,false,false,true,false,41425437b8555af55ea4494e8eb3eae2e23a0f9aa01a88d65a27396030f4ad78,https://digitalcorpora.s3.amazonaws.com/corpora/files/CC-MAIN-2021-31-PDF-UNTRUNCATED/zipfiles/2000-2999/2023.zip,2023785.pdf
cc-2023-2023786.pdf,cc,1907457,31,false,false,false,false,4142551036c9afc8ffab5cc73047765946b05e58be363534b3e6b43cb74cfae2,https://digitalcorpora.s3.amazonaws.com/corpora/files/CC-MAIN-2021-31-PDF-UNTRUNCATED/zipfiles/2000-2999/2023.zip,2023786.pdf
cc-2023-2023787.pdf,cc,53131,1,false,false,true,false,41425555c080a59147b34fd2bbea8d9030c48aa907f4843622efee7603454e3a,https://digitalcorpora.s3.amazonaws.com/corpora/files/CC-MAIN-2021-31-PDF-UNTRUNCATED/zipfiles/2000-2999/2023.zip,2023787.pdf
cc-2023-2023789.pdf,cc,5447527,13,false,false,false,true,41425a59808e5f42337cd5b7b4426370ded08083f54e5c9b86da14b3c4b4aeae,https://digitalcorpora.s3.amazonaws.com/corpora/files/CC-MAIN-2021-31-PDF-UNTRUNCATED/zipfiles/2000-2999/2023.zip,2023789.pdf
cc-2023-2023790.pdf,cc,19790,1,false,false,false,false,41425e00d102507d24925a78ea6e84679ddb998c7dc36e34972b3c1683e83370,https://digitalcorpora.s3.amazonaws.com/corpora/files/CC-MAIN-2021-31-PDF-UNTRUNCATED/zipfiles/2000-2999/2023.zip,2023790.pdf
cc-2023-2023791.pdf,cc,331103,4,false,false,true,false,4142646be6562bd09db57ac43f572d94bb05227bd95152b13ac427b96cbf7756,https://digitalcorpora.s3.amazonaws.com/corpora/files/CC-MAIN-2021-31-PDF-UNTRUNCATED/zipfiles/2000-2999/2023.zip,2023791.pdf
cc-2023-2023792.pdf,cc,713395,15,false,false,false,false,414265854182cc9ab33960b4241220f1af750bddea067c5243040a2668ca5509,https://digitalcorpora.s3.amazonaws.com/corpora/files/CC-MAIN-2021-31-PDF-UNTRUNCATED/zipfiles/2000-2999/2023.zip,2023792.pdf
cc-2023-2023793.pdf,cc,58778,2,false,false,false,false,414265dae956d4d214535c053bb0f8be514b72b3857d5802e19a64981614048f,https://digitalcorpora.s3.amazonaws.com/corpora/files/CC-MAIN-2021-31-PDF-UNTRUNCATED/zipfiles/2000-2999/2023.zip,2023793.pdf
cc-2023-2023794.pdf,cc,497600,2,false,false,true,false,41426860da7345f813b7d16818f1a0ba325506956a677a9ad4db30996c22dd07,https://digitalcorpora.s3.amazonaws.com/corpora/files/CC-MAIN-2021-31-PDF-UNTRUNCATED/zipfiles/2000-2999/2023.zip,2023794.pdf
cc-2023-2023795.pdf,cc,453645,1,false,false,true,true,41426a4b63767a9f70f1696f1cdb03c33b9b93e7b2000ce0259665c0b6a7de38,https://digitalcorpora.s3.amazonaws.com/corpora/files/CC-MAIN-2021-31-PDF-UNTRUNCATED/zipfiles/2000-2999/2023.zip,2023795.pdf
cc-2023-2023796.pdf,cc,216900,1,false,false,true,false,41426c88b4c2a85b97668ccc7c90b6a66ebd2f156f5ccde5636c1001ebd51cf2,https://digitalcorpora.s3.amazonaws.com/corpora/files/CC-MAIN-2021-31-PDF-UNTRUNCATED/zipfiles/2000-2999/2023.zip,2023796.pdf
cc-2023-2023797.pdf,cc,166534,1,false,false,true,true,41426d3263481a6eccbbb23237d6b29de73f81e18cc23eec31d532ecca7ff41a,https://digitalcorpora.s3.amazonaws.com/corpora/files/CC-MAIN-2021-31-PDF-UNTRUNCATED/zipfiles/2000-2999/2023.zip,2023797.pdf
cc-2023-2023798.pdf,cc,95457,5,false,false,false,false,414270d8197d4344fe8216df1db1dd63625d717a82445e5329306c9bf7a50297,https://digitalcorpora.s3.amazonaws.com/corpora/files/CC-MAIN-2021-31-PDF-UNTRUNCATED/zipfiles/2000-2999/2023.zip,2023798.pdf
cc-2023-2023799.pdf,cc,3576615,84,false,false,true,false,41427a3aae98074b236d7728baf0701f6ed2359a35b5ccbd5c122af807ae8048,https://digitalcorpora.s3.amazonaws.com/corpora/files/CC-MAIN-2021-31-PDF-UNTRUNCATED/zipfiles/2000-2999/2023.zip,2023799.pdf
cc-2023-2023800.pdf,cc,472579,2,false,false,false,false,41427afe4990d879ed83a4e4338b2f643e6d701e5f27116c8e7d428fd0e369a6,https://digitalcorpora.s3.amazonaws.com/corpora/files/CC-MAIN-2021-31-PDF-UNTRUNCATED/zipfiles/2000-2999/2023.zip,2023800.pdf
cc-2023-2023802.pdf,cc,34332336,12,false,false,false,false,414283fbc86dffdebdc30e25b56ef93c425700b5caddb4b2fed6eeb343abf63c,https://digitalcorpora.s3.amazonaws.com/corpora/files/CC-MAIN-2021-31-PDF-UNTRUNCATED/zipfiles/2000-2999/2023.zip,2023802.pdf
cc-2023-2023803.pdf,cc,616249,1,false,false,false,false,4142859cf4db9fb43efefe59e2c34a861a70e312f1ac90f7507f390adbb8a431,https://digitalcorpora.s3.amazonaws.com/corpora/files/CC-MAIN-2021-31-PDF-UNTRUNCATED/zipfiles/2000-2999/2023.zip,2023803.pdf
cc-2023-2023804.pdf,cc,12403828,43,false,false,true,false,41428e48d2cdb9e1e2acaadb308bafcd9874c2205a39a5f93eefd1dee02b327e,https://digitalcorpora.s3.amazonaws.com/corpora/files/CC-MAIN-2021-31-PDF-UNTRUNCATED/zipfiles/2000-2999/2023.zip,2023804.pdf
cc-2023-2023805.pdf,cc,645338,1,false,false,false,false,41428fcc1d30077fb8305eb8fd11814441d75e60fd817205d1f51c707c6999cf,https://digitalcorpora.s3.amazonaws.com/corpora/files/CC-MAIN-2021-31-PDF-UNTRUNCATED/zipfiles/2000-2999/2023.zip,2023805.pdf
cc-2023-2023806.pdf,cc,327084,6,false,false,false,false,414291784382fe23a92750f1c89e0501aa0c43162c510b89761ebf5edfee55c7,https://digitalcorpora.s3.amazonaws.com/corpora/files/CC-MAIN-2021-31-PDF-UNTRUNCATED/zipfiles/2000-2999/2023.zip,2023806.pdf
cc-2023-2023807.pdf,cc,227542,3,true,false,true,false,414291dd4632b923e085c37c26681b286188c8869f066954329dcceba5c226e7,https://digitalcorpora.s3.amazonaws.com/corpora/files/CC-MAIN-2021-31-PDF-UNTRUNCATED/zipfiles/2000-2999/2023.zip,2023807.pdf
cc-2023-2023808.pdf,cc,168116,5,false,false,true,false,414293f29700126a363664430006bd045c671d462a71278c732a023468ad0ba1,https://digitalcorpora.s3.amazonaws.com/corpora/files/CC-MAIN-2021-31-PDF-UNTRUNCATED/zipfiles/2000-2999/2023.zip,2023808.pdf
cc-2023-2023809.pdf,cc,116067,4,false,false,false,false,4142948c68874e356edcf411a25cd6588a3d9eca6e0e6989f8ea78705ae8cda5,https://digitalcorpora.s3.amazonaws.com/corpora/files/CC-MAIN-2021-31-PDF-UNTRUNCATED/zipfiles/2000-2999/2023.zip,2023809.pdf
cc-2023-2023811.pdf,cc,650961,1,false,false,false,false,414297985f26a397b7cd81cf5f1506afa36ada0cffca2d41ba645adf02ca5d48,https://digitalcorpora.s3.amazonaws.com/corpora/files/CC-MAIN-2021-31-PDF-UNTRUNCATED/zipfiles/2000-2999/2023.zip,2023811.pdf
cc-2023-2023812.pdf,cc,1895185,5,false,false,false,false,414299a53d7f05225cb0a34d8af4e8b48d37a2d8ee80c48f75c43b9e3be89cdf,https://digitalcorpora.s3.amazonaws.com/corpora/files/CC-MAIN-2021-31-PDF-UNTRUNCATED/zipfiles/2000-2999/2023.zip,2023812.pdf
cc-2023-2023813.pdf,cc,265288,17,false,false,true,false,41429c5d7eb3015f9e4adb14ba2f5a61e0b6507eb9b3cfb7e40a3a7cb28adb00,https://digitalcorpora.s3.amazonaws.com/corpora/files/CC-MAIN-2021-31-PDF-UNTRUNCATED/zipfiles/2000-2999/2023.zip,2023813.pdf
cc-2023-2023815.pdf,cc,613605,17,false,false,false,false,4142a14be4ef1c1ea6bf97634613861987064a380e7f10ea6eeb523d8125573c,https://digitalcorpora.s3.amazonaws.com/corpora/files/CC-MAIN-2021-31-PDF-UNTRUNCATED/zipfiles/2000-2999/2023.zip,2023815.pdf
cc-2023-2023817.pdf,cc,264065,3,false,false,false,false,4142a68f68f53e592b749e540b4e17719d1c49c03a93c8105b3ce800b70b1c98,https://digitalcorpora.s3.amazonaws.com/corpora/files/CC-MAIN-2021-31-PDF-UNTRUNCATED/zipfiles/2000-2999/2023.zip,2023817.pdf
cc-2023-2023819.pdf,cc,325843,3,false,false,false,false,4142b2f806b4c0189442133dd830190dd601e4bbe6e6b6a0d9e99320f2c5fa4c,https://digitalcorpora.s3.amazonaws.com/corpora/files/CC-MAIN-2021-31-PDF-UNTRUNCATED/zipfiles/2000-2999/2023.zip,2023819.pdf
cc-2023-2023820.pdf,cc,814987,2,false,false,false,false,4142b37adabdc0f8899d81b014e94452c958a0bcf7d14d814d61d144f6ec0831,https://digitalcorpora.s3.amazonaws.com/corpora/files/CC-MAIN-2021-31-PDF-UNTRUNCATED/zipfiles/2000-2999/2023.zip,2023820.pdf
cc-2023-2023822.pdf,cc,173713,2,false,false,true,false,4142b646ae2d8e202632394135194d81a48c694337885457f5b9f3f454c0a149,https://digitalcorpora.s3.amazonaws.com/corpora/files/CC-MAIN-2021-31-PDF-UNTRUNCATED/zipfiles/2000-2999/2023.zip,2023822.pdf
cc-2023-2023823.pdf,cc,144479,25,false,false,false,false,4142b87bb2e90a6b5bd447e3e4a0684d396ff2fc68fcb83ab7f815cce31f0ada,https://digitalcorpora.s3.amazonaws.com/corpora/files/CC-MAIN-2021-31-PDF-UNTRUNCATED/zipfiles/2000-2999/2023.zip,2023823.pdf
cc-2023-2023824.pdf,cc,60684,4,false,false,false,false,4142bfa306950fb7d3329400b44bbe0a52ead52f09f91198fee42365e2cf2c98,https://digitalcorpora.s3.amazonaws.com/corpora/files/CC-MAIN-2021-31-PDF-UNTRUNCATED/zipfiles/2000-2999/2023.zip,2023824.pdf
cc-2023-2023825.pdf,cc,190643,2,false,false,true,true,4142c1553463371932ec0ad7e5b474bf7d79c5144dc7e643e1b8080cd5e27f44,https://digitalcorpora.s3.amazonaws.com/corpora/files/CC-MAIN-2021-31-PDF-UNTRUNCATED/zipfiles/2000-2999/2023.zip,2023825.pdf
cc-2023-2023826.pdf,cc,939279,7,false,false,true,false,4142c918b384f14a1dc5449ebc427bf26590547774ecad777edb09eaf0fa3e71,https://digitalcorpora.s3.amazonaws.com/corpora/files/CC-MAIN-2021-31-PDF-UNTRUNCATED/zipfiles/2000-2999/2023.zip,2023826.pdf
cc-2023-2023828.pdf,cc,67170,5,false,false,false,false,4142cd7ed2d03fdc158133d9fcc7f9b3856fab6b7d610ea0b88f619535e2736c,https://digitalcorpora.s3.amazonaws.com/corpora/files/CC-MAIN-2021-31-PDF-UNTRUNCATED/zipfiles/2000-2999/2023.zip,2023828.pdf
cc-2023-2023830.pdf,cc,88730,1,false,false,false,false,4142d54a725127889ed4c29b0baf19a77cd278a553ea1072fcd6cca64ffb2644,https://digitalcorpora.s3.amazonaws.com/corpora/files/CC-MAIN-2021-31-PDF-UNTRUNCATED/zipfiles/2000-2999/2023.zip,2023830.pdf
cc-2023-2023831.pdf,cc,444914,116,false,false,false,false,4142d8bd75758172c236f5ef5e7fffb11c5135f8ae49ae2cbd85cabf9ff3eaf8,https://digitalcorpora.s3.amazonaws.com/corpora/files/CC-MAIN-2021-31-PDF-UNTRUNCATED/zipfiles/2000-2999/2023.zip,2023831.pdf
cc-2023-2023832.pdf,cc,2050728,13,false,false,false,false,4142d94dcf7171a17e97eec7520adc4770788da632d4a59ecf671825c788d847,https://digitalcorpora.s3.amazonaws.com/corpora/files/CC-MAIN-2021-31-PDF-UNTRUNCATED/zipfiles/2000-2999/2023.zip,2023832.pdf
cc-2023-2023833.pdf,cc,7086927,36,false,false,false,false,4142d9dccb18a8b9dc167c05814d54d8d8750a1a2160c73bb748a2ccb929db9d,https://digitalcorpora.s3.amazonaws.com/corpora/files/CC-MAIN-2021-31-PDF-UNTRUNCATED/zipfiles/2000-2999/2023.zip,2023833.pdf
cc-2023-2023835.pdf,cc,171846,1,false,false,false,false,4142dec38be72d4601ab85f5c1d240ebc91928575527ddaf83fd659946bd9953,https://digitalcorpora.s3.amazonaws.com/corpora/files/CC-MAIN-2021-31-PDF-UNTRUNCATED/zipfiles/2000-2999/2023.zip,2023835.pdf
cc-2023-2023836.pdf,cc,293188,1,false,false,false,false,4142e123b169cef67911f4aa7474978c87d30b8639b28e4d8fc90d4cc2f96ab5,https://digitalcorpora.s3.amazonaws.com/corpora/files/CC-MAIN-2021-31-PDF-UNTRUNCATED/zipfiles/2000-2999/2023.zip,2023836.pdf
cc-2023-2023837.pdf,cc,1593187,2,false,false,false,false,4142e5699d2896c5754339947db37b7524a3f2f950516684f8e62ef70dd16d89,https://digitalcorpora.s3.amazonaws.com/corpora/files/CC-MAIN-2021-31-PDF-UNTRUNCATED/zipfiles/2000-2999/2023.zip,2023837.pdf
cc-2023-2023838.pdf,cc,21431553,1,false,false,true,false,4142e918f30359c21a284acb74fca782a466e4c8429dba66a8fa4c3c9adf21fb,https://digitalcorpora.s3.amazonaws.com/corpora/files/CC-MAIN-2021-31-PDF-UNTRUNCATED/zipfiles/2000-2999/2023.zip,2023838.pdf
cc-2023-2023839.pdf,cc,62814,1,false,false,true,false,4142ea3a6c5e7e306708d72d44b2281cb33e0f14415b74df468e308322858b63,https://digitalcorpora.s3.amazonaws.com/corpora/files/CC-MAIN-2021-31-PDF-UNTRUNCATED/zipfiles/2000-2999/2023.zip,2023839.pdf
cc-2023-2023840.pdf,cc,39564,1,false,false,false,false,4142ebc166c23dacb5df87f31c96778011f63a2995fcf2848868157521acbce5,https://digitalcorpora.s3.amazonaws.com/corpora/files/CC-MAIN-2021-31-PDF-UNTRUNCATED/zipfiles/2000-2999/2023.zip,2023840.pdf
cc-2023-2023842.pdf,cc,701799,6,false,false,false,false,4142f3f1468ac3fb556b5a11b3a2402d93dc5d11886c9628c19a5f5562147408,https://digitalcorpora.s3.amazonaws.com/corpora/files/CC-MAIN-2021-31-PDF-UNTRUNCATED/zipfiles/2000-2999/2023.zip,2023842.pdf
cc-2023-2023844.pdf,cc,83332,39,false,false,false,false,4142f6a901ff0b8860e92f00ac85f1ead6774a24c9cb635d88625b084d103388,https://digitalcorpora.s3.amazonaws.com/corpora/files/CC-MAIN-2021-31-PDF-UNTRUNCATED/zipfiles/2000-2999/2023.zip,2023844.pdf
cc-2023-2023845.pdf,cc,1005637,12,false,false,true,false,4142f6f6ed4501b06ebd34bb4c2b13f16aa8d10e3171663a5ab62ef0d105a5e7,https://digitalcorpora.s3.amazonaws.com/corpora/files/CC-MAIN-2021-31-PDF-UNTRUNCATED/zipfiles/2000-2999/2023.zip,2023845.pdf
cc-2023-2023846.pdf,cc,2084845,13,true,false,false,false,4142f7e31eb29e0b2c29948a5dc059ab10aa48a5fac161a32dc385de878f4367,https://digitalcorpora.s3.amazonaws.com/corpora/files/CC-MAIN-2021-31-PDF-UNTRUNCATED/zipfiles/2000-2999/2023.zip,2023846.pdf
cc-2023-2023847.pdf,cc,1072938,2,false,false,false,false,4142f92571197c0fbf01f265e3ff3998a92264f889dd001e225c463cb4ea5898,https://digitalcorpora.s3.amazonaws.com/corpora/files/CC-MAIN-2021-31-PDF-UNTRUNCATED/zipfiles/2000-2999/2023.zip,2023847.pdf
cc-2023-2023848.pdf,cc,102254,1,false,false,true,false,4142fc17c9741c37403b47ee3ef311c55b3c1e68b1f99fb50f5b33a4a7362c94,https://digitalcorpora.s3.amazonaws.com/corpora/files/CC-MAIN-2021-31-PDF-UNTRUNCATED/zipfiles/2000-2999/2023.zip,2023848.pdf
cc-2023-2023849.pdf,cc,217826,2,false,false,true,true,4142fc4caacbee92a566caf7e2c0f5554e3872b7ed6500458b46a61d024c6412,https://digitalcorpora.s3.amazonaws.com/corpora/files/CC-MAIN-2021-31-PDF-UNTRUNCATED/zipfiles/2000-2999/2023.zip,2023849.pdf
cc-2023-2023851.pdf,cc,446661,26,false,false,true,false,41430d07f48bdc75b251cb73d57444b9452cdee1f707ffab05c552196db4fb03,https://digitalcorpora.s3.amazonaws.com/corpora/files/CC-MAIN-2021-31-PDF-UNTRUNCATED/zipfiles/2000-2999/2023.zip,2023851.pdf
cc-2023-2023853.pdf,cc,7874222,95,false,false,false,true,41430fc0f2359b8e8f3a525a82658795d5040e81a79c58844f9be255f2ff5dbc,https://digitalcorpora.s3.amazonaws.com/corpora/files/CC-MAIN-2021-31-PDF-UNTRUNCATED/zipfiles/2000-2999/2023.zip,2023853.pdf
cc-2023-2023855.pdf,cc,150192,5,false,false,false,false,41431580c6392e77e09195df6795abe4ce16424b78b83421f6551087c008f57a,https://digitalcorpora.s3.amazonaws.com/corpora/files/CC-MAIN-2021-31-PDF-UNTRUNCATED/zipfiles/2000-2999/2023.zip,2023855.pdf
cc-2023-2023857.pdf,cc,170324,1,false,false,false,false,4143179337ab7b79f4bf9de09f16002e0024f5d22fac5ba0ad96b645962384f3,https://digitalcorpora.s3.amazonaws.com/corpora/files/CC-MAIN-2021-31-PDF-UNTRUNCATED/zipfiles/2000-2999/2023.zip,2023857.pdf
cc-2023-2023858.pdf,cc,22268197,16,false,false,false,false,4143194645b63cb33d3851000750cef55d5372b840030629d5b416509c890480,https://digitalcorpora.s3.amazonaws.com/corpora/files/CC-MAIN-2021-31-PDF-UNTRUNCATED/zipfiles/2000-2999/2023.zip,2023858.pdf
cc-2023-2023859.pdf,cc,52657,2,false,false,false,false,4143197d9d057c293c4f3e65b4ee4cc1838b02729907588d77812ca9866bfc8c,https://digitalcorpora.s3.amazonaws.com/corpora/files/CC-MAIN-2021-31-PDF-UNTRUNCATED/zipfiles/2000-2999/2023.zip,2023859.pdf
cc-2023-2023860.pdf,cc,361730,17,false,false,true,false,41431a92d91ef12eb2a71ba746fe665b05d5702bf8dd3f760096c07d57b1e52d,https://digitalcorpora.s3.amazonaws.com/corpora/files/CC-MAIN-2021-31-PDF-UNTRUNCATED/zipfiles/2000-2999/2023.zip,2023860.pdf
cc-2023-2023861.pdf,cc,182855,10,false,false,false,false,41431f5a63a950ccdd164f5227a50bdc14601a164a2cecd0d75a5d16bf8eb160,https://digitalcorpora.s3.amazonaws.com/corpora/files/CC-MAIN-2021-31-PDF-UNTRUNCATED/zipfiles/2000-2999/2023.zip,2023861.pdf
cc-2023-2023862.pdf,cc,197595,12,false,false,true,false,414322bcbfab31b3261280e991bbd5d74a7a6f43b293c37f44c727ef73d2d59e,https://digitalcorpora.s3.amazonaws.com/corpora/files/CC-MAIN-2021-31-PDF-UNTRUNCATED/zipfiles/2000-2999/2023.zip,2023862.pdf
cc-2023-2023863.pdf,cc,225351,1,false,false,false,false,414327041147e7e2d21bbec52ae65ad1a76ff8fedc2e3eb50795163853cda374,https://digitalcorpora.s3.amazonaws.com/corpora/files/CC-MAIN-2021-31-PDF-UNTRUNCATED/zipfiles/2000-2999/2023.zip,2023863.pdf
cc-2023-2023864.pdf,cc,86161,1,false,false,true,false,414329423ba67f47bfdcb1d69a9a72313eb8ed6db941ea09e414ed0ecc9f3daa,https://digitalcorpora.s3.amazonaws.com/corpora/files/CC-MAIN-2021-31-PDF-UNTRUNCATED/zipfiles/2000-2999/2023.zip,2023864.pdf
cc-2023-2023865.pdf,cc,58432,14,false,false,true,false,4143294ad8a74276380dde055fc77b4dd8411922fd71eb14ad2f1a5c5ab33307,https://digitalcorpora.s3.amazonaws.com/corpora/files/CC-MAIN-2021-31-PDF-UNTRUNCATED/zipfiles/2000-2999/2023.zip,2023865.pdf
cc-2023-2023866.pdf,cc,846225,1,false,false,false,false,41432964f62624261498d41b572f5f3901722d404e5eb5440e39057564d40815,https://digitalcorpora.s3.amazonaws.com/corpora/files/CC-MAIN-2021-31-PDF-UNTRUNCATED/zipfiles/2000-2999/2023.zip,2023866.pdf
cc-2023-2023868.pdf,cc,157906,1,true,false,true,false,41432df453bacbf4d7463760c414839422f67b844cfa54dc9cd607132fdae89a,https://digitalcorpora.s3.amazonaws.com/corpora/files/CC-MAIN-2021-31-PDF-UNTRUNCATED/zipfiles/2000-2999/2023.zip,2023868.pdf
cc-2023-2023869.pdf,cc,234639,12,false,false,false,false,41432f0081defa502ce180d23bdbbe1458cb8c745215fcefc7def5c29f60db43,https://digitalcorpora.s3.amazonaws.com/corpora/files/CC-MAIN-2021-31-PDF-UNTRUNCATED/zipfiles/2000-2999/2023.zip,2023869.pdf
cc-2023-2023870.pdf,cc,100879,2,false,false,false,false,414333ffa233b7383714bc4396bc9fe69e309e0ebfdfecc9b93cf1e211ff2c54,https://digitalcorpora.s3.amazonaws.com/corpora/files/CC-MAIN-2021-31-PDF-UNTRUNCATED/zipfiles/2000-2999/2023.zip,2023870.pdf
cc-2023-2023871.pdf,cc,2508596,28,false,false,false,false,414334125873497cd11bdfebcdd40557fcce629a9928b54220d6537fd232f1d6,https://digitalcorpora.s3.amazonaws.com/corpora/files/CC-MAIN-2021-31-PDF-UNTRUNCATED/zipfiles/2000-2999/2023.zip,2023871.pdf
cc-2023-2023872.pdf,cc,49455,2,false,false,false,false,414337c878d8fe1c9eff8a1b8e704f9b8811297c4ecd445fabab733edbbc13dc,https://digitalcorpora.s3.amazonaws.com/corpora/files/CC-MAIN-2021-31-PDF-UNTRUNCATED/zipfiles/2000-2999/2023.zip,2023872.pdf
cc-2023-2023873.pdf,cc,236262,3,false,false,true,true,4143381c5c7ba4055bf3b7047acc5d84c55b3ad84c68a0321bacf44d64242f53,https://digitalcorpora.s3.amazonaws.com/corpora/files/CC-MAIN-2021-31-PDF-UNTRUNCATED/zipfiles/2000-2999/2023.zip,2023873.pdf
cc-2023-2023876.pdf,cc,935558,2,false,false,false,false,41433ae07831f0bc023ce31db5744776f11ed3f28b48185cc28e50147d1672d1,https://digitalcorpora.s3.amazonaws.com/corpora/files/CC-MAIN-2021-31-PDF-UNTRUNCATED/zipfiles/2000-2999/2023.zip,2023876.pdf
cc-2023-2023877.pdf,cc,21560,4,false,false,false,false,41433ae8e001c184e537d6f2bb0e0995da0c8ed9d3c49bfa2665fc420adf3949,https://digitalcorpora.s3.amazonaws.com/corpora/files/CC-MAIN-2021-31-PDF-UNTRUNCATED/zipfiles/2000-2999/2023.zip,2023877.pdf
cc-2023-2023878.pdf,cc,112822171,26,false,false,false,false,41433b8ccf85d7c854de5cf67f768acf75609210935bdf66d79b621ac4da0a66,https://digitalcorpora.s3.amazonaws.com/corpora/files/CC-MAIN-2021-31-PDF-UNTRUNCATED/zipfiles/2000-2999/2023.zip,2023878.pdf
cc-2023-2023879.pdf,cc,593556,1,false,false,false,false,41433c6589cfaf8ecea321fa8aad6d86c2b55857b2e4c7da3d57d3549f1d91d2,https://digitalcorpora.s3.amazonaws.com/corpora/files/CC-MAIN-2021-31-PDF-UNTRUNCATED/zipfiles/2000-2999/2023.zip,2023879.pdf
cc-2023-2023880.pdf,cc,144686,1,false,false,false,false,41433d41e33da5e2fad36b5071f94fe09ec65975e819f39d3db7fbdc70f2c18f,https://digitalcorpora.s3.amazonaws.com/corpora/files/CC-MAIN-2021-31-PDF-UNTRUNCATED/zipfiles/2000-2999/2023.zip,2023880.pdf
cc-2023-2023881.pdf,cc,13884771,62,false,false,false,false,41433eab9e549b4d912ded5f5a7bc8b3cf18d541dfd238274e74a156f85c0948,https://digitalcorpora.s3.amazonaws.com/corpora/files/CC-MAIN-2021-31-PDF-UNTRUNCATED/zipfiles/2000-2999/2023.zip,2023881.pdf
cc-2023-2023882.pdf,cc,1360240,1,false,false,false,false,41433ee69d82408a98d3c5ec72ab06f828bd82f7caace36f5e8f2d438be1071b,https://digitalcorpora.s3.amazonaws.com/corpora/files/CC-MAIN-2021-31-PDF-UNTRUNCATED/zipfiles/2000-2999/2023.zip,2023882.pdf
cc-2023-2023883.pdf,cc,147063,4,false,false,false,true,414346eb0a96d6503f8a529c44444889dcf72fec6998c9fb8b6396bebbd6f3ac,https://digitalcorpora.s3.amazonaws.com/corpora/files/CC-MAIN-2021-31-PDF-UNTRUNCATED/zipfiles/2000-2999/2023.zip,2023883.pdf
cc-2023-2023884.pdf,cc,91968,2,false,false,false,false,4143471df4105a514c7374144f06814a6572e947b05a5eba3add7c7c2cd4141e,https://digitalcorpora.s3.amazonaws.com/corpora/files/CC-MAIN-2021-31-PDF-UNTRUNCATED/zipfiles/2000-2999/2023.zip,2023884.pdf
cc-2023-2023885.pdf,cc,462565,110,false,false,false,false,41434c06f5fa7637ac604e66b3ba34668bf20b28c435b1d199c409e6f84918f2,https://digitalcorpora.s3.amazonaws.com/corpora/files/CC-MAIN-2021-31-PDF-UNTRUNCATED/zipfiles/2000-2999/2023.zip,2023885.pdf
cc-2023-2023886.pdf,cc,156733,2,true,false,false,false,41434c3068721a78607c247b5f2e32fbcd4c816e8c10760b3451d00bfc234acd,https://digitalcorpora.s3.amazonaws.com/corpora/files/CC-MAIN-2021-31-PDF-UNTRUNCATED/zipfiles/2000-2999/2023.zip,2023886.pdf
cc-2023-2023887.pdf,cc,105748,1,false,false,false,false,41434dc73c5458246548f763dc2809bcb497fba076d2abf07d054ae01ede15b2,https://digitalcorpora.s3.amazonaws.com/corpora/files/CC-MAIN-2021-31-PDF-UNTRUNCATED/zipfiles/2000-2999/2023.zip,2023887.pdf
cc-2023-2023888.pdf,cc,13605092,7,false,false,true,true,41434ffab5c29c4829c7d6732c7d252e02be65b209fea1dedbb8f5d9426f0211,https://digitalcorpora.s3.amazonaws.com/corpora/files/CC-MAIN-2021-31-PDF-UNTRUNCATED/zipfiles/2000-2999/2023.zip,2023888.pdf
cc-2023-2023891.pdf,cc,117992,1,false,false,true,false,41435bd253dafde6deb750fdfc101c0a52b5926abe2e2fcce0655644f76197d6,https://digitalcorpora.s3.amazonaws.com/corpora/files/CC-MAIN-2021-31-PDF-UNTRUNCATED/zipfiles/2000-2999/2023.zip,2023891.pdf
cc-2023-2023892.pdf,cc,12482,2,false,false,false,false,41435ea845170b95dd7699977092fb904c01d47a4ee1ae0f94b3c7b17f8c3d96,https://digitalcorpora.s3.amazonaws.com/corpora/files/CC-MAIN-2021-31-PDF-UNTRUNCATED/zipfiles/2000-2999/2023.zip,2023892.pdf
cc-2023-2023893.pdf,cc,426531,4,false,false,false,false,41435eb69de3501a6e2f1e30a659fe73d93d7e4ed17b8a3a60e4e93c8a16adec,https://digitalcorpora.s3.amazonaws.com/corpora/files/CC-MAIN-2021-31-PDF-UNTRUNCATED/zipfiles/2000-2999/2023.zip,2023893.pdf
cc-2023-2023894.pdf,cc,86558,1,false,false,false,false,41435f8777366035835272cf6ba4ad0742487a1dbc7f2457c9253a5bb02df357,https://digitalcorpora.s3.amazonaws.com/corpora/files/CC-MAIN-2021-31-PDF-UNTRUNCATED/zipfiles/2000-2999/2023.zip,2023894.pdf
cc-2023-2023895.pdf,cc,848975,6,false,false,true,false,41435faa0640da48ef2f78a3f0276904048fb86b90fa5d4057bff5ce2f5cd76c,https://digitalcorpora.s3.amazonaws.com/corpora/files/CC-MAIN-2021-31-PDF-UNTRUNCATED/zipfiles/2000-2999/2023.zip,2023895.pdf
cc-2023-2023896.pdf,cc,703635,4,false,false,true,false,414360558b777623b8c6cd48a61317700db3ae93937a72b28d0c0f99ec8ab44c,https://digitalcorpora.s3.amazonaws.com/corpora/files/CC-MAIN-2021-31-PDF-UNTRUNCATED/zipfiles/2000-2999/2023.zip,2023896.pdf
cc-2023-2023897.pdf,cc,7195829,241,false,false,false,false,4143616aec82593e67bb41111e8b21e4e9a28bc70e357ceab9fbbc0f49de0ccc,https://digitalcorpora.s3.amazonaws.com/corpora/files/CC-MAIN-2021-31-PDF-UNTRUNCATED/zipfiles/2000-2999/2023.zip,2023897.pdf
cc-2023-2023898.pdf,cc,1257,1,false,false,false,false,414363413ec7580902dc06bb4e63ba9abf61a9912542e9a30c202113beff65e3,https://digitalcorpora.s3.amazonaws.com/corpora/files/CC-MAIN-2021-31-PDF-UNTRUNCATED/zipfiles/2000-2999/2023.zip,2023898.pdf
cc-2023-2023899.pdf,cc,8671900,149,false,false,true,true,41436455145f4f8e843136b00207689af958211d8fd2225f6edf04e3b1ff08a5,https://digitalcorpora.s3.amazonaws.com/corpora/files/CC-MAIN-2021-31-PDF-UNTRUNCATED/zipfiles/2000-2999/2023.zip,2023899.pdf
cc-2023-2023900.pdf,cc,386919,1,false,false,true,false,4143674545c700d90254c236094bb2b575c2a8e436f614760b7446b74ff78823,https://digitalcorpora.s3.amazonaws.com/corpora/files/CC-MAIN-2021-31-PDF-UNTRUNCATED/zipfiles/2000-2999/2023.zip,2023900.pdf
cc-2023-2023901.pdf,cc,4115374,43,false,false,false,false,414368bc3341eeac5ef173c7d7d6825db9473e3904917742581529a091fbd390,https://digitalcorpora.s3.amazonaws.com/corpora/files/CC-MAIN-2021-31-PDF-UNTRUNCATED/zipfiles/2000-2999/2023.zip,2023901.pdf
cc-2023-2023903.pdf,cc,321267,80,false,false,true,true,41436dc98724988436b389880207760eca94aa6eb008771c703d0692f0a43a35,https://digitalcorpora.s3.amazonaws.com/corpora/files/CC-MAIN-2021-31-PDF-UNTRUNCATED/zipfiles/2000-2999/2023.zip,2023903.pdf
cc-2023-2023905.pdf,cc,1084659,15,false,false,false,false,41437362e706f05f50b5a68b9f08b46d9a9f1e6ec065bedb3dd6600fbfc5741e,https://digitalcorpora.s3.amazonaws.com/corpora/files/CC-MAIN-2021-31-PDF-UNTRUNCATED/zipfiles/2000-2999/2023.zip,2023905.pdf
cc-2023-2023907.pdf,cc,173880,5,false,false,false,false,414379e51f1d35f49ff3f6bd131c283bc2cc881b2d21b5e3e40807dc47246af9,https://digitalcorpora.s3.amazonaws.com/corpora/files/CC-MAIN-2021-31-PDF-UNTRUNCATED/zipfiles/2000-2999/2023.zip,2023907.pdf
cc-2023-2023909.pdf,cc,184229,1,false,false,false,false,41437d7b1105f72fe52093d49b9d5c6203823a57c5618254d6ea25f6eada9164,https://digitalcorpora.s3.amazonaws.com/corpora/files/CC-MAIN-2021-31-PDF-UNTRUNCATED/zipfiles/2000-2999/2023.zip,2023909.pdf
cc-2023-2023910.pdf,cc,2354695,16,false,false,true,false,41437db941479de5bfbd2208310bb789c358724a6ee62cdf77fe8abe35af3684,https://digitalcorpora.s3.amazonaws.com/corpora/files/CC-MAIN-2021-31-PDF-UNTRUNCATED/zipfiles/2000-2999/2023.zip,2023910.pdf
cc-2023-2023911.pdf,cc,135949,3,false,false,true,false,41437e58359d13472cb8137df2cd6482feb829416b4717c1590592979324b62c,https://digitalcorpora.s3.amazonaws.com/corpora/files/CC-MAIN-2021-31-PDF-UNTRUNCATED/zipfiles/2000-2999/2023.zip,2023911.pdf
cc-2023-2023912.pdf,cc,124236,9,false,false,false,false,4143814a31b4d6f2c123e1d560a1b5ba13032f863fdb30ae7c54226c9187c3d8,https://digitalcorpora.s3.amazonaws.com/corpora/files/CC-MAIN-2021-31-PDF-UNTRUNCATED/zipfiles/2000-2999/2023.zip,2023912.pdf
cc-2023-2023913.pdf,cc,24886,3,false,false,false,false,414381fbc4022f21b89698c2e663ed5c00d7911ae3d7aeeff5a246100400eae4,https://digitalcorpora.s3.amazonaws.com/corpora/files/CC-MAIN-2021-31-PDF-UNTRUNCATED/zipfiles/2000-2999/2023.zip,2023913.pdf
cc-2023-2023914.pdf,cc,49839,3,false,false,true,false,4143830e3afecd16bae99170d8524e45f115126b1d63865fec437113ffbcbaa0,https://digitalcorpora.s3.amazonaws.com/corpora/files/CC-MAIN-2021-31-PDF-UNTRUNCATED/zipfiles/2000-2999/2023.zip,2023914.pdf
cc-2023-2023915.pdf,cc,157224,2,false,false,false,false,41438576fe05cf1b21f14c88b80f411522bfb3f9b51ba055e2ff798c708288e6,https://digitalcorpora.s3.amazonaws.com/corpora/files/CC-MAIN-2021-31-PDF-UNTRUNCATED/zipfiles/2000-2999/2023.zip,2023915.pdf
cc-2023-2023916.pdf,cc,146491,1,false,false,false,false,4143877d2c069a9dca69aad87da2fe044155259926d9e17303e186a37c1196b4,https://digitalcorpora.s3.amazonaws.com/corpora/files/CC-MAIN-2021-31-PDF-UNTRUNCATED/zipfiles/2000-2999/2023.zip,2023916.pdf
cc-2023-2023917.pdf,cc,425623,3,false,false,false,false,414388829524b08963f3b3a801cbe05768b646fd9197fc13caf2804c83db6155,https://digitalcorpora.s3.amazonaws.com/corpora/files/CC-MAIN-2021-31-PDF-UNTRUNCATED/zipfiles/2000-2999/2023.zip,2023917.pdf
cc-2023-2023918.pdf,cc,669376,1,false,false,false,false,41438b3d57777fa59db3a26bc5ab1311c7fa6f491bd45e7dba80bf6611184b2d,https://digitalcorpora.s3.amazonaws.com/corpora/files/CC-MAIN-2021-31-PDF-UNTRUNCATED/zipfiles/2000-2999/2023.zip,2023918.pdf
cc-2023-2023919.pdf,cc,2646699,2,false,false,true,false,41438bbeca4b5e0d4ca9b119e3eb39a28a82f8a89392e8dd86663424a9a4937f,https://digitalcorpora.s3.amazonaws.com/corpora/files/CC-MAIN-2021-31-PDF-UNTRUNCATED/zipfiles/2000-2999/2023.zip,2023919.pdf
cc-2023-2023920.pdf,cc,383635,7,false,false,false,false,41438bd1fbfdde5b02454f14e42edc816d38c13179016a836f4b456d419ecf5c,https://digitalcorpora.s3.amazonaws.com/corpora/files/CC-MAIN-2021-31-PDF-UNTRUNCATED/zipfiles/2000-2999/2023.zip,2023920.pdf
cc-2023-2023921.pdf,cc,14045,1,false,false,false,false,41438e2fead109d2c0bbed7b3734a89a56cb533ca4365aa9c9c24d77b432d132,https://digitalcorpora.s3.amazonaws.com/corpora/files/CC-MAIN-2021-31-PDF-UNTRUNCATED/zipfiles/2000-2999/2023.zip,2023921.pdf
cc-2023-2023922.pdf,cc,342883,2,false,false,false,false,41439055d1c7ce1f6d9fe5cf8db47e0adf7c037a82a90edabdcc43fe8c7a391b,https://digitalcorpora.s3.amazonaws.com/corpora/files/CC-MAIN-2021-31-PDF-UNTRUNCATED/zipfiles/2000-2999/2023.zip,2023922.pdf
cc-2023-2023924.pdf,cc,115104,1,false,false,false,false,414392463bd055a5f15560616115dd94d0fa526bdaf2d19b186eb522f5fcf4cb,https://digitalcorpora.s3.amazonaws.com/corpora/files/CC-MAIN-2021-31-PDF-UNTRUNCATED/zipfiles/2000-2999/2023.zip,2023924.pdf
cc-2023-2023925.pdf,cc,22529,1,false,false,true,false,4143975f72f9ac7c26c1f805095f10537f1acf656068d8e843bc1be7c29ebb85,https://digitalcorpora.s3.amazonaws.com/corpora/files/CC-MAIN-2021-31-PDF-UNTRUNCATED/zipfiles/2000-2999/2023.zip,2023925.pdf
cc-2023-2023926.pdf,cc,4301492,27,false,false,false,false,4143977424ac7487d6bc04069e49991ff0f180ec74342955c846684f631469a1,https://digitalcorpora.s3.amazonaws.com/corpora/files/CC-MAIN-2021-31-PDF-UNTRUNCATED/zipfiles/2000-2999/2023.zip,2023926.pdf
cc-2023-2023927.pdf,cc,694072,2,false,false,false,false,414397857e569461aa7463ca11f175e37fe267cfc2ec128ae8b8f082b6b05d93,https://digitalcorpora.s3.amazonaws.com/corpora/files/CC-MAIN-2021-31-PDF-UNTRUNCATED/zipfiles/2000-2999/2023.zip,2023927.pdf
cc-2023-2023929.pdf,cc,549622,7,false,false,true,false,41439afc59f2dc032e78d79324dbfd1b9633d32ed8c7f58eb0aaf7ccec29c25b,https://digitalcorpora.s3.amazonaws.com/corpora/files/CC-MAIN-2021-31-PDF-UNTRUNCATED/zipfiles/2000-2999/2023.zip,2023929.pdf
cc-2023-2023930.pdf,cc,23310706,26,false,false,false,false,41439c7a962dd9503eff60294a392f025ea35e4d70c602352217f6e959db33e5,https://digitalcorpora.s3.amazonaws.com/corpora/files/CC-MAIN-2021-31-PDF-UNTRUNCATED/zipfiles/2000-2999/2023.zip,2023930.pdf
cc-2023-2023932.pdf,cc,186689,7,false,false,true,false,41439f59bc71f9849a2e66d4174297e29d587fd0d5124116503accd124ab2d94,https://digitalcorpora.s3.amazonaws.com/corpora/files/CC-MAIN-2021-31-PDF-UNTRUNCATED/zipfiles/2000-2999/2023.zip,2023932.pdf
cc-2023-2023933.pdf,cc,893859,1,false,false,false,false,4143a2699865e6bf1c3d633ef2d19c0cc8be4c839a3cb9dce4cd6326e4c69098,https://digitalcorpora.s3.amazonaws.com/corpora/files/CC-MAIN-2021-31-PDF-UNTRUNCATED/zipfiles/2000-2999/2023.zip,2023933.pdf
cc-2023-2023934.pdf,cc,915277,1,false,false,false,false,4143a31fb0e39cee908353a727707ceef89834be0996422c8ee25e07a3305e21,https://digitalcorpora.s3.amazonaws.com/corpora/files/CC-MAIN-2021-31-PDF-UNTRUNCATED/zipfiles/2000-2999/2023.zip,2023934.pdf
cc-2023-2023935.pdf,cc,178315,8,false,false,false,false,4143a43ca5de52961df0efe1cf5de086f5654838bb6d23b5f0f871e953cac7b7,https://digitalcorpora.s3.amazonaws.com/corpora/files/CC-MAIN-2021-31-PDF-UNTRUNCATED/zipfiles/2000-2999/2023.zip,2023935.pdf
cc-2023-2023936.pdf,cc,426638,1,false,false,false,false,4143a4edd7bba6d7033776ad37de5cb51fc1944cfe6a0285b510b7f32ba8ff4b,https://digitalcorpora.s3.amazonaws.com/corpora/files/CC-MAIN-2021-31-PDF-UNTRUNCATED/zipfiles/2000-2999/2023.zip,2023936.pdf
cc-2023-2023937.pdf,cc,695161,2,false,false,true,false,4143a7018afccaa5b7a7436b8f2fa5529f304db21993fccec029a167ecd2f2c5,https://digitalcorpora.s3.amazonaws.com/corpora/files/CC-MAIN-2021-31-PDF-UNTRUNCATED/zipfiles/2000-2999/2023.zip,2023937.pdf
cc-2023-2023938.pdf,cc,353416,1,false,false,false,false,4143a825be13181cc94160ff5ee963f5e645957edf0a5caa32c720c520abd8ad,https://digitalcorpora.s3.amazonaws.com/corpora/files/CC-MAIN-2021-31-PDF-UNTRUNCATED/zipfiles/2000-2999/2023.zip,2023938.pdf
cc-2023-2023939.pdf,cc,1283513,6,false,false,true,false,4143a826ea6c5e56340171293f8a78c5e6fa14bdabacf296da10d5c8e16df0dd,https://digitalcorpora.s3.amazonaws.com/corpora/files/CC-MAIN-2021-31-PDF-UNTRUNCATED/zipfiles/2000-2999/2023.zip,2023939.pdf
cc-2023-2023941.pdf,cc,51066,5,false,false,false,false,4143aa53513c921abca951048cfe3ff6e212b27d761835d14a660f3ff919f19e,https://digitalcorpora.s3.amazonaws.com/corpora/files/CC-MAIN-2021-31-PDF-UNTRUNCATED/zipfiles/2000-2999/2023.zip,2023941.pdf
cc-2023-2023942.pdf,cc,1216078,8,false,false,true,false,4143ab1daac60833b65364eff7cd9dd75fb7b78470ce4176b366bb0edc409600,https://digitalcorpora.s3.amazonaws.com/corpora/files/CC-MAIN-2021-31-PDF-UNTRUNCATED/zipfiles/2000-2999/2023.zip,2023942.pdf
cc-2023-2023943.pdf,cc,1245817,1,false,false,false,true,4143abafc05fb55a8db58f74ac6badcbfa422f9d3c82dd3ac5d77b74ff96ca8b,https://digitalcorpora.s3.amazonaws.com/corpora/files/CC-MAIN-2021-31-PDF-UNTRUNCATED/zipfiles/2000-2999/2023.zip,2023943.pdf
cc-2023-2023944.pdf,cc,435806,38,false,false,false,false,4143adf3aed8286c8caaaf918b73c73f9c101e6e4794396e5c71305f99b31b4b,https://digitalcorpora.s3.amazonaws.com/corpora/files/CC-MAIN-2021-31-PDF-UNTRUNCATED/zipfiles/2000-2999/2023.zip,2023944.pdf
cc-2023-2023945.pdf,cc,506831,2,true,false,true,false,4143aefef1fab2a09e3d0e019c16075c06cf3460191ec5ea186313d8cf122da4,https://digitalcorpora.s3.amazonaws.com/corpora/files/CC-MAIN-2021-31-PDF-UNTRUNCATED/zipfiles/2000-2999/2023.zip,2023945.pdf
cc-2023-2023947.pdf,cc,32987,5,false,false,false,false,4143b24db111ac1b87b9738e9b328bf8e72f25263094b5c00b56c013aaa68fd4,https://digitalcorpora.s3.amazonaws.com/corpora/files/CC-MAIN-2021-31-PDF-UNTRUNCATED/zipfiles/2000-2999/2023.zip,2023947.pdf
cc-2023-2023949.pdf,cc,1261957,14,false,false,false,false,4143b7a6bfd73a563f147bbe08bb8bdd44002994ab00f6507f767e4b29a75363,https://digitalcorpora.s3.amazonaws.com/corpora/files/CC-MAIN-2021-31-PDF-UNTRUNCATED/zipfiles/2000-2999/2023.zip,2023949.pdf
cc-2023-2023950.pdf,cc,105795,2,true,false,false,false,4143bcd3aec2f0b34adb13e5bdeca164cfc71e9c3d3dd5cf0ec2ef8852f67e2b,https://digitalcorpora.s3.amazonaws.com/corpora/files/CC-MAIN-2021-31-PDF-UNTRUNCATED/zipfiles/2000-2999/2023.zip,2023950.pdf
cc-2023-2023951.pdf,cc,702741,11,false,false,false,false,4143bd0501bc06000ac7bc0078b0b79a96c430804632a4a52c79fb50cd089302,https://digitalcorpora.s3.amazonaws.com/corpora/files/CC-MAIN-2021-31-PDF-UNTRUNCATED/zipfiles/2000-2999/2023.zip,2023951.pdf
cc-2023-2023952.pdf,cc,13035322,1,false,false,false,false,4143bd80188b9a027b0bdf4dde3286d5c24f31380a63ea0144b64f10dd30ef4e,https://digitalcorpora.s3.amazonaws.com/corpora/files/CC-MAIN-2021-31-PDF-UNTRUNCATED/zipfiles/2000-2999/2023.zip,2023952.pdf
cc-2023-2023953.pdf,cc,44813,29,false,false,false,false,4143bf23efa7227db65403224a1884a8fd2a17a3aad11a9207628041cb1f13a6,https://digitalcorpora.s3.amazonaws.com/corpora/files/CC-MAIN-2021-31-PDF-UNTRUNCATED/zipfiles/2000-2999/2023.zip,2023953.pdf
cc-2023-2023954.pdf,cc,113637,2,false,false,true,false,4143c0005a661eee74b8e24c09665a7a1589ff7f38323679bcfe52ed4f4bb8a6,https://digitalcorpora.s3.amazonaws.com/corpora/files/CC-MAIN-2021-31-PDF-UNTRUNCATED/zipfiles/2000-2999/2023.zip,2023954.pdf
cc-2023-2023955.pdf,cc,111428,1,false,false,false,false,4143c16e46b8fa2e1f2d0df86109fac4dc177f14b73ec592efc5ba53702c7044,https://digitalcorpora.s3.amazonaws.com/corpora/files/CC-MAIN-2021-31-PDF-UNTRUNCATED/zipfiles/2000-2999/2023.zip,2023955.pdf
cc-2023-2023956.pdf,cc,19041,3,false,false,false,false,4143c1d62820106c132bd5a922e9fb1bb128e4ca4fbf3069f77d754271f42335,https://digitalcorpora.s3.amazonaws.com/corpora/files/CC-MAIN-2021-31-PDF-UNTRUNCATED/zipfiles/2000-2999/2023.zip,2023956.pdf
cc-2023-2023957.pdf,cc,1281263,102,false,false,true,false,4143c2ae3b453bc6389c9409ae096e89d8b3cac96f04cfa487265de20e37e3e8,https://digitalcorpora.s3.amazonaws.com/corpora/files/CC-MAIN-2021-31-PDF-UNTRUNCATED/zipfiles/2000-2999/2023.zip,2023957.pdf
cc-2023-2023958.pdf,cc,166421,6,false,false,false,false,4143c3382a4ee91871f889857832f44147ca7d40c641f364042a8ab73039a7ed,https://digitalcorpora.s3.amazonaws.com/corpora/files/CC-MAIN-2021-31-PDF-UNTRUNCATED/zipfiles/2000-2999/2023.zip,2023958.pdf
cc-2023-2023960.pdf,cc,3089283,39,false,false,false,false,4143c942243b6ae0b154c9a5f90d735b79e71208ee937463c8afdb37f822bc9a,https://digitalcorpora.s3.amazonaws.com/corpora/files/CC-MAIN-2021-31-PDF-UNTRUNCATED/zipfiles/2000-2999/2023.zip,2023960.pdf
cc-2023-2023961.pdf,cc,1544316,19,false,false,true,false,4143c9fc19dfca06431e7d7b068844e42aad4923fee101d1cd04e3f69407cc28,https://digitalcorpora.s3.amazonaws.com/corpora/files/CC-MAIN-2021-31-PDF-UNTRUNCATED/zipfiles/2000-2999/2023.zip,2023961.pdf
cc-2023-2023962.pdf,cc,4273154,1,false,false,false,false,4143ce183a4d0bdc01a725e1ad0470c511dfa15753c3fb197b4e7028bb9b98d3,https://digitalcorpora.s3.amazonaws.com/corpora/files/CC-MAIN-2021-31-PDF-UNTRUNCATED/zipfiles/2000-2999/2023.zip,2023962.pdf
cc-2023-2023963.pdf,cc,138088,30,false,false,false,false,4143ced4f037eef8a004eae63053124d2d493390c20f70d4c6b31024e404ba85,https://digitalcorpora.s3.amazonaws.com/corpora/files/CC-MAIN-2021-31-PDF-UNTRUNCATED/zipfiles/2000-2999/2023.zip,2023963.pdf
cc-2023-2023964.pdf,cc,6560901,136,false,false,false,true,4143cf35f131adb4071b4d285cc3fe075fccc71061de61e1f7020b6137cc39e6,https://digitalcorpora.s3.amazonaws.com/corpora/files/CC-MAIN-2021-31-PDF-UNTRUNCATED/zipfiles/2000-2999/2023.zip,2023964.pdf
cc-2023-2023965.pdf,cc,3582196,25,false,false,true,false,4143d0e19ee475d1bc45ed99f98e07226148651c8d7a635d30b4a3204b5e4fd1,https://digitalcorpora.s3.amazonaws.com/corpora/files/CC-MAIN-2021-31-PDF-UNTRUNCATED/zipfiles/2000-2999/2023.zip,2023965.pdf
cc-2023-2023967.pdf,cc,316398,1,false,false,true,true,4143d5c630bac69bba319a47b373bef8a3d03c3e438cbf06de61bdda738916f8,https://digitalcorpora.s3.amazonaws.com/corpora/files/CC-MAIN-2021-31-PDF-UNTRUNCATED/zipfiles/2000-2999/2023.zip,2023967.pdf
cc-2023-2023968.pdf,cc,2943572,116,false,false,false,false,4143dfc41fa6f818c8c95030346a428af0be41948f38976e52802b8c97f5b694,https://digitalcorpora.s3.amazonaws.com/corpora/files/CC-MAIN-2021-31-PDF-UNTRUNCATED/zipfiles/2000-2999/2023.zip,2023968.pdf
cc-2023-2023969.pdf,cc,85819,3,false,false,false,false,4143e26a89644f54ca68add849ef204fd8f95d9cc1c887838f151312c4fa9df5,https://digitalcorpora.s3.amazonaws.com/corpora/files/CC-MAIN-2021-31-PDF-UNTRUNCATED/zipfiles/2000-2999/2023.zip,2023969.pdf
cc-2023-2023970.pdf,cc,783737,14,false,false,false,false,4143e42e090ed8ae5e37a3329fd1dabe83d813e0a16d4979695afbf5e301378e,https://digitalcorpora.s3.amazonaws.com/corpora/files/CC-MAIN-2021-31-PDF-UNTRUNCATED/zipfiles/2000-2999/2023.zip,2023970.pdf
cc-2023-2023971.pdf,cc,466736,183,true,false,false,false,4143e4391b4e659f5f048f1af8c4290efa38029a4690db1783495e17249bed90,https://digitalcorpora.s3.amazonaws.com/corpora/files/CC-MAIN-2021-31-PDF-UNTRUNCATED/zipfiles/2000-2999/2023.zip,2023971.pdf
cc-2023-2023972.pdf,cc,2467,1,false,false,false,false,4143e4d74a0249e857b1ce3c29e97b0542376c836fbd74684c99656ec494f78b,https://digitalcorpora.s3.amazonaws.com/corpora/files/CC-MAIN-2021-31-PDF-UNTRUNCATED/zipfiles/2000-2999/2023.zip,2023972.pdf
cc-2023-2023973.pdf,cc,192152,4,false,false,true,false,4143e5a9de044a3dfab0e9e44b18f9d502655bce67cf7c992bf3ca03bc73b622,https://digitalcorpora.s3.amazonaws.com/corpora/files/CC-MAIN-2021-31-PDF-UNTRUNCATED/zipfiles/2000-2999/2023.zip,2023973.pdf
cc-2023-2023974.pdf,cc,387996,2,false,false,true,false,4143e653af28f7a9abc4cfa73f9d954d057233caf727fb8b3895f554e54e6bc0,https://digitalcorpora.s3.amazonaws.com/corpora/files/CC-MAIN-2021-31-PDF-UNTRUNCATED/zipfiles/2000-2999/2023.zip,2023974.pdf
cc-2023-2023975.pdf,cc,1584055,26,false,false,true,false,4143ebdb4aab9445edf7fa659d030feed18ec78c5d2d897e5637a4979135adb6,https://digitalcorpora.s3.amazonaws.com/corpora/files/CC-MAIN-2021-31-PDF-UNTRUNCATED/zipfiles/2000-2999/2023.zip,2023975.pdf
cc-2023-2023976.pdf,cc,178452,1,false,false,false,false,4143ed08fa6d019b63715fd91690e94f64503fe89a735caf961e2c38d3ee0ebd,https://digitalcorpora.s3.amazonaws.com/corpora/files/CC-MAIN-2021-31-PDF-UNTRUNCATED/zipfiles/2000-2999/2023.zip,2023976.pdf
cc-2023-2023978.pdf,cc,488700,1,false,false,true,false,4143f3c469ca5df0fd8ea0311ed0b347cd1326610096720f41a00bbcd3aee486,https://digitalcorpora.s3.amazonaws.com/corpora/files/CC-MAIN-2021-31-PDF-UNTRUNCATED/zipfiles/2000-2999/2023.zip,2023978.pdf
cc-2023-2023980.pdf,cc,292768,2,false,false,false,false,4143f5b0d23028d8e7a91b658b339030cf0d0d382f14b4606f950c26dda22c5a,https://digitalcorpora.s3.amazonaws.com/corpora/files/CC-MAIN-2021-31-PDF-UNTRUNCATED/zipfiles/2000-2999/2023.zip,2023980.pdf
cc-2023-2023981.pdf,cc,2180262,28,false,false,false,false,4143f73caaa538d1da25d80a25c16495d39153a4a0731dcdf53f7e4435855f04,https://digitalcorpora.s3.amazonaws.com/corpora/files/CC-MAIN-2021-31-PDF-UNTRUNCATED/zipfiles/2000-2999/2023.zip,2023981.pdf
cc-2023-2023982.pdf,cc,227179,1,false,false,true,false,4143fb53f62d76da21337d1abb6ee92d13bd237f9869b1a7ac5f2cfd82d16d14,https://digitalcorpora.s3.amazonaws.com/corpora/files/CC-MAIN-2021-31-PDF-UNTRUNCATED/zipfiles/2000-2999/2023.zip,2023982.pdf
cc-2023-2023983.pdf,cc,142117,18,false,false,false,false,4143fd59e60811928dcfac91121a50a76ddf307be93018f49d01749b9f095935,https://digitalcorpora.s3.amazonaws.com/corpora/files/CC-MAIN-2021-31-PDF-UNTRUNCATED/zipfiles/2000-2999/2023.zip,2023983.pdf
cc-2023-2023985.pdf,cc,190735,1,false,false,true,false,414406157bf25af82e4c5be78e411cceeffe8d690acd6a96cbbd3028d28ba4bc,https://digitalcorpora.s3.amazonaws.com/corpora/files/CC-MAIN-2021-31-PDF-UNTRUNCATED/zipfiles/2000-2999/2023.zip,2023985.pdf
cc-2023-2023987.pdf,cc,84024,5,false,false,true,true,41440fd48e3daabba5749d77464b3a67c51253d1f474ee4b857d87d731ddba02,https://digitalcorpora.s3.amazonaws.com/corpora/files/CC-MAIN-2021-31-PDF-UNTRUNCATED/zipfiles/2000-2999/2023.zip,2023987.pdf
cc-2023-2023988.pdf,cc,1876336,1,false,false,false,false,41441129a9e7eb68fb811d28a98edc230c7e2fc29156ca5f62762949f312a04b,https://digitalcorpora.s3.amazonaws.com/corpora/files/CC-MAIN-2021-31-PDF-UNTRUNCATED/zipfiles/2000-2999/2023.zip,2023988.pdf
cc-2023-2023989.pdf,cc,268961,9,false,false,false,false,414415206beb93421baa9d5c429ceda73e4c3f739a0f5ba647b85df95ddf1ac6,https://digitalcorpora.s3.amazonaws.com/corpora/files/CC-MAIN-2021-31-PDF-UNTRUNCATED/zipfiles/2000-2999/2023.zip,2023989.pdf
cc-2023-2023990.pdf,cc,5717,1,false,false,true,false,414416545af748a2b97b7792bfe8b01604d4d12674b978f049ce989335304afb,https://digitalcorpora.s3.amazonaws.com/corpora/files/CC-MAIN-2021-31-PDF-UNTRUNCATED/zipfiles/2000-2999/2023.zip,2023990.pdf
cc-2023-2023992.pdf,cc,82404,37,false,false,false,false,41441fd6f26636fc290257ab6ec8b56983c5488f11d2a3ed8deaf32b02f3f49c,https://digitalcorpora.s3.amazonaws.com/corpora/files/CC-MAIN-2021-31-PDF-UNTRUNCATED/zipfiles/2000-2999/2023.zip,2023992.pdf
cc-2023-2023993.pdf,cc,60943,5,true,false,false,false,41442103d87a8e90bbcb68c864b52c7c2d9102e86351ed044cb3ecb71a82db4c,https://digitalcorpora.s3.amazonaws.com/corpora/files/CC-MAIN-2021-31-PDF-UNTRUNCATED/zipfiles/2000-2999/2023.zip,2023993.pdf
cc-2023-2023994.pdf,cc,350232,1,false,false,true,false,414421690d988f79ca4fbb9373a17c81f82a498712ca9f66fd5bde58b1a7e76e,https://digitalcorpora.s3.amazonaws.com/corpora/files/CC-MAIN-2021-31-PDF-UNTRUNCATED/zipfiles/2000-2999/2023.zip,2023994.pdf
cc-2023-2023995.pdf,cc,168389,1,false,false,false,false,4144227b0ece16f6d08cfb6e3b4fc32a13735e3cd22aaf9c42cc241aeb945941,https://digitalcorpora.s3.amazonaws.com/corpora/files/CC-MAIN-2021-31-PDF-UNTRUNCATED/zipfiles/2000-2999/2023.zip,2023995.pdf
cc-2023-2023996.pdf,cc,81629,1,false,false,false,false,414424c10cc2084f4195469429d8e16b8255d22b3a5512b296c99bf89b9f4626,https://digitalcorpora.s3.amazonaws.com/corpora/files/CC-MAIN-2021-31-PDF-UNTRUNCATED/zipfiles/2000-2999/2023.zip,2023996.pdf
cc-2648-2648000.pdf,cc,215086,2,false,false,false,false,5567a2aa42017b3a1643959b522f9732b6cbc1b198585dc1c9c871087a761cd7,https://digitalcorpora.s3.amazonaws.com/corpora/files/CC-MAIN-2021-31-PDF-UNTRUNCATED/zipfiles/2000-2999/2648.zip,2648000.pdf
cc-2648-2648002.pdf,cc,711332,5,false,false,true,false,5567a760be4b973dc4977e6b2669a322a288419cff1ba12353fedb000c768086,https://digitalcorpora.s3.amazonaws.com/corpora/files/CC-MAIN-2021-31-PDF-UNTRUNCATED/zipfiles/2000-2999/2648.zip,2648002.pdf
cc-2648-2648003.pdf,cc,175427,7,false,false,false,false,5567a8b8da9dee13ab410f63bfe4b9d53b9eba746ac628daa107b6213478b4ac,https://digitalcorpora.s3.amazonaws.com/corpora/files/CC-MAIN-2021-31-PDF-UNTRUNCATED/zipfiles/2000-2999/2648.zip,2648003.pdf
cc-2648-2648004.pdf,cc,1083581,9,false,false,false,false,5567ac6b27a9f6fc07dfe1bbac3e2859f3014fa91ef7c45acdcfe976cf4571a7,https://digitalcorpora.s3.amazonaws.com/corpora/files/CC-MAIN-2021-31-PDF-UNTRUNCATED/zipfiles/2000-2999/2648.zip,2648004.pdf
cc-2648-2648005.pdf,cc,2972290,41,false,false,true,false,5567afe4a9bf93cba24d2592d8121c2549b63574b12851e27a949b9cae5916c2,https://digitalcorpora.s3.amazonaws.com/corpora/files/CC-MAIN-2021-31-PDF-UNTRUNCATED/zipfiles/2000-2999/2648.zip,2648005.pdf
cc-2648-2648006.pdf,cc,443619,9,false,false,false,false,5567b04cf1f28b15ac27cd9174d2e0455ff1c5c74c79cb435c9cbb66ea045e89,https://digitalcorpora.s3.amazonaws.com/corpora/files/CC-MAIN-2021-31-PDF-UNTRUNCATED/zipfiles/2000-2999/2648.zip,2648006.pdf
cc-2648-2648007.pdf,cc,120256,1,false,false,false,false,5567b0505d9224aa12d80452c9152f4078b8083792094b5736ee0b610c327dfc,https://digitalcorpora.s3.amazonaws.com/corpora/files/CC-MAIN-2021-31-PDF-UNTRUNCATED/zipfiles/2000-2999/2648.zip,2648007.pdf
cc-2648-2648008.pdf,cc,42268,1,false,false,false,false,5567b6d9e275fae4e8e7f7c4ca1c0c5dd2485873ee4b4c514afeec06c7ee3dff,https://digitalcorpora.s3.amazonaws.com/corpora/files/CC-MAIN-2021-31-PDF-UNTRUNCATED/zipfiles/2000-2999/2648.zip,2648008.pdf
cc-2648-2648009.pdf,cc,186707,1,false,false,true,false,5567b85c6c773408b60947dcc962c40ed95d1bac92e8c47da7b989172f4517f4,https://digitalcorpora.s3.amazonaws.com/corpora/files/CC-MAIN-2021-31-PDF-UNTRUNCATED/zipfiles/2000-2999/2648.zip,2648009.pdf
cc-2648-2648010.pdf,cc,869601,1,false,false,false,false,5567b998d7cf49abe298b8328afe6b346d8e8af1445244ffcb3b8863f1f521ef,https://digitalcorpora.s3.amazonaws.com/corpora/files/CC-MAIN-2021-31-PDF-UNTRUNCATED/zipfiles/2000-2999/2648.zip,2648010.pdf
cc-2648-2648011.pdf,cc,95532,1,false,false,true,false,5567beaaa89d0cece8fb5cb612512edb1e7f7bb3014b512432db98202026b16b,https://digitalcorpora.s3.amazonaws.com/corpora/files/CC-MAIN-2021-31-PDF-UNTRUNCATED/zipfiles/2000-2999/2648.zip,2648011.pdf
cc-2648-2648013.pdf,cc,184336,8,false,false,true,false,5567c44dc97acbebff2872fbdd7d9fa55304699e3fd26197ffea348eab910e76,https://digitalcorpora.s3.amazonaws.com/corpora/files/CC-MAIN-2021-31-PDF-UNTRUNCATED/zipfiles/2000-2999/2648.zip,2648013.pdf
cc-2648-2648014.pdf,cc,3103271,110,false,false,true,false,5567c529853a6f5faf6c81b7251ae08dbb349cd733b4f508a4ea11cff6f9a6b9,https://digitalcorpora.s3.amazonaws.com/corpora/files/CC-MAIN-2021-31-PDF-UNTRUNCATED/zipfiles/2000-2999/2648.zip,2648014.pdf
cc-2648-2648015.pdf,cc,151092,1,false,false,false,false,5567c5a7245c25b9be1847a475f2576fad93ea5ab3ddf3e110553edfed146e3a,https://digitalcorpora.s3.amazonaws.com/corpora/files/CC-MAIN-2021-31-PDF-UNTRUNCATED/zipfiles/2000-2999/2648.zip,2648015.pdf
cc-2648-2648017.pdf,cc,54057,8,false,false,false,false,5567ce8d7840c76750850c30aea52698f764cd1845834cede50e659039735c09,https://digitalcorpora.s3.amazonaws.com/corpora/files/CC-MAIN-2021-31-PDF-UNTRUNCATED/zipfiles/2000-2999/2648.zip,2648017.pdf
cc-2648-2648018.pdf,cc,1213801,8,false,false,false,false,5567cfe255759f74b994e2a51af5feb4f13fc4e5c7f8a387413e1761d8f35997,https://digitalcorpora.s3.amazonaws.com/corpora/files/CC-MAIN-2021-31-PDF-UNTRUNCATED/zipfiles/2000-2999/2648.zip,2648018.pdf
cc-2648-2648019.pdf,cc,47566,1,false,false,false,false,5567d2bd4d2265be0ae37d89ef6ed593828680c446174e1d4751a099aaf5208d,https://digitalcorpora.s3.amazonaws.com/corpora/files/CC-MAIN-2021-31-PDF-UNTRUNCATED/zipfiles/2000-2999/2648.zip,2648019.pdf
cc-2648-2648020.pdf,cc,68074,2,false,false,false,false,5567d38d153da1caa89a2afad384001ae70a9b03ebfcd05cd9bd0e91caa9098d,https://digitalcorpora.s3.amazonaws.com/corpora/files/CC-MAIN-2021-31-PDF-UNTRUNCATED/zipfiles/2000-2999/2648.zip,2648020.pdf
cc-2648-2648021.pdf,cc,2221481,2,false,false,false,true,5567d64d77994b88d41b3da35cb99adaafbeaf10027ba575c9d232ba3b8c48db,https://digitalcorpora.s3.amazonaws.com/corpora/files/CC-MAIN-2021-31-PDF-UNTRUNCATED/zipfiles/2000-2999/2648.zip,2648021.pdf
cc-2648-2648022.pdf,cc,396283,8,false,false,true,false,5567d8d2be8edd061f53993b343dbbba5f07b25cf7e08351f6d7e2e11374378f,https://digitalcorpora.s3.amazonaws.com/corpora/files/CC-MAIN-2021-31-PDF-UNTRUNCATED/zipfiles/2000-2999/2648.zip,2648022.pdf
cc-2648-2648023.pdf,cc,94977,6,false,false,true,false,5567df74d6692c4e344d319cc8d98cf0a143c84db597589419b47856f22e06b6,https://digitalcorpora.s3.amazonaws.com/corpora/files/CC-MAIN-2021-31-PDF-UNTRUNCATED/zipfiles/2000-2999/2648.zip,2648023.pdf
cc-2648-2648024.pdf,cc,2955947,29,false,false,false,false,5567e0b00883532b11327e5206da5a63474cb4e7945004b86954e3782e7686b8,https://digitalcorpora.s3.amazonaws.com/corpora/files/CC-MAIN-2021-31-PDF-UNTRUNCATED/zipfiles/2000-2999/2648.zip,2648024.pdf
cc-2648-2648025.pdf,cc,1292801,2,false,false,false,false,5567e1b29d335f5e80857f0d4731bae703a2d5013475613b74dc75e89e15c51a,https://digitalcorpora.s3.amazonaws.com/corpora/files/CC-MAIN-2021-31-PDF-UNTRUNCATED/zipfiles/2000-2999/2648.zip,2648025.pdf
cc-2648-2648026.pdf,cc,41242,2,false,false,false,false,5567e2c5e6f7eff5101791cfd90c7c2598506e46f288d4bd238c1351102d5339,https://digitalcorpora.s3.amazonaws.com/corpora/files/CC-MAIN-2021-31-PDF-UNTRUNCATED/zipfiles/2000-2999/2648.zip,2648026.pdf
cc-2648-2648027.pdf,cc,932769,1,false,false,true,false,5567e41d4ee7d2789707056426e03cea52e4d620f48fa6a6c1227e7c84bf9015,https://digitalcorpora.s3.amazonaws.com/corpora/files/CC-MAIN-2021-31-PDF-UNTRUNCATED/zipfiles/2000-2999/2648.zip,2648027.pdf
cc-2648-2648028.pdf,cc,1414901,26,false,false,true,false,5567e58f3a8e82f920424a75e191c823ad456e39e7925e541a80d30d18b44a61,https://digitalcorpora.s3.amazonaws.com/corpora/files/CC-MAIN-2021-31-PDF-UNTRUNCATED/zipfiles/2000-2999/2648.zip,2648028.pdf
cc-2648-2648029.pdf,cc,2249363,1,false,false,false,false,5567ed78ee6c6a2adbdca76594e6027c778e1fd498bd7a4712cdfeda98754cf4,https://digitalcorpora.s3.amazonaws.com/corpora/files/CC-MAIN-2021-31-PDF-UNTRUNCATED/zipfiles/2000-2999/2648.zip,2648029.pdf
cc-2648-2648030.pdf,cc,455438,6,false,false,false,false,5567ed84965f620023e26b55f917ea39bf9ebff83aba0fc900993db9ad9eed07,https://digitalcorpora.s3.amazonaws.com/corpora/files/CC-MAIN-2021-31-PDF-UNTRUNCATED/zipfiles/2000-2999/2648.zip,2648030.pdf
cc-2648-2648031.pdf,cc,1345091,4,false,false,true,false,5567edce37472043d0efa753e7f101f1f2b84fa3e6ca960abbbd23ab445919a0,https://digitalcorpora.s3.amazonaws.com/corpora/files/CC-MAIN-2021-31-PDF-UNTRUNCATED/zipfiles/2000-2999/2648.zip,2648031.pdf
cc-2648-2648032.pdf,cc,1242527,17,false,true,true,true,5567eec296c582531267e7512654aa148ae3853c68e0d10dc8f252642664d960,https://digitalcorpora.s3.amazonaws.com/corpora/files/CC-MAIN-2021-31-PDF-UNTRUNCATED/zipfiles/2000-2999/2648.zip,2648032.pdf
cc-2648-2648034.pdf,cc,95637,2,false,false,true,false,5567f19443c0975068c04d74491ea0f2da1a224a08bdef05ea86c40353ecb62c,https://digitalcorpora.s3.amazonaws.com/corpora/files/CC-MAIN-2021-31-PDF-UNTRUNCATED/zipfiles/2000-2999/2648.zip,2648034.pdf
cc-2648-2648035.pdf,cc,104157,10,false,false,false,false,5567f27ec7751beff7becdc026b50d25818d20f2543ac2b7ccd609b4ad8e88b8,https://digitalcorpora.s3.amazonaws.com/corpora/files/CC-MAIN-2021-31-PDF-UNTRUNCATED/zipfiles/2000-2999/2648.zip,2648035.pdf
cc-2648-2648037.pdf,cc,1320114,11,false,false,false,false,5567f8eb6d9a1b5270c62e458c92ce5f30f2b233953ff85597b379a4c1de6eda,https://digitalcorpora.s3.amazonaws.com/corpora/files/CC-MAIN-2021-31-PDF-UNTRUNCATED/zipfiles/2000-2999/2648.zip,2648037.pdf
cc-2648-2648038.pdf,cc,142570,1,true,false,false,true,5567f98696860eaee905058ddb498fa525313da1f163c8af3f5d2734ab8504f7,https://digitalcorpora.s3.amazonaws.com/corpora/files/CC-MAIN-2021-31-PDF-UNTRUNCATED/zipfiles/2000-2999/2648.zip,2648038.pdf
cc-2648-2648039.pdf,cc,3413542,16,false,false,true,false,5567fc9b9522307fcaa28d61967af5de1b63727eadf8a1f0c00aa6a13a02ef95,https://digitalcorpora.s3.amazonaws.com/corpora/files/CC-MAIN-2021-31-PDF-UNTRUNCATED/zipfiles/2000-2999/2648.zip,2648039.pdf
cc-2648-2648040.pdf,cc,4502665,13,false,false,false,false,5568012c4a071721ae4a90355949cc101f9b4b78c17f9590049180eed0d9ede9,https://digitalcorpora.s3.amazonaws.com/corpora/files/CC-MAIN-2021-31-PDF-UNTRUNCATED/zipfiles/2000-2999/2648.zip,2648040.pdf
cc-2648-2648042.pdf,cc,79323,6,false,false,false,false,55680716fb0f367537383732876ee4c8e7f317cda8fbfc6ce0a9974b9d46b3e1,https://digitalcorpora.s3.amazonaws.com/corpora/files/CC-MAIN-2021-31-PDF-UNTRUNCATED/zipfiles/2000-2999/2648.zip,2648042.pdf
cc-2648-2648043.pdf,cc,541706,1,false,false,false,false,55680f6bc8344236e7d51114d10f4a6656e66c509254f97162336ace11f3e3d0,https://digitalcorpora.s3.amazonaws.com/corpora/files/CC-MAIN-2021-31-PDF-UNTRUNCATED/zipfiles/2000-2999/2648.zip,2648043.pdf
cc-2648-2648044.pdf,cc,484356,1,false,false,true,false,5568144db158f7c7106275e3b96c642f698635887c5ef37066774ae8eea5348d,https://digitalcorpora.s3.amazonaws.com/corpora/files/CC-MAIN-2021-31-PDF-UNTRUNCATED/zipfiles/2000-2999/2648.zip,2648044.pdf
cc-2648-2648046.pdf,cc,327191,12,false,false,true,false,556815241c42b1ab342dab9444ec8233dfe20d10b7f2d1c52dbb8eaa8f3802a1,https://digitalcorpora.s3.amazonaws.com/corpora/files/CC-MAIN-2021-31-PDF-UNTRUNCATED/zipfiles/2000-2999/2648.zip,2648046.pdf
cc-2648-2648048.pdf,cc,32808,1,false,false,false,false,5568197d98f9d1d4ac6aa4c7b11f81aec853594133892241bdb96a6bc34f79eb,https://digitalcorpora.s3.amazonaws.com/corpora/files/CC-MAIN-2021-31-PDF-UNTRUNCATED/zipfiles/2000-2999/2648.zip,2648048.pdf
cc-2648-2648049.pdf,cc,13066132,36,false,false,true,false,55681c0a11f106dde6a1307e4e3410847c39a82a90ea5b244efae1a1cea471dc,https://digitalcorpora.s3.amazonaws.com/corpora/files/CC-MAIN-2021-31-PDF-UNTRUNCATED/zipfiles/2000-2999/2648.zip,2648049.pdf
cc-2648-2648050.pdf,cc,344726,1,true,false,false,false,55681d2cd824a4f822597f51874ecf4ac3a88ff75470afe091793c5143a0dfad,https://digitalcorpora.s3.amazonaws.com/corpora/files/CC-MAIN-2021-31-PDF-UNTRUNCATED/zipfiles/2000-2999/2648.zip,2648050.pdf
cc-2648-2648051.pdf,cc,65582,6,false,false,false,false,55681e6f0e1c7a9cefd1f48d3431e38b4e19b4767cd3a967a07fda6585e53018,https://digitalcorpora.s3.amazonaws.com/corpora/files/CC-MAIN-2021-31-PDF-UNTRUNCATED/zipfiles/2000-2999/2648.zip,2648051.pdf
cc-2648-2648053.pdf,cc,2267289,2,false,false,false,false,5568208f43d520875488921a4b38a40ae0521eed0ce0bf8333217451687cc2c4,https://digitalcorpora.s3.amazonaws.com/corpora/files/CC-MAIN-2021-31-PDF-UNTRUNCATED/zipfiles/2000-2999/2648.zip,2648053.pdf
cc-2648-2648055.pdf,cc,12512658,48,false,false,false,false,55682616bcf709b3bdd98512a55acc431199633b6227c9fb84ed8774b6865424,https://digitalcorpora.s3.amazonaws.com/corpora/files/CC-MAIN-2021-31-PDF-UNTRUNCATED/zipfiles/2000-2999/2648.zip,2648055.pdf
cc-2648-2648057.pdf,cc,340066,1,false,false,true,false,55682c078db9c41272c2b24086500f7befb942df3629ff828d3dfc4c781b2473,https://digitalcorpora.s3.amazonaws.com/corpora/files/CC-MAIN-2021-31-PDF-UNTRUNCATED/zipfiles/2000-2999/2648.zip,2648057.pdf
cc-2648-2648059.pdf,cc,42823,1,false,false,false,false,556835fd23c29f1b27e9fddb98d7a3a186ac47be6bdd29a114d1b1c0a6dc10bc,https://digitalcorpora.s3.amazonaws.com/corpora/files/CC-MAIN-2021-31-PDF-UNTRUNCATED/zipfiles/2000-2999/2648.zip,2648059.pdf
cc-2648-2648060.pdf,cc,102441,2,false,false,false,false,5568385a2899a4fc6a7dc260d528267698135e972badf17d36d0babb202ea412,https://digitalcorpora.s3.amazonaws.com/corpora/files/CC-MAIN-2021-31-PDF-UNTRUNCATED/zipfiles/2000-2999/2648.zip,2648060.pdf
cc-2648-2648062.pdf,cc,564815,6,false,false,false,false,556840b8309d28848edb6f520cc83809b8c36b11b2b9643a4b5b9e60b4a4e7d5,https://digitalcorpora.s3.amazonaws.com/corpora/files/CC-MAIN-2021-31-PDF-UNTRUNCATED/zipfiles/2000-2999/2648.zip,2648062.pdf
cc-2648-2648063.pdf,cc,9478,1,false,false,false,false,556842aa51b3948635778c0e130c9c29aa9c91f11bfaa2996202880eae8c4c9c,https://digitalcorpora.s3.amazonaws.com/corpora/files/CC-MAIN-2021-31-PDF-UNTRUNCATED/zipfiles/2000-2999/2648.zip,2648063.pdf
cc-2648-2648064.pdf,cc,273576,2,false,false,false,false,556843ba54e21928ceb1d2f706fbfa05e43d7a0642098e012fd6f934ee93d402,https://digitalcorpora.s3.amazonaws.com/corpora/files/CC-MAIN-2021-31-PDF-UNTRUNCATED/zipfiles/2000-2999/2648.zip,2648064.pdf
cc-2648-2648066.pdf,cc,91559,1,false,false,false,false,556847c4e621f471e54537134b42399071419dc3a78c66769b0ea2e2106a3ec8,https://digitalcorpora.s3.amazonaws.com/corpora/files/CC-MAIN-2021-31-PDF-UNTRUNCATED/zipfiles/2000-2999/2648.zip,2648066.pdf
cc-2648-2648067.pdf,cc,25374278,38,false,false,true,false,556849ff408a4890d2b5bab60e9c935f88e030a52564a4ccc8229a9fb1424a25,https://digitalcorpora.s3.amazonaws.com/corpora/files/CC-MAIN-2021-31-PDF-UNTRUNCATED/zipfiles/2000-2999/2648.zip,2648067.pdf
cc-2648-2648068.pdf,cc,153112,12,false,false,false,false,55684aaa178cbadecaa2d545079b7fd30752b25e1f0e2a9253f38cbb31bfdc70,https://digitalcorpora.s3.amazonaws.com/corpora/files/CC-MAIN-2021-31-PDF-UNTRUNCATED/zipfiles/2000-2999/2648.zip,2648068.pdf
cc-2648-2648069.pdf,cc,366242,7,false,false,false,false,55684da18f6c864122514b9c820f40029d591f61c21d7bd4f3c986a30a98a96b,https://digitalcorpora.s3.amazonaws.com/corpora/files/CC-MAIN-2021-31-PDF-UNTRUNCATED/zipfiles/2000-2999/2648.zip,2648069.pdf
cc-2648-2648071.pdf,cc,187532,1,false,false,true,false,556851f1128df768c25f6f6ebbc6959edbb80145c0e1cf07220a9c14a0362707,https://digitalcorpora.s3.amazonaws.com/corpora/files/CC-MAIN-2021-31-PDF-UNTRUNCATED/zipfiles/2000-2999/2648.zip,2648071.pdf
cc-2648-2648072.pdf,cc,172885,7,false,false,true,false,5568524f9d8e7b242c4c26bb538cf3c566384222c1d7cee451a7b9060fd0d5ef,https://digitalcorpora.s3.amazonaws.com/corpora/files/CC-MAIN-2021-31-PDF-UNTRUNCATED/zipfiles/2000-2999/2648.zip,2648072.pdf
cc-2648-2648073.pdf,cc,1776769,11,false,false,false,false,5568558a4a9dda0c5c151732630a3ff5737af961f25624b52a56018c2dc1f68d,https://digitalcorpora.s3.amazonaws.com/corpora/files/CC-MAIN-2021-31-PDF-UNTRUNCATED/zipfiles/2000-2999/2648.zip,2648073.pdf
cc-2648-2648074.pdf,cc,92960,1,false,false,false,false,556856b5a23c5f7ccb425af3fac5a85264e03623fdd26ae00f0bcbafc6598a13,https://digitalcorpora.s3.amazonaws.com/corpora/files/CC-MAIN-2021-31-PDF-UNTRUNCATED/zipfiles/2000-2999/2648.zip,2648074.pdf
cc-2648-2648075.pdf,cc,79330,1,false,false,true,false,556857c39be9c4f86223742e4bd6fc24288034288e7542b8132a036a0ccbb596,https://digitalcorpora.s3.amazonaws.com/corpora/files/CC-MAIN-2021-31-PDF-UNTRUNCATED/zipfiles/2000-2999/2648.zip,2648075.pdf
cc-2648-2648077.pdf,cc,232153,3,false,false,true,false,55685a9f8b53b2804c6bce712c6688adc721600330cfcb2b84b46ea28f23a12f,https://digitalcorpora.s3.amazonaws.com/corpora/files/CC-MAIN-2021-31-PDF-UNTRUNCATED/zipfiles/2000-2999/2648.zip,2648077.pdf
cc-2648-2648078.pdf,cc,226041,44,false,false,false,true,55685bfdd903e86681795156931c92355ccb0495d6816360e02075d3c472534f,https://digitalcorpora.s3.amazonaws.com/corpora/files/CC-MAIN-2021-31-PDF-UNTRUNCATED/zipfiles/2000-2999/2648.zip,2648078.pdf
cc-2648-2648079.pdf,cc,222949,1,false,false,false,false,55685d4da99e41f6d300393ecb03044b75a805b1e90a0c8b633a77ccf4911732,https://digitalcorpora.s3.amazonaws.com/corpora/files/CC-MAIN-2021-31-PDF-UNTRUNCATED/zipfiles/2000-2999/2648.zip,2648079.pdf
cc-2648-2648080.pdf,cc,174355,6,false,false,true,false,55685d75bf4c761b48a8a05d56210fc4601714ceae5b3d94340bbda02b832daa,https://digitalcorpora.s3.amazonaws.com/corpora/files/CC-MAIN-2021-31-PDF-UNTRUNCATED/zipfiles/2000-2999/2648.zip,2648080.pdf
cc-2648-2648082.pdf,cc,250646,2,false,false,true,false,55685efdc8fb0027b05095807b9790d94fe829184d1ec846a602ace616aa922a,https://digitalcorpora.s3.amazonaws.com/corpora/files/CC-MAIN-2021-31-PDF-UNTRUNCATED/zipfiles/2000-2999/2648.zip,2648082.pdf
cc-2648-2648084.pdf,cc,1155135,67,false,false,true,false,55686681dd7ddac99cf82dc4a5ee77a90677098476e1ea0d6b15e3bc2e34e796,https://digitalcorpora.s3.amazonaws.com/corpora/files/CC-MAIN-2021-31-PDF-UNTRUNCATED/zipfiles/2000-2999/2648.zip,2648084.pdf
cc-2648-2648085.pdf,cc,540752,2,false,false,true,false,5568668ef91a0a452a3b9cfffa0f2c23eb3c4fd991da2dcbb71926a140cf41f5,https://digitalcorpora.s3.amazonaws.com/corpora/files/CC-MAIN-2021-31-PDF-UNTRUNCATED/zipfiles/2000-2999/2648.zip,2648085.pdf
cc-2648-2648086.pdf,cc,3036591,33,false,false,false,false,556868450c5aa4a2a8fa2c6abac2052ebb1b6659e0b65cdb547abb4ee3d82620,https://digitalcorpora.s3.amazonaws.com/corpora/files/CC-MAIN-2021-31-PDF-UNTRUNCATED/zipfiles/2000-2999/2648.zip,2648086.pdf
cc-2648-2648088.pdf,cc,400910,1,false,false,false,false,5568704fa17f99a895d97274deca0ce5d71190346a12f0b004729c2b5fe09c68,https://digitalcorpora.s3.amazonaws.com/corpora/files/CC-MAIN-2021-31-PDF-UNTRUNCATED/zipfiles/2000-2999/2648.zip,2648088.pdf
cc-2648-2648091.pdf,cc,1108077,11,false,false,false,false,5568740d36b52d8d13739399b3a5ca083faadb78ca6122a801740ee4183a4844,https://digitalcorpora.s3.amazonaws.com/corpora/files/CC-MAIN-2021-31-PDF-UNTRUNCATED/zipfiles/2000-2999/2648.zip,2648091.pdf
cc-2648-2648092.pdf,cc,54802,1,false,false,false,false,5568741c43fd78195b53a9a7dbe9e9bfeeb687bd9c40edb599679cb299dd250b,https://digitalcorpora.s3.amazonaws.com/corpora/files/CC-MAIN-2021-31-PDF-UNTRUNCATED/zipfiles/2000-2999/2648.zip,2648092.pdf
cc-2648-2648093.pdf,cc,1990913,4,false,false,false,false,5568785526bc600a044f59f74f7b298e5037ffadad283cb4ef6096fcc4313ea5,https://digitalcorpora.s3.amazonaws.com/corpora/files/CC-MAIN-2021-31-PDF-UNTRUNCATED/zipfiles/2000-2999/2648.zip,2648093.pdf
cc-2648-2648095.pdf,cc,412912,1,false,false,true,false,55687b22dfab28d241bf19e92bc686d92a3493fd0604e367b91b379e770a8893,https://digitalcorpora.s3.amazonaws.com/corpora/files/CC-MAIN-2021-31-PDF-UNTRUNCATED/zipfiles/2000-2999/2648.zip,2648095.pdf
cc-2648-2648097.pdf,cc,578695,2,false,false,true,false,55687d7ac0511a817b381db0057622ab7b67e035c1ca2d48347356ee253709a3,https://digitalcorpora.s3.amazonaws.com/corpora/files/CC-MAIN-2021-31-PDF-UNTRUNCATED/zipfiles/2000-2999/2648.zip,2648097.pdf
cc-2648-2648099.pdf,cc,1191225,1,false,false,false,false,55687e05113bd24fc2a1de583d9229ed0756989bf94d8a39f050f38a10de51ab,https://digitalcorpora.s3.amazonaws.com/corpora/files/CC-MAIN-2021-31-PDF-UNTRUNCATED/zipfiles/2000-2999/2648.zip,2648099.pdf
cc-2648-2648101.pdf,cc,205412,75,false,false,false,false,55688806b92303efec57b32746e35e7a0bcaf89b2fe233d6a3459ee6fbc29e20,https://digitalcorpora.s3.amazonaws.com/corpora/files/CC-MAIN-2021-31-PDF-UNTRUNCATED/zipfiles/2000-2999/2648.zip,2648101.pdf
cc-2648-2648103.pdf,cc,1824211,7,false,false,false,true,55688fd2a648120f5c72a627a14952680ad933c95dd3bc5b9f75c2a8d018ffcf,https://digitalcorpora.s3.amazonaws.com/corpora/files/CC-MAIN-2021-31-PDF-UNTRUNCATED/zipfiles/2000-2999/2648.zip,2648103.pdf
cc-2648-2648105.pdf,cc,1750635,32,false,false,true,false,5568933f6a891b14b3e094f2ef6fc0d7abc881ff6821dae269b8f867e3f54672,https://digitalcorpora.s3.amazonaws.com/corpora/files/CC-MAIN-2021-31-PDF-UNTRUNCATED/zipfiles/2000-2999/2648.zip,2648105.pdf
cc-2648-2648107.pdf,cc,253509,3,false,false,false,false,556895448b87e3f821c4124ef612159488e15696ff7a1d2cbba6b9a098057c7b,https://digitalcorpora.s3.amazonaws.com/corpora/files/CC-MAIN-2021-31-PDF-UNTRUNCATED/zipfiles/2000-2999/2648.zip,2648107.pdf
cc-2648-2648109.pdf,cc,133213,2,false,false,true,false,55689629463abb401425697243f234cc5f05255100421082d02f26a8d9d03f8d,https://digitalcorpora.s3.amazonaws.com/corpora/files/CC-MAIN-2021-31-PDF-UNTRUNCATED/zipfiles/2000-2999/2648.zip,2648109.pdf
cc-2648-2648110.pdf,cc,130386,1,false,false,false,false,55689b245415d2dfe25e6d87b57e2fd072d62820fa29694622544275c0ddb578,https://digitalcorpora.s3.amazonaws.com/corpora/files/CC-MAIN-2021-31-PDF-UNTRUNCATED/zipfiles/2000-2999/2648.zip,2648110.pdf
cc-2648-2648111.pdf,cc,72755,1,false,false,true,false,55689be24d08efe6d6bb5f7876deb79fb4669925525aead29196ec2b29f8f049,https://digitalcorpora.s3.amazonaws.com/corpora/files/CC-MAIN-2021-31-PDF-UNTRUNCATED/zipfiles/2000-2999/2648.zip,2648111.pdf
cc-2648-2648112.pdf,cc,806786,16,false,false,false,false,55689e2314445723a40472f1369b8c254d7bf8b914184523ed4827a0e5195520,https://digitalcorpora.s3.amazonaws.com/corpora/files/CC-MAIN-2021-31-PDF-UNTRUNCATED/zipfiles/2000-2999/2648.zip,2648112.pdf
cc-2648-2648114.pdf,cc,41027,5,false,false,false,false,5568a1a11b86feb5806cb6f663d391de9a117ed4a6cbd0bf73a9364e11ce4e97,https://digitalcorpora.s3.amazonaws.com/corpora/files/CC-MAIN-2021-31-PDF-UNTRUNCATED/zipfiles/2000-2999/2648.zip,2648114.pdf
cc-2648-2648115.pdf,cc,194450,2,false,false,false,false,5568a1da85a155c3a2167b6d37a427e3455e37128ef8716e8b5a5ffa880cbcd9,https://digitalcorpora.s3.amazonaws.com/corpora/files/CC-MAIN-2021-31-PDF-UNTRUNCATED/zipfiles/2000-2999/2648.zip,2648115.pdf
cc-2648-2648116.pdf,cc,731160,3,false,false,false,false,5568a404a9a2f94494d0f9405a910633e9473bf97998e26044b8ce755fd2fdc2,https://digitalcorpora.s3.amazonaws.com/corpora/files/CC-MAIN-2021-31-PDF-UNTRUNCATED/zipfiles/2000-2999/2648.zip,2648116.pdf
cc-2648-2648118.pdf,cc,1029392,1,false,false,false,false,5568b0cf7bd38c6ae2edeec1619fcf5f8546762a26a496ceb10a660c7baf8f3b,https://digitalcorpora.s3.amazonaws.com/corpora/files/CC-MAIN-2021-31-PDF-UNTRUNCATED/zipfiles/2000-2999/2648.zip,2648118.pdf
cc-2648-2648121.pdf,cc,2021,0,false,false,false,false,5568bbdb6b546cd3d5928901520f365dfbd189231caff4834ab7ff8dee683a5e,https://digitalcorpora.s3.amazonaws.com/corpora/files/CC-MAIN-2021-31-PDF-UNTRUNCATED/zipfiles/2000-2999/2648.zip,2648121.pdf
cc-2648-2648123.pdf,cc,1501529,24,true,false,false,false,5568c34604924aea14088ec95e0f590525121ac0c31d4202449fa60f52162bf2,https://digitalcorpora.s3.amazonaws.com/corpora/files/CC-MAIN-2021-31-PDF-UNTRUNCATED/zipfiles/2000-2999/2648.zip,2648123.pdf
cc-2648-2648125.pdf,cc,5429636,126,false,false,true,false,5568c63dbc613e01006e16c39a85b6cc505c3b6f514a0e625a377b8c48fceca1,https://digitalcorpora.s3.amazonaws.com/corpora/files/CC-MAIN-2021-31-PDF-UNTRUNCATED/zipfiles/2000-2999/2648.zip,2648125.pdf
cc-2648-2648127.pdf,cc,744620,24,false,false,true,false,5568c8c21ca5853c638260163670d4d28729c4903de4a77a55b93d9d322166f3,https://digitalcorpora.s3.amazonaws.com/corpora/files/CC-MAIN-2021-31-PDF-UNTRUNCATED/zipfiles/2000-2999/2648.zip,2648127.pdf
cc-2648-2648128.pdf,cc,150961,1,false,false,true,false,5568ca15f2184cd7da79f5d87cd32040f18a86b2c509a5593e491f7ba08ac3c1,https://digitalcorpora.s3.amazonaws.com/corpora/files/CC-MAIN-2021-31-PDF-UNTRUNCATED/zipfiles/2000-2999/2648.zip,2648128.pdf
cc-2648-2648129.pdf,cc,46885,4,false,false,false,false,5568cbe22f0e59f0be57b5d3f1086d49a4373be2d6be9767d49f976bca52a4f2,https://digitalcorpora.s3.amazonaws.com/corpora/files/CC-MAIN-2021-31-PDF-UNTRUNCATED/zipfiles/2000-2999/2648.zip,2648129.pdf
cc-2648-2648132.pdf,cc,18684,1,false,false,false,false,5568cece8c658c92c6538eac3d8994123d96c85a0b728e4ff053440c84d732f9,https://digitalcorpora.s3.amazonaws.com/corpora/files/CC-MAIN-2021-31-PDF-UNTRUNCATED/zipfiles/2000-2999/2648.zip,2648132.pdf
cc-2648-2648134.pdf,cc,510361,1,false,false,false,false,5568d50f143796ab275be78d5d3c2af929aa5ad161a35a58cad9a3fc5126ccc3,https://digitalcorpora.s3.amazonaws.com/corpora/files/CC-MAIN-2021-31-PDF-UNTRUNCATED/zipfiles/2000-2999/2648.zip,2648134.pdf
cc-2648-2648136.pdf,cc,186834,2,false,false,true,false,5568d878e1299749dde051dc68d99dbcb094f649fbe1b5719d18f7b82e10b49e,https://digitalcorpora.s3.amazonaws.com/corpora/files/CC-MAIN-2021-31-PDF-UNTRUNCATED/zipfiles/2000-2999/2648.zip,2648136.pdf
cc-2648-2648138.pdf,cc,28207771,4,false,false,false,false,5568e078bd0e1bfad521519251684f360cd23549a265659900c97e3e02ee7719,https://digitalcorpora.s3.amazonaws.com/corpora/files/CC-MAIN-2021-31-PDF-UNTRUNCATED/zipfiles/2000-2999/2648.zip,2648138.pdf
cc-2648-2648141.pdf,cc,1462017,3,false,false,false,false,5568e6fe5566c4b934841ec5ade8e6de1a2de2e700d9ce2f513fc479d4e3efcc,https://digitalcorpora.s3.amazonaws.com/corpora/files/CC-MAIN-2021-31-PDF-UNTRUNCATED/zipfiles/2000-2999/2648.zip,2648141.pdf
cc-2648-2648142.pdf,cc,898208,1,false,false,false,false,5568e7d6d9fd2244fd6cb2df9a2244ae3a63a33c0d81e6b428789b7c1a276633,https://digitalcorpora.s3.amazonaws.com/corpora/files/CC-MAIN-2021-31-PDF-UNTRUNCATED/zipfiles/2000-2999/2648.zip,2648142.pdf
cc-2648-2648143.pdf,cc,709266,3,false,false,false,false,5568eb43e989f4d9d9da562b9f043238a3c2142c5bf703b5c2cda6bd74988a81,https://digitalcorpora.s3.amazonaws.com/corpora/files/CC-MAIN-2021-31-PDF-UNTRUNCATED/zipfiles/2000-2999/2648.zip,2648143.pdf
cc-2648-2648145.pdf,cc,2296600,132,false,false,false,false,5568f08ad3f076a57ecc852d09deb4a5ea223018b7a741997d04b0b11ee3258f,https://digitalcorpora.s3.amazonaws.com/corpora/files/CC-MAIN-2021-31-PDF-UNTRUNCATED/zipfiles/2000-2999/2648.zip,2648145.pdf
cc-2648-2648146.pdf,cc,211572,14,false,false,true,false,5568f1daa70609e9c227c18833624e6c4435a118836c35dd5533cf77ae1a547f,https://digitalcorpora.s3.amazonaws.com/corpora/files/CC-MAIN-2021-31-PDF-UNTRUNCATED/zipfiles/2000-2999/2648.zip,2648146.pdf
cc-2648-2648147.pdf,cc,343644,1,false,false,false,false,5568f8a96b3c1942b5563c89af94bd0c8f7ec047fbf726b0bb3a7f885c04f61c,https://digitalcorpora.s3.amazonaws.com/corpora/files/CC-MAIN-2021-31-PDF-UNTRUNCATED/zipfiles/2000-2999/2648.zip,2648147.pdf
cc-2648-2648149.pdf,cc,838010,4,false,false,false,false,5568fc0ba5c84146f41127005e525743e699d6e57556fc3682e1087462c32c0e,https://digitalcorpora.s3.amazonaws.com/corpora/files/CC-MAIN-2021-31-PDF-UNTRUNCATED/zipfiles/2000-2999/2648.zip,2648149.pdf
cc-2648-2648150.pdf,cc,40891,2,false,false,false,false,5569014255211569d733ec733cb516c0cc29b5d3ad46e68e01417565f112b205,https://digitalcorpora.s3.amazonaws.com/corpora/files/CC-MAIN-2021-31-PDF-UNTRUNCATED/zipfiles/2000-2999/2648.zip,2648150.pdf
cc-2648-2648152.pdf,cc,23110,2,false,false,false,false,556903b3d06cb9658341f08377fef4a16b30cf4d1a80e832cb8132f316c5c7d7,https://digitalcorpora.s3.amazonaws.com/corpora/files/CC-MAIN-2021-31-PDF-UNTRUNCATED/zipfiles/2000-2999/2648.zip,2648152.pdf
cc-2648-2648154.pdf,cc,676679,1,false,false,false,false,556906885ad163e9b9ed4e2fa137fd6f5473999117a8d3a52a4109b2b12550b8,https://digitalcorpora.s3.amazonaws.com/corpora/files/CC-MAIN-2021-31-PDF-UNTRUNCATED/zipfiles/2000-2999/2648.zip,2648154.pdf
cc-2648-2648156.pdf,cc,665378,1,false,false,false,false,5569093ee465f3e8a421ba7a2147f84508ed1162c083225ec5302150903941e5,https://digitalcorpora.s3.amazonaws.com/corpora/files/CC-MAIN-2021-31-PDF-UNTRUNCATED/zipfiles/2000-2999/2648.zip,2648156.pdf
cc-2648-2648158.pdf,cc,301726,2,false,false,false,false,55690c93a829c1f62a9ee00ae7ae63be30e9a6852ac026f8d1c9920f7791e5ab,https://digitalcorpora.s3.amazonaws.com/corpora/files/CC-MAIN-2021-31-PDF-UNTRUNCATED/zipfiles/2000-2999/2648.zip,2648158.pdf
cc-2648-2648161.pdf,cc,440738,2,false,false,false,false,55690ff2e452dac7af460dfb3f8cb252c09775c8701ef91410b08cfc76ee9b68,https://digitalcorpora.s3.amazonaws.com/corpora/files/CC-MAIN-2021-31-PDF-UNTRUNCATED/zipfiles/2000-2999/2648.zip,2648161.pdf
cc-2648-2648162.pdf,cc,103153,1,false,false,false,false,556913273211c9fef8d31f24cc1062abda401e65551c662aac607e0bab8ce096,https://digitalcorpora.s3.amazonaws.com/corpora/files/CC-MAIN-2021-31-PDF-UNTRUNCATED/zipfiles/2000-2999/2648.zip,2648162.pdf
cc-2648-2648163.pdf,cc,22967,1,false,false,false,false,5569141d1ea463ecdc9e1e2e9d9c77564c0c17e82272c561a8e81b0884366f5b,https://digitalcorpora.s3.amazonaws.com/corpora/files/CC-MAIN-2021-31-PDF-UNTRUNCATED/zipfiles/2000-2999/2648.zip,2648163.pdf
cc-2648-2648165.pdf,cc,8325997,2,false,false,true,false,55691a8d7c7a1ced8d71ae736e2e7d1ead6db169fbef14171cbea8ccbbcb74f3,https://digitalcorpora.s3.amazonaws.com/corpora/files/CC-MAIN-2021-31-PDF-UNTRUNCATED/zipfiles/2000-2999/2648.zip,2648165.pdf
cc-2648-2648169.pdf,cc,236985,1,false,false,false,false,5569231a81829aa5f3dd6d149a26e73792a58688b45c8e5012a9726b762d9a0e,https://digitalcorpora.s3.amazonaws.com/corpora/files/CC-MAIN-2021-31-PDF-UNTRUNCATED/zipfiles/2000-2999/2648.zip,2648169.pdf
cc-2648-2648170.pdf,cc,40843,1,false,false,false,false,5569238041a7e8eebbbfff3f9d06f425a1be74851959658d24f354c3218bfe68,https://digitalcorpora.s3.amazonaws.com/corpora/files/CC-MAIN-2021-31-PDF-UNTRUNCATED/zipfiles/2000-2999/2648.zip,2648170.pdf
cc-2648-2648172.pdf,cc,2219222,22,false,false,false,true,55692ba5a41bb7739d5bf46c3a53cddb5f294257f0198db6c6886d1eb9780cc9,https://digitalcorpora.s3.amazonaws.com/corpora/files/CC-MAIN-2021-31-PDF-UNTRUNCATED/zipfiles/2000-2999/2648.zip,2648172.pdf
cc-2648-2648174.pdf,cc,644847,12,false,false,false,true,55692f5f9d91006e0e22a9c4dc50b1e285a36cbc3f07a7ed6ecf1bd926de9a73,https://digitalcorpora.s3.amazonaws.com/corpora/files/CC-MAIN-2021-31-PDF-UNTRUNCATED/zipfiles/2000-2999/2648.zip,2648174.pdf
cc-2648-2648175.pdf,cc,782679,16,false,true,true,true,5569346173d4044e0eba7c060df65f72dc92b772e1571d5169a4cb3cefaddccb,https://digitalcorpora.s3.amazonaws.com/corpora/files/CC-MAIN-2021-31-PDF-UNTRUNCATED/zipfiles/2000-2999/2648.zip,2648175.pdf
cc-2648-2648176.pdf,cc,1231969,9,true,false,true,false,556937ddaf0fe24cc378c3b1ed1b3f72f2b3d08bd62aa9f208fe40f66a40b1f8,https://digitalcorpora.s3.amazonaws.com/corpora/files/CC-MAIN-2021-31-PDF-UNTRUNCATED/zipfiles/2000-2999/2648.zip,2648176.pdf
cc-2648-2648177.pdf,cc,94749,1,false,false,false,false,55693d9d0832ea60fffe2b12ea0ff1d14de682914a5b912a13edb440ae508227,https://digitalcorpora.s3.amazonaws.com/corpora/files/CC-MAIN-2021-31-PDF-UNTRUNCATED/zipfiles/2000-2999/2648.zip,2648177.pdf
cc-2648-2648187.pdf,cc,210885,46,false,false,false,false,55695279551ff4b39f6a9606bf0c14e6a533a40ea30e5dc875ea1fc273008d51,https://digitalcorpora.s3.amazonaws.com/corpora/files/CC-MAIN-2021-31-PDF-UNTRUNCATED/zipfiles/2000-2999/2648.zip,2648187.pdf
cc-2648-2648188.pdf,cc,250408,8,false,false,false,false,556955f812d343f0a251aee69904d07ce48b51b4c06206b4cf836cb074e11bdc,https://digitalcorpora.s3.amazonaws.com/corpora/files/CC-MAIN-2021-31-PDF-UNTRUNCATED/zipfiles/2000-2999/2648.zip,2648188.pdf
cc-2648-2648190.pdf,cc,3101332,1,false,false,true,true,55695cf0c1cc728dd38485d5fe7e56465b5bd53edd1e28ab8056419fe28b3743,https://digitalcorpora.s3.amazonaws.com/corpora/files/CC-MAIN-2021-31-PDF-UNTRUNCATED/zipfiles/2000-2999/2648.zip,2648190.pdf
cc-2648-2648192.pdf,cc,123026,1,false,false,false,false,55696284a2ff0059802fab37f582ee49141cafde55c6deb42ef62997ae77d6a1,https://digitalcorpora.s3.amazonaws.com/corpora/files/CC-MAIN-2021-31-PDF-UNTRUNCATED/zipfiles/2000-2999/2648.zip,2648192.pdf
cc-2648-2648193.pdf,cc,10535,1,false,false,false,false,556964b4baa55a6f7a52809d2afb3107436c478efc49ebe6935b3de2b3d09e62,https://digitalcorpora.s3.amazonaws.com/corpora/files/CC-MAIN-2021-31-PDF-UNTRUNCATED/zipfiles/2000-2999/2648.zip,2648193.pdf
cc-2648-2648198.pdf,cc,811216,1,false,false,false,false,556972ea1ac57c6816b4961c19b5904526d0cc9c3f5a037eb530b0736b784db2,https://digitalcorpora.s3.amazonaws.com/corpora/files/CC-MAIN-2021-31-PDF-UNTRUNCATED/zipfiles/2000-2999/2648.zip,2648198.pdf
cc-2648-2648199.pdf,cc,563585,1,false,false,false,false,55697334f2252e1ac19662dad0a90d10aee303dd05d14c09af6d98c2e8aa9e58,https://digitalcorpora.s3.amazonaws.com/corpora/files/CC-MAIN-2021-31-PDF-UNTRUNCATED/zipfiles/2000-2999/2648.zip,2648199.pdf
cc-2648-2648201.pdf,cc,94310,1,false,false,false,false,5569787c68182fb8585b2438ab8dfb69002f7e853d71851b1f68728bdfb12706,https://digitalcorpora.s3.amazonaws.com/corpora/files/CC-MAIN-2021-31-PDF-UNTRUNCATED/zipfiles/2000-2999/2648.zip,2648201.pdf
cc-2648-2648205.pdf,cc,2654355,32,false,false,false,false,5569831e9c02652ab884ba022c0994dbf17b47c97ddcb9e39b0be5fce10e09fd,https://digitalcorpora.s3.amazonaws.com/corpora/files/CC-MAIN-2021-31-PDF-UNTRUNCATED/zipfiles/2000-2999/2648.zip,2648205.pdf
cc-2648-2648208.pdf,cc,388455,3,false,false,false,false,5569886f0f4ba64e2394086b52373d12bfaf2d5a15b27efcc3e3bb1bcd4372a2,https://digitalcorpora.s3.amazonaws.com/corpora/files/CC-MAIN-2021-31-PDF-UNTRUNCATED/zipfiles/2000-2999/2648.zip,2648208.pdf
cc-2648-2648213.pdf,cc,133912,4,false,false,true,false,556993d8c84757a515157813800ad159d75e96f90b220ebd89402f629eb69224,https://digitalcorpora.s3.amazonaws.com/corpora/files/CC-MAIN-2021-31-PDF-UNTRUNCATED/zipfiles/2000-2999/2648.zip,2648213.pdf
cc-2648-2648217.pdf,cc,183481,7,false,false,true,false,556995fbe11613f8dc269d00084b93e3c320aaf40f84d7fadac4453baa4354c7,https://digitalcorpora.s3.amazonaws.com/corpora/files/CC-MAIN-2021-31-PDF-UNTRUNCATED/zipfiles/2000-2999/2648.zip,2648217.pdf
cc-2648-2648220.pdf,cc,313261,6,false,false,true,false,5569a4be4d287fa4e192fac20f4ad6d1a9d85397c0c98ddb0aa45916e9eb1925,https://digitalcorpora.s3.amazonaws.com/corpora/files/CC-MAIN-2021-31-PDF-UNTRUNCATED/zipfiles/2000-2999/2648.zip,2648220.pdf
cc-2648-2648233.pdf,cc,744333,2,false,false,false,false,5569b452d5eff024cbeb5776ffe362719be26974ac004d47b0919c7c300ebf55,https://digitalcorpora.s3.amazonaws.com/corpora/files/CC-MAIN-2021-31-PDF-UNTRUNCATED/zipfiles/2000-2999/2648.zip,2648233.pdf
cc-2648-2648237.pdf,cc,796545,9,false,false,true,false,5569bdd2ebb4f70fae78a028107dc23d13277ba71fe52859a3564827291c1e32,https://digitalcorpora.s3.amazonaws.com/corpora/files/CC-MAIN-2021-31-PDF-UNTRUNCATED/zipfiles/2000-2999/2648.zip,2648237.pdf
cc-2648-2648239.pdf,cc,2738092,11,false,false,false,false,5569c2ccf1324016da8497a13e98c9b2458f21f62cd3f1c3a244605788cef61c,https://digitalcorpora.s3.amazonaws.com/corpora/files/CC-MAIN-2021-31-PDF-UNTRUNCATED/zipfiles/2000-2999/2648.zip,2648239.pdf
cc-2648-2648248.pdf,cc,3322294,68,false,false,false,false,5569d33856ec7d4d095a9be1980d9c787eccaae5849a9429b4fa1e75e49c6ff5,https://digitalcorpora.s3.amazonaws.com/corpora/files/CC-MAIN-2021-31-PDF-UNTRUNCATED/zipfiles/2000-2999/2648.zip,2648248.pdf
cc-2648-2648251.pdf,cc,42139,1,false,false,false,false,5569def381d53624080f1d85661c2e8335a574bd0d7d2820975470e6505131d8,https://digitalcorpora.s3.amazonaws.com/corpora/files/CC-MAIN-2021-31-PDF-UNTRUNCATED/zipfiles/2000-2999/2648.zip,2648251.pdf
cc-2648-2648255.pdf,cc,109898,2,false,false,false,false,5569e6c0295f5fb8c4a39bc67001c54ffbbf9876fc50b94d6afe57f06bdb3f55,https://digitalcorpora.s3.amazonaws.com/corpora/files/CC-MAIN-2021-31-PDF-UNTRUNCATED/zipfiles/2000-2999/2648.zip,2648255.pdf
cc-2648-2648259.pdf,cc,2554685,21,false,false,true,false,5569ef560b5fa6757d76e2221fe535de342e49e08db5b29861ec8920f40bc0f7,https://digitalcorpora.s3.amazonaws.com/corpora/files/CC-MAIN-2021-31-PDF-UNTRUNCATED/zipfiles/2000-2999/2648.zip,2648259.pdf
cc-2648-2648260.pdf,cc,136621,2,false,false,true,false,5569f17c1eab0a4c6867c6816f4841836f8b9b6ee9073c33682768b3ccc95d37,https://digitalcorpora.s3.amazonaws.com/corpora/files/CC-MAIN-2021-31-PDF-UNTRUNCATED/zipfiles/2000-2999/2648.zip,2648260.pdf
cc-2648-2648280.pdf,cc,1731457,,false,false,true,false,556a2c8d4152c969a1e95912656cc448aeb4a00b3f2002059e49742982f25927,https://digitalcorpora.s3.amazonaws.com/corpora/files/CC-MAIN-2021-31-PDF-UNTRUNCATED/zipfiles/2000-2999/2648.zip,2648280.pdf
cc-2648-2648282.pdf,cc,409485,1,false,false,false,false,556a36ecf63f8fa21f93b5977091d13e5d393253aab1b3639cfb241904276198,https://digitalcorpora.s3.amazonaws.com/corpora/files/CC-MAIN-2021-31-PDF-UNTRUNCATED/zipfiles/2000-2999/2648.zip,2648282.pdf
govdocs-005-005001.pdf,govdocs,457743,6,false,false,true,false,9cb4a3965c15a1bb775fa6d996894a55cc8a85a849a3269deec73a2ea35439c4,https://digitalcorpora.s3.amazonaws.com/corpora/files/govdocs1/zipfiles/005.zip,005001.pdf
govdocs-005-005002.pdf,govdocs,11239,1,false,false,false,false,d6cd818ac0a5675af934544d666e3cc95d9fa66aca7c128095496d414da1824c,https://digitalcorpora.s3.amazonaws.com/corpora/files/govdocs1/zipfiles/005.zip,005002.pdf
govdocs-005-005003.pdf,govdocs,198328,4,false,false,true,false,c61a684b470b4cc8a9b531e92e9ea9d88c2e76fafeebc6f78a21543eef204821,https://digitalcorpora.s3.amazonaws.com/corpora/files/govdocs1/zipfiles/005.zip,005003.pdf
govdocs-005-005004.pdf,govdocs,3542967,19,false,false,false,false,c60dd235f7841babab9f0da7a210a9a6f4e755f8a52eb1df0a4dced89e0baf68,https://digitalcorpora.s3.amazonaws.com/corpora/files/govdocs1/zipfiles/005.zip,005004.pdf
govdocs-005-005005.pdf,govdocs,200050,9,false,false,false,false,d7e3c73ee60c997c2d18c5bb2cad8ef1ea49a210c7764594054053cba07811dd,https://digitalcorpora.s3.amazonaws.com/corpora/files/govdocs1/zipfiles/005.zip,005005.pdf
govdocs-005-005007.pdf,govdocs,134168,3,false,false,false,false,c8c5e8911a8f4dc67ddaf9bfb2297ff110e89defab65d32d27568808346d5936,https://digitalcorpora.s3.amazonaws.com/corpora/files/govdocs1/zipfiles/005.zip,005007.pdf
govdocs-005-005009.pdf,govdocs,209676,3,false,false,false,false,64a15553a63996358c76f1404964c22599505b01398cb4aaee694f0674fd6887,https://digitalcorpora.s3.amazonaws.com/corpora/files/govdocs1/zipfiles/005.zip,005009.pdf
govdocs-005-005010.pdf,govdocs,41496,8,false,false,false,false,029b983634617e0f9273d90e2a9fdca8fcded8a2530af7b2b009c0a1d3ab6288,https://digitalcorpora.s3.amazonaws.com/corpora/files/govdocs1/zipfiles/005.zip,005010.pdf
govdocs-005-005011.pdf,govdocs,964325,6,false,false,false,false,cd689c0a3256a98873ecd499b8c5b8e5e5c88c0dfda3e413a179710273fcd725,https://digitalcorpora.s3.amazonaws.com/corpora/files/govdocs1/zipfiles/005.zip,005011.pdf
govdocs-005-005012.pdf,govdocs,64852,1,false,false,false,false,a2f304e5d0ad4c8fde6919f12bffd554dfa4d6f9358121330110a6c7ce12a248,https://digitalcorpora.s3.amazonaws.com/corpora/files/govdocs1/zipfiles/005.zip,005012.pdf
govdocs-005-005014.pdf,govdocs,4362603,21,false,false,false,false,40a92f3f460daace002acca687f3271e95b73aaf8380ba000f2eb8f2f46b249a,https://digitalcorpora.s3.amazonaws.com/corpora/files/govdocs1/zipfiles/005.zip,005014.pdf
govdocs-005-005015.pdf,govdocs,15169,2,false,false,false,false,f10d62ec75c84eb6cd2e40c93869e9117502ca0d13bcf37eed3ddd954a1521e8,https://digitalcorpora.s3.amazonaws.com/corpora/files/govdocs1/zipfiles/005.zip,005015.pdf
govdocs-005-005016.pdf,govdocs,126649,1,false,false,false,false,d6068145cf27cb259f0aad235f548f571703b3e2cc8e05eb00af0ae48234073a,https://digitalcorpora.s3.amazonaws.com/corpora/files/govdocs1/zipfiles/005.zip,005016.pdf
govdocs-005-005017.pdf,govdocs,221296,4,false,false,false,false,1175a0c91fa3379ee4d9a06177b24c551d1172cc6ae3f373001f6b31c3495a06,https://digitalcorpora.s3.amazonaws.com/corpora/files/govdocs1/zipfiles/005.zip,005017.pdf
govdocs-005-005018.pdf,govdocs,998590,8,false,false,false,false,3de851b69326e782ef0895bc4f940b02843b59938c79308e48d9c6dacf436a48,https://digitalcorpora.s3.amazonaws.com/corpora/files/govdocs1/zipfiles/005.zip,005018.pdf
govdocs-005-005019.pdf,govdocs,996579,12,false,false,true,true,dcb1948dc4c072d87c21f1e726c327d9950bdb4c8a8caeab2a29b19895639323,https://digitalcorpora.s3.amazonaws.com/corpora/files/govdocs1/zipfiles/005.zip,005019.pdf
govdocs-005-005020.pdf,govdocs,331877,60,false,false,false,false,ee5f7e4db2f9a488718651fe33ffca245f90a33648e38016ea15b6e5e7fbb51b,https://digitalcorpora.s3.amazonaws.com/corpora/files/govdocs1/zipfiles/005.zip,005020.pdf
govdocs-005-005021.pdf,govdocs,66433,3,false,false,false,false,a5187e86d26c3f54de602f86a338e3e1dc30800ae0f3d1ac63482f2d226872f5,https://digitalcorpora.s3.amazonaws.com/corpora/files/govdocs1/zipfiles/005.zip,005021.pdf
govdocs-005-005083.pdf,govdocs,841429,16,false,false,false,false,c5e0a0497b5990ef726603b165fbf1c12c0dc8d0f96ee7a0a4f63b3933d486ba,https://digitalcorpora.s3.amazonaws.com/corpora/files/govdocs1/zipfiles/005.zip,005083.pdf
govdocs-005-005084.pdf,govdocs,147605,20,true,false,false,false,a647a3c0e9a1d8c690725ba143f1adfc27afb87353db666bc6e3179d7a73c829,https://digitalcorpora.s3.amazonaws.com/corpora/files/govdocs1/zipfiles/005.zip,005084.pdf
govdocs-005-005085.pdf,govdocs,204586,11,false,false,false,true,84cfc9494346f34f30c72bdec6502420b86d67af5301e4a7fea03d064e2f4bfa,https://digitalcorpora.s3.amazonaws.com/corpora/files/govdocs1/zipfiles/005.zip,005085.pdf
govdocs-005-005131.pdf,govdocs,404820,32,true,false,false,false,f6ad677f9e0a79386f4a92a54d3b0e0db5aa89a7c917f54499dba80267800373,https://digitalcorpora.s3.amazonaws.com/corpora/files/govdocs1/zipfiles/005.zip,005131.pdf
govdocs-005-005139.pdf,govdocs,51058,3,false,false,false,false,7c00240f83f968197187eb9c079fe57a922417093a21103f88f5a40de8a6a4e0,https://digitalcorpora.s3.amazonaws.com/corpora/files/govdocs1/zipfiles/005.zip,005139.pdf
govdocs-005-005142.pdf,govdocs,450937,94,false,false,false,false,dfad0ea8eb2acb0bf8da53a286e2c0ed5dbbdc63c21e47b31f30234d4391e9c8,https://digitalcorpora.s3.amazonaws.com/corpora/files/govdocs1/zipfiles/005.zip,005142.pdf
govdocs-005-005146.pdf,govdocs,2051762,36,false,false,false,true,7aea3ed13c8a7e063eb07c46f008b6a8b3bda7d7247bd91e1e2e6f8ab642528c,https://digitalcorpora.s3.amazonaws.com/corpora/files/govdocs1/zipfiles/005.zip,005146.pdf
govdocs-005-005151.pdf,govdocs,238201,28,false,false,false,false,ef6ffb896819946c28907d8672decfc8a58bf4087576c6fcc8f528542c32014b,https://digitalcorpora.s3.amazonaws.com/corpora/files/govdocs1/zipfiles/005.zip,005151.pdf
govdocs-005-005156.pdf,govdocs,147955,5,false,false,false,false,1e4e4c9cf5e57cb8d5113554d3907bbb5329cc94a936426c7da7c0f0a607d2ec,https://digitalcorpora.s3.amazonaws.com/corpora/files/govdocs1/zipfiles/005.zip,005156.pdf
govdocs-005-005157.pdf,govdocs,48725,5,false,false,false,true,e2fe85082da6000d1902042f843364eaa1ce480beda6d251afa0b5ae6f006a2e,https://digitalcorpora.s3.amazonaws.com/corpora/files/govdocs1/zipfiles/005.zip,005157.pdf
govdocs-005-005158.pdf,govdocs,60737,3,false,false,true,false,b4caf9dc8c0f9a8991c33b771c751200eaaf3ff6872a99ade28ceb79de08479a,https://digitalcorpora.s3.amazonaws.com/corpora/files/govdocs1/zipfiles/005.zip,005158.pdf
govdocs-005-005159.pdf,govdocs,546056,18,false,false,false,false,42b38ebb25d07726262cb52d103f8a95e57304e9b04adb2a11380fceb846243a,https://digitalcorpora.s3.amazonaws.com/corpora/files/govdocs1/zipfiles/005.zip,005159.pdf
govdocs-005-005160.pdf,govdocs,60027,4,false,false,false,false,685334d0ef1f346edc9007fe4b2f66bb818d39cd3c063b3a7ff569d85a598709,https://digitalcorpora.s3.amazonaws.com/corpora/files/govdocs1/zipfiles/005.zip,005160.pdf
govdocs-005-005164.pdf,govdocs,72203,3,false,false,true,false,ad3f15025344c2143219d3c8e8cea7af6d36b229f856ac4969eed2495ac3ed43,https://digitalcorpora.s3.amazonaws.com/corpora/files/govdocs1/zipfiles/005.zip,005164.pdf
govdocs-005-005167.pdf,govdocs,100863,3,true,false,true,false,1b000c9214d9bc96c1f48422075a2ce5dcd8f6bd0c10798070cacb7e021529be,https://digitalcorpora.s3.amazonaws.com/corpora/files/govdocs1/zipfiles/005.zip,005167.pdf
govdocs-005-005168.pdf,govdocs,2695328,61,false,false,true,false,5680a7f7dbbc45d55d7be2004c16436a6a9cd64a3019888132e51ad84d767275,https://digitalcorpora.s3.amazonaws.com/corpora/files/govdocs1/zipfiles/005.zip,005168.pdf
govdocs-005-005170.pdf,govdocs,204648,2,false,false,true,false,c3547eb478519cd8e37db794efa7ac5b7db5f864492f0ef209b8a4276e750ad4,https://digitalcorpora.s3.amazonaws.com/corpora/files/govdocs1/zipfiles/005.zip,005170.pdf
govdocs-005-005178.pdf,govdocs,216183,2,false,false,false,false,5f9715fdabfbc2fb293d6c49904b1868937a1209617ea1a3c6c15bccf0a1dd18,https://digitalcorpora.s3.amazonaws.com/corpora/files/govdocs1/zipfiles/005.zip,005178.pdf
govdocs-005-005179.pdf,govdocs,155236,13,true,false,true,false,3f9334f3d0dda25317e59d5b440ec3312a44817bedbdd6fe3535150d0b558cf6,https://digitalcorpora.s3.amazonaws.com/corpora/files/govdocs1/zipfiles/005.zip,005179.pdf
govdocs-005-005182.pdf,govdocs,55660,2,false,false,false,false,760c67ac1abc48849addd41302ec9bf76e4539356b8067fab0bcfc198ea6f0a7,https://digitalcorpora.s3.amazonaws.com/corpora/files/govdocs1/zipfiles/005.zip,005182.pdf
govdocs-005-005184.pdf,govdocs,118320,2,false,false,true,false,8fc4fb22e0018d5260b96984974d06bd5440afbf73f9bcb4a1740bd38f0b10f1,https://digitalcorpora.s3.amazonaws.com/corpora/files/govdocs1/zipfiles/005.zip,005184.pdf
govdocs-005-005197.pdf,govdocs,1111130,16,false,false,true,false,320bb7683cc03f6536c58d9962ee8392bb61161f71bfb8695f7a3616da124213,https://digitalcorpora.s3.amazonaws.com/corpora/files/govdocs1/zipfiles/005.zip,005197.pdf
govdocs-005-005220.pdf,govdocs,2780780,33,false,false,true,false,eb73f6975fff324ef97d33458867493c7f32be9c82e0f8a29b8fcd7115e7788e,https://digitalcorpora.s3.amazonaws.com/corpora/files/govdocs1/zipfiles/005.zip,005220.pdf
govdocs-005-005223.pdf,govdocs,18182,9,false,false,false,false,7812f336a021ab91e4fdda062e153be1045ad61e9ec2bf987d635a8ef86d61b6,https://digitalcorpora.s3.amazonaws.com/corpora/files/govdocs1/zipfiles/005.zip,005223.pdf
govdocs-005-005225.pdf,govdocs,3415095,2,false,false,false,false,4cc55301564dd2e3db8111e5187ca4c3d84a02fda2d9fad62182efee8999dc70,https://digitalcorpora.s3.amazonaws.com/corpora/files/govdocs1/zipfiles/005.zip,005225.pdf
govdocs-005-005227.pdf,govdocs,147455,13,false,false,false,false,cc43083762462028f188addfd0851486bfaae7ca53dd9c6f833e7ca2df2d7110,https://digitalcorpora.s3.amazonaws.com/corpora/files/govdocs1/zipfiles/005.zip,005227.pdf
govdocs-005-005228.pdf,govdocs,66477,32,false,false,false,false,e40f469d9bd947ea89782334cce4de488b3b148d9b4f6265424511aea73fdc62,https://digitalcorpora.s3.amazonaws.com/corpora/files/govdocs1/zipfiles/005.zip,005228.pdf
govdocs-005-005229.pdf,govdocs,767707,183,false,false,true,true,7833aaec22224fe506fc8b52f855109b864e6c73ada2ac59509b289c9f0a6b52,https://digitalcorpora.s3.amazonaws.com/corpora/files/govdocs1/zipfiles/005.zip,005229.pdf
govdocs-005-005230.pdf,govdocs,3105595,45,false,false,false,false,83705b94af31264d256c60c71c1f9bb83002eb9ffee6f4b14b64abb4df7303ff,https://digitalcorpora.s3.amazonaws.com/corpora/files/govdocs1/zipfiles/005.zip,005230.pdf
govdocs-005-005231.pdf,govdocs,237313,29,true,false,false,false,13f08d1fdc3373bb3bc0d50c882f6cc7e1e35b22c6d38e72533d71b94edd6b2a,https://digitalcorpora.s3.amazonaws.com/corpora/files/govdocs1/zipfiles/005.zip,005231.pdf
govdocs-005-005234.pdf,govdocs,373875,110,false,false,false,false,fd04d673e4329dbad066cff93ecf3b25fb8502d11ece475047ea3aefc9ac95ab,https://digitalcorpora.s3.amazonaws.com/corpora/files/govdocs1/zipfiles/005.zip,005234.pdf
govdocs-005-005235.pdf,govdocs,10975,1,false,false,true,true,1a4fc47a43f254b93c28c30a512df793dc7ac1e0f141b7e068b8c175b620a8cd,https://digitalcorpora.s3.amazonaws.com/corpora/files/govdocs1/zipfiles/005.zip,005235.pdf
govdocs-005-005236.pdf,govdocs,9100,1,false,false,false,true,35148a00636daa01f8cdca92048e737280a6e19de08e0b7c44bd1cefac136c7a,https://digitalcorpora.s3.amazonaws.com/corpora/files/govdocs1/zipfiles/005.zip,005236.pdf
govdocs-005-005237.pdf,govdocs,41675,14,false,false,false,false,00fd122db577be75c024736a1aec7cd8460351339bc47b04297b7e0585c6a425,https://digitalcorpora.s3.amazonaws.com/corpora/files/govdocs1/zipfiles/005.zip,005237.pdf
govdocs-005-005238.pdf,govdocs,172206,45,false,false,false,false,6888945194a8160f4f8c65666fe1021598c0c51695af2579d396f047cae568eb,https://digitalcorpora.s3.amazonaws.com/corpora/files/govdocs1/zipfiles/005.zip,005238.pdf
govdocs-005-005239.pdf,govdocs,237519,38,true,false,false,false,aa341fb29b2818d9ec95f3e7bbdfc0b994473e94de9747f69d54ed3529728b10,https://digitalcorpora.s3.amazonaws.com/corpora/files/govdocs1/zipfiles/005.zip,005239.pdf
govdocs-005-005240.pdf,govdocs,595898,128,false,false,false,false,2ebfb97280412bb3fa80de4f4e05a73926b7bfa99a0330bae75561489c5aed82,https://digitalcorpora.s3.amazonaws.com/corpora/files/govdocs1/zipfiles/005.zip,005240.pdf
govdocs-005-005243.pdf,govdocs,4180828,427,false,false,false,false,40ea40f7d316b45f2a5f2e9b751ec178336fd3fe887a9c5dc70d54538c0e1ec6,https://digitalcorpora.s3.amazonaws.com/corpora/files/govdocs1/zipfiles/005.zip,005243.pdf
govdocs-005-005244.pdf,govdocs,81537,9,false,false,false,false,8b0be0146fd3696ea1ae98da203dee54fbfc4ec3d2eb9be50f068981b1ca1ab6,https://digitalcorpora.s3.amazonaws.com/corpora/files/govdocs1/zipfiles/005.zip,005244.pdf
govdocs-005-005245.pdf,govdocs,57527,8,false,false,true,false,81361adc3450e41d8d33d3de7acc980f2ca5b41c4db8d2b61c0742f0041a388b,https://digitalcorpora.s3.amazonaws.com/corpora/files/govdocs1/zipfiles/005.zip,005245.pdf
govdocs-005-005246.pdf,govdocs,28629,20,true,false,false,false,9cc03ca9e06a7884939df8a080d0b8d77837d7cb2efaf28edacfc9ae45068a45,https://digitalcorpora.s3.amazonaws.com/corpora/files/govdocs1/zipfiles/005.zip,005246.pdf
govdocs-005-005247.pdf,govdocs,120746,23,true,false,false,true,a430e978aa39297b80052d2714a890b2b3526ce99962ed6d4ad4a0ad84616b34,https://digitalcorpora.s3.amazonaws.com/corpora/files/govdocs1/zipfiles/005.zip,005247.pdf
govdocs-005-005249.pdf,govdocs,280079,130,false,false,false,false,c9484394c227fed9410f92b2be6362053acb57b09b7c2a40f272c8884bb5e337,https://digitalcorpora.s3.amazonaws.com/corpora/files/govdocs1/zipfiles/005.zip,005249.pdf
govdocs-005-005250.pdf,govdocs,30861,11,false,false,false,false,306d1c879fa4ab2ca5cfad9f7ffba8cedfcad6f78f6bd1e8f76b16fb7d371a87,https://digitalcorpora.s3.amazonaws.com/corpora/files/govdocs1/zipfiles/005.zip,005250.pdf
govdocs-005-005251.pdf,govdocs,46867,18,false,false,false,false,8bcdeb1358aac700365b1b409ed736a0c47b154c1867425e4b0aba716bb90b7b,https://digitalcorpora.s3.amazonaws.com/corpora/files/govdocs1/zipfiles/005.zip,005251.pdf
govdocs-005-005254.pdf,govdocs,33269,5,false,false,false,false,5db2140162553a9a5bfe93e338df68dd6d58268d24af1654a1fbc1497841867d,https://digitalcorpora.s3.amazonaws.com/corpora/files/govdocs1/zipfiles/005.zip,005254.pdf
govdocs-005-005259.pdf,govdocs,77615,14,false,false,false,false,1dafce6e4c8ab052b91c7c25b1477b15cd41a128ed94dceb124df4db9af973d4,https://digitalcorpora.s3.amazonaws.com/corpora/files/govdocs1/zipfiles/005.zip,005259.pdf
govdocs-005-005260.pdf,govdocs,1303313,40,false,false,false,false,2e6dedec790b01ed31a74485763448336e9ae2ecd8e87631f55425c979c3e528,https://digitalcorpora.s3.amazonaws.com/corpora/files/govdocs1/zipfiles/005.zip,005260.pdf
govdocs-005-005261.pdf,govdocs,309860,138,false,false,false,false,f0a0b86a437be92f60161ed93b2e09190cf910e265c0cc3c26a25e63ea92f704,https://digitalcorpora.s3.amazonaws.com/corpora/files/govdocs1/zipfiles/005.zip,005261.pdf
govdocs-005-005262.pdf,govdocs,36206,2,false,false,false,false,12a10f1efdd738776466b6f8bb59255c434d2566e90bd2caca9c172fcf4374ca,https://digitalcorpora.s3.amazonaws.com/corpora/files/govdocs1/zipfiles/005.zip,005262.pdf
govdocs-005-005263.pdf,govdocs,1630474,71,false,false,true,false,009f28b67de4ac36ca352d884902f7c476af2f97a1adc7a41425c71b7cb68eb3,https://digitalcorpora.s3.amazonaws.com/corpora/files/govdocs1/zipfiles/005.zip,005263.pdf
govdocs-005-005264.pdf,govdocs,761207,53,false,false,false,false,b9474ceacb996642f03e9919d0e262706247a531537aa6280325c4e17a3d6074,https://digitalcorpora.s3.amazonaws.com/corpora/files/govdocs1/zipfiles/005.zip,005264.pdf
govdocs-005-005265.pdf,govdocs,158475,33,false,false,false,false,3490fa97a2f3421f4855690bbec63712424203366267fd4678fdd189a1027d99,https://digitalcorpora.s3.amazonaws.com/corpora/files/govdocs1/zipfiles/005.zip,005265.pdf
govdocs-005-005266.pdf,govdocs,97611,7,false,false,false,false,146ebc5f6f6a7a043588a03441ac6538edcf10e98871981b99f5cf52af98077e,https://digitalcorpora.s3.amazonaws.com/corpora/files/govdocs1/zipfiles/005.zip,005266.pdf
govdocs-005-005267.pdf,govdocs,2922917,54,false,false,false,false,bd73ed56ce30b1739c2af36ce09fb962e400ff61e2bb52cadd60e0f3adfc10cf,https://digitalcorpora.s3.amazonaws.com/corpora/files/govdocs1/zipfiles/005.zip,005267.pdf
govdocs-005-005268.pdf,govdocs,646996,154,false,false,false,true,f665e8a4b7c0689a8101a7fefb0a80d9ab322a48bc43050277953097b0568821,https://digitalcorpora.s3.amazonaws.com/corpora/files/govdocs1/zipfiles/005.zip,005268.pdf
govdocs-005-005269.pdf,govdocs,33149,11,false,false,false,false,565e4d46ddbf69404edca452d1520053b8076eafc641910e83b1d486da37e714,https://digitalcorpora.s3.amazonaws.com/corpora/files/govdocs1/zipfiles/005.zip,005269.pdf
govdocs-005-005271.pdf,govdocs,1905357,55,false,false,true,true,015554a12a040a1ae8bff46af44016ac46bf7d0f499c4d6e785b744033ab2662,https://digitalcorpora.s3.amazonaws.com/corpora/files/govdocs1/zipfiles/005.zip,005271.pdf
govdocs-005-005273.pdf,govdocs,52707,22,false,false,false,false,056afd7380332596516d3e0d1c7f04e1bfb4e9a0aed147fe50e15990fa561ce8,https://digitalcorpora.s3.amazonaws.com/corpora/files/govdocs1/zipfiles/005.zip,005273.pdf
govdocs-005-005278.pdf,govdocs,61639,19,false,false,false,false,6f0c1d22d60bb58d45c74e95aaec2bcec21a098f916395650db33f2543748970,https://digitalcorpora.s3.amazonaws.com/corpora/files/govdocs1/zipfiles/005.zip,005278.pdf
govdocs-005-005281.pdf,govdocs,346055,13,false,false,false,false,3b7765750149ff40a9b98d5284b37a5b5b0357ad87193ad3a390c2be98053e7b,https://digitalcorpora.s3.amazonaws.com/corpora/files/govdocs1/zipfiles/005.zip,005281.pdf
govdocs-005-005285.pdf,govdocs,6506,1,false,false,false,false,172ca68081d90ede5b26269b1f18193ab262fefabfb548c8a6c447110234a962,https://digitalcorpora.s3.amazonaws.com/corpora/files/govdocs1/zipfiles/005.zip,005285.pdf
govdocs-005-005331.pdf,govdocs,1118933,5,false,false,true,false,ac57f9f701f2eaf3200615462b45ab1bc572683d7da522ecb1059211fc0617c4,https://digitalcorpora.s3.amazonaws.com/corpora/files/govdocs1/zipfiles/005.zip,005331.pdf
govdocs-005-005341.pdf,govdocs,732786,8,false,false,false,true,da7fe568a96c58ae6a1c1619f4b64f396f505e6cb2fc3a88de1ea5d592518855,https://digitalcorpora.s3.amazonaws.com/corpora/files/govdocs1/zipfiles/005.zip,005341.pdf
govdocs-005-005342.pdf,govdocs,1618191,25,false,false,true,false,360aacd1baf51c7c0059a37e7398010b2a075fd83fbcf586ef504ca081cf6c0c,https://digitalcorpora.s3.amazonaws.com/corpora/files/govdocs1/zipfiles/005.zip,005342.pdf
govdocs-005-005344.pdf,govdocs,373803,15,false,false,false,true,23fbb7749fd9bd657c8bbf2a251b06b00006b34a8d2c911c06a2be48ecc9a746,https://digitalcorpora.s3.amazonaws.com/corpora/files/govdocs1/zipfiles/005.zip,005344.pdf
govdocs-005-005345.pdf,govdocs,2588040,19,false,false,false,false,c0a5f3403c1f1a3957fa462f647290b2cd86d6d33b4d020d784b8469299709ba,https://digitalcorpora.s3.amazonaws.com/corpora/files/govdocs1/zipfiles/005.zip,005345.pdf
govdocs-005-005358.pdf,govdocs,85646,6,false,false,true,false,81483e5b2a32bc7987dfb1fb3015bbcb29d64a213f437c92b6cf01931f750ec1,https://digitalcorpora.s3.amazonaws.com/corpora/files/govdocs1/zipfiles/005.zip,005358.pdf
govdocs-005-005364.pdf,govdocs,2867165,17,false,false,false,false,e188c5d5ec35c562ae41a499e82ceee1577bbb20ef74938c7d93e196a3f04d2d,https://digitalcorpora.s3.amazonaws.com/corpora/files/govdocs1/zipfiles/005.zip,005364.pdf
govdocs-005-005369.pdf,govdocs,1645749,12,false,false,false,false,ab31d23e0332fb03fe5a08e53a43a872815a85a440bb6e5adb3fdf50ad7c68ee,https://digitalcorpora.s3.amazonaws.com/corpora/files/govdocs1/zipfiles/005.zip,005369.pdf
govdocs-005-005371.pdf,govdocs,627903,8,false,false,false,false,649b66c8bed583887a62536265ff3f28a35a1948379278fd6583165186443b54,https://digitalcorpora.s3.amazonaws.com/corpora/files/govdocs1/zipfiles/005.zip,005371.pdf
govdocs-005-005372.pdf,govdocs,34139,2,false,true,true,true,073e5c6896f2ad2b04e1f678935a652d67c9d205b2fe71dd334683accbaff900,https://digitalcorpora.s3.amazonaws.com/corpora/files/govdocs1/zipfiles/005.zip,005372.pdf
govdocs-005-005373.pdf,govdocs,46973,10,false,false,false,false,8ba15e0947a0ff7ffe3ec30b546df510e0cf0524b3eea6a79ed76416189370db,https://digitalcorpora.s3.amazonaws.com/corpora/files/govdocs1/zipfiles/005.zip,005373.pdf
govdocs-005-005393.pdf,govdocs,2990858,159,true,false,false,false,72eb9a1cbbea874a87371e04abdd60cc5fbbe39b33dd4e7a716c9f1a639ffa13,https://digitalcorpora.s3.amazonaws.com/corpora/files/govdocs1/zipfiles/005.zip,005393.pdf
govdocs-005-005399.pdf,govdocs,93698,14,false,false,true,false,1f8ab1b30da701e339b660c64a850c00e238d9882607a845554dd74a2580bb40,https://digitalcorpora.s3.amazonaws.com/corpora/files/govdocs1/zipfiles/005.zip,005399.pdf
govdocs-005-005402.pdf,govdocs,90083,6,false,false,false,false,52c1c3557b8fcb05127809defad1de4f776c7816640c9c414ae7b68329cff83b,https://digitalcorpora.s3.amazonaws.com/corpora/files/govdocs1/zipfiles/005.zip,005402.pdf
govdocs-005-005405.pdf,govdocs,84261,29,false,false,false,false,de42fc74fabbc84993f74400e0d9a699b17cb4e7e388b6185d0d2ba8f2e6b1d2,https://digitalcorpora.s3.amazonaws.com/corpora/files/govdocs1/zipfiles/005.zip,005405.pdf
govdocs-005-005416.pdf,govdocs,445357,1,false,false,true,false,5b4a3dfe5d9ec05decb516f316fcceff641fdbcc75a0f51630b5fe0ca67f0b43,https://digitalcorpora.s3.amazonaws.com/corpora/files/govdocs1/zipfiles/005.zip,005416.pdf
govdocs-005-005418.pdf,govdocs,1797547,18,false,false,false,false,5a3828d5373474ecbf4576671444e61b58ff576a53cf6e48bfd9dff96cac5134,https://digitalcorpora.s3.amazonaws.com/corpora/files/govdocs1/zipfiles/005.zip,005418.pdf
govdocs-005-005419.pdf,govdocs,2825443,48,false,false,false,false,90bdb8a03f085f66df261614b4db873d29a4abf01570fd8b7a7f900098aebba1,https://digitalcorpora.s3.amazonaws.com/corpora/files/govdocs1/zipfiles/005.zip,005419.pdf
govdocs-005-005448.pdf,govdocs,3867338,20,false,false,false,false,343307aa79a75e82a659c467c4d5f44e64af107b9421b664ab598464d1ec6a1a,https://digitalcorpora.s3.amazonaws.com/corpora/files/govdocs1/zipfiles/005.zip,005448.pdf
govdocs-005-005463.pdf,govdocs,31048,1,false,false,false,false,33f5f29dd3a39c750eaf3f2968ead62c3e6a3fec4154daefa16ffb8944a9407a,https://digitalcorpora.s3.amazonaws.com/corpora/files/govdocs1/zipfiles/005.zip,005463.pdf
govdocs-005-005466.pdf,govdocs,2198370,14,false,false,false,false,965984549c2a5fba76cfc8c901cdec520941b0633919e64f73377f7a71eb0b4a,https://digitalcorpora.s3.amazonaws.com/corpora/files/govdocs1/zipfiles/005.zip,005466.pdf
govdocs-005-005489.pdf,govdocs,1573996,25,true,false,false,false,0b3e64751bd5cf700716b5e74ffac20d69de86802b228e71fb43819999e320de,https://digitalcorpora.s3.amazonaws.com/corpora/files/govdocs1/zipfiles/005.zip,005489.pdf
govdocs-005-005490.pdf,govdocs,466984,16,false,false,true,false,393c2d8e89419ce67a3cae41902a3a5abf7a960f702147282d29be747ec118cc,https://digitalcorpora.s3.amazonaws.com/corpora/files/govdocs1/zipfiles/005.zip,005490.pdf
govdocs-005-005496.pdf,govdocs,38140,4,false,false,false,false,98cadd1de553aff16d72398adf4286a77b920f45cbf0475d6b79b4a541912013,https://digitalcorpora.s3.amazonaws.com/corpora/files/govdocs1/zipfiles/005.zip,005496.pdf
govdocs-005-005497.pdf,govdocs,2271396,67,false,false,false,false,ed6b23d556792bd49060386d7fb440b0772a211c15e020510d2f457241359def,https://digitalcorpora.s3.amazonaws.com/corpora/files/govdocs1/zipfiles/005.zip,005497.pdf
govdocs-005-005498.pdf,govdocs,194816,53,false,false,true,true,64f872446e57f746ffbe0a21f5a6a1e601ada13c3a60458e54259d3a9eab8402,https://digitalcorpora.s3.amazonaws.com/corpora/files/govdocs1/zipfiles/005.zip,005498.pdf
govdocs-005-005500.pdf,govdocs,923777,69,false,false,true,false,cb0b5e28ce67a9eaa9730f75c2a7f919166d5bb744bbca4d36d2208fadc20aba,https://digitalcorpora.s3.amazonaws.com/corpora/files/govdocs1/zipfiles/005.zip,005500.pdf
govdocs-005-005501.pdf,govdocs,63244,6,false,false,false,false,c5dc7e0e6db21c0f72133a128d2d441c0da27a07f5b5c8397a6da1dbdb949107,https://digitalcorpora.s3.amazonaws.com/corpora/files/govdocs1/zipfiles/005.zip,005501.pdf
govdocs-005-005502.pdf,govdocs,21634,1,false,false,false,false,93f85c86f646e06016c8b66d0ad6a89e1cddca9deda9cdba7e88adb61b2fd530,https://digitalcorpora.s3.amazonaws.com/corpora/files/govdocs1/zipfiles/005.zip,005502.pdf
govdocs-005-005504.pdf,govdocs,481227,5,false,false,true,false,1454b377cf764bf666f42525bac5cd651499b13d4bcb7b058eea7c2a4fffd8a6,https://digitalcorpora.s3.amazonaws.com/corpora/files/govdocs1/zipfiles/005.zip,005504.pdf
govdocs-005-005505.pdf,govdocs,175585,45,false,false,false,false,39aa1de9fcc3ec212eae056aa0bdb8db5fa0f5fc7e82af21ae67c5961010c1e5,https://digitalcorpora.s3.amazonaws.com/corpora/files/govdocs1/zipfiles/005.zip,005505.pdf
govdocs-005-005506.pdf,govdocs,25518,14,false,false,false,false,9e34b7f64524012f465249c0805edda11ecccab646de4d4546d45f54a7132516,https://digitalcorpora.s3.amazonaws.com/corpora/files/govdocs1/zipfiles/005.zip,005506.pdf
govdocs-005-005507.pdf,govdocs,435730,7,false,false,true,false,2b066020208df6df8e0bea5bb1ed088b2455d652c66776781c7aeb02d7a001d9,https://digitalcorpora.s3.amazonaws.com/corpora/files/govdocs1/zipfiles/005.zip,005507.pdf
govdocs-005-005508.pdf,govdocs,3460423,8,false,false,false,false,af1bf05fe9309474526472fd3f5a7ff2dbd307d65f203b2f950554e113f965c3,https://digitalcorpora.s3.amazonaws.com/corpora/files/govdocs1/zipfiles/005.zip,005508.pdf
govdocs-005-005509.pdf,govdocs,424131,47,false,false,true,false,348a2e138bb607fb8880aada90c9c7d271ca141b3c1963de68805fb243f975b5,https://digitalcorpora.s3.amazonaws.com/corpora/files/govdocs1/zipfiles/005.zip,005509.pdf
govdocs-005-005511.pdf,govdocs,111790,36,false,false,false,false,96d76299b81c65ada77fadb413c3e0b03c11b7f041f09a31e44e3270ec3a1b07,https://digitalcorpora.s3.amazonaws.com/corpora/files/govdocs1/zipfiles/005.zip,005511.pdf
govdocs-005-005513.pdf,govdocs,91491,12,false,false,true,false,bee1169f12b4fbfa048c8d0c164a57609540e1df44d5526c5dfe90286af0f8cd,https://digitalcorpora.s3.amazonaws.com/corpora/files/govdocs1/zipfiles/005.zip,005513.pdf
govdocs-005-005514.pdf,govdocs,233462,1,false,false,false,false,46ebb441700296f3e5e6c9a90edf06ff8298d4fceafeccefb6b5580484159f06,https://digitalcorpora.s3.amazonaws.com/corpora/files/govdocs1/zipfiles/005.zip,005514.pdf
govdocs-005-005515.pdf,govdocs,241818,6,false,false,false,false,fe02bea55bfadbe15d81f6a675e7be0ea6b43f2207efd09311cbaa4406670346,https://digitalcorpora.s3.amazonaws.com/corpora/files/govdocs1/zipfiles/005.zip,005515.pdf
govdocs-005-005517.pdf,govdocs,20681,13,false,false,false,false,2f4d23257a3e6bd87d7205873e2cc013ab814492e5509bd9b5796f291986fff1,https://digitalcorpora.s3.amazonaws.com/corpora/files/govdocs1/zipfiles/005.zip,005517.pdf
govdocs-005-005518.pdf,govdocs,18805,6,false,false,false,false,416a53c770b4b26c88ade0023d9fc831bf19209fe601b83ffaaa046cb4cdcbc6,https://digitalcorpora.s3.amazonaws.com/corpora/files/govdocs1/zipfiles/005.zip,005518.pdf
govdocs-005-005519.pdf,govdocs,6841,4,false,false,false,false,c324acc461713cb89bc6fe6e74952a0397dbc5c6a18f9c1b6d4d27ae86e44c43,https://digitalcorpora.s3.amazonaws.com/corpora/files/govdocs1/zipfiles/005.zip,005519.pdf
govdocs-005-005520.pdf,govdocs,43686,2,false,false,true,false,f18f35b0130009b4a8860da33e288c2a886c2e998c4f63d9201b15d3e42e6a50,https://digitalcorpora.s3.amazonaws.com/corpora/files/govdocs1/zipfiles/005.zip,005520.pdf
govdocs-005-005522.pdf,govdocs,601767,11,false,false,true,false,0b5bdbc76d24cb2db71156e71e00cf9be01329898ded8e18a931daf101677d17,https://digitalcorpora.s3.amazonaws.com/corpora/files/govdocs1/zipfiles/005.zip,005522.pdf
govdocs-005-005524.pdf,govdocs,4539,2,false,false,false,false,7b423f22cad8d765db947cee6e5da2a481497d1219da0e0a847793b976462fab,https://digitalcorpora.s3.amazonaws.com/corpora/files/govdocs1/zipfiles/005.zip,005524.pdf
govdocs-005-005526.pdf,govdocs,269095,49,false,false,false,false,39d9b0448455a7b19586a224fbecfd4a6c40439dbb924c173973be92f8bcf870,https://digitalcorpora.s3.amazonaws.com/corpora/files/govdocs1/zipfiles/005.zip,005526.pdf
govdocs-005-005528.pdf,govdocs,2571810,84,false,false,true,false,fdac5c05cdbedb4f211df1b5cad03b13bd027a498f1bd26d4a0773bb3a907443,https://digitalcorpora.s3.amazonaws.com/corpora/files/govdocs1/zipfiles/005.zip,005528.pdf
govdocs-005-005529.pdf,govdocs,64900,6,false,false,false,false,23d5e3bd6af5cd16b266c121f4f31fd349ee7dd4f94152c7799b434e97ca185f,https://digitalcorpora.s3.amazonaws.com/corpora/files/govdocs1/zipfiles/005.zip,005529.pdf
govdocs-005-005531.pdf,govdocs,72191,13,true,false,false,false,d9cc2971c95d42fade34569cc1f41b1a43797a1e7814d45101560d9a53a639b0,https://digitalcorpora.s3.amazonaws.com/corpora/files/govdocs1/zipfiles/005.zip,005531.pdf
govdocs-005-005532.pdf,govdocs,94971,2,false,false,false,false,f628765e667c98f8204c821fab9c5b9d122830224b555f755064f32f30958eca,https://digitalcorpora.s3.amazonaws.com/corpora/files/govdocs1/zipfiles/005.zip,005532.pdf
govdocs-005-005536.pdf,govdocs,214877,27,false,false,false,false,6d11a70c8619f020bdc5b71e6686daf04063318fad781769ca644e34ac2c0e6c,https://digitalcorpora.s3.amazonaws.com/corpora/files/govdocs1/zipfiles/005.zip,005536.pdf
govdocs-005-005541.pdf,govdocs,211207,12,false,false,false,false,0c2159da07c45c3a650d7140d24f5b384394483c20c9bb060a17964eef10a4b7,https://digitalcorpora.s3.amazonaws.com/corpora/files/govdocs1/zipfiles/005.zip,005541.pdf
govdocs-005-005545.pdf,govdocs,277897,4,false,false,false,false,283d38e8a47c348832206570ca78c7c6344fb5602b7ff84642adb8b55f01432a,https://digitalcorpora.s3.amazonaws.com/corpora/files/govdocs1/zipfiles/005.zip,005545.pdf
govdocs-005-005546.pdf,govdocs,4150207,48,false,false,false,false,8084ae0fcab453b782e9674919275bccd5fcd31450e837d5c8e4ecd41853f0b5,https://digitalcorpora.s3.amazonaws.com/corpora/files/govdocs1/zipfiles/005.zip,005546.pdf
govdocs-005-005553.pdf,govdocs,2776124,472,false,false,true,true,131fa0d80adf55f20863dc4e61c4983f38c256db411d22c298a186c34e1a24e2,https://digitalcorpora.s3.amazonaws.com/corpora/files/govdocs1/zipfiles/005.zip,005553.pdf
govdocs-005-005561.pdf,govdocs,26185,2,false,false,false,false,212a724817fe2717d5aa5960ddeb58ae594bc6e7b5fad7bb3c4b76a7d7eb7748,https://digitalcorpora.s3.amazonaws.com/corpora/files/govdocs1/zipfiles/005.zip,005561.pdf
govdocs-005-005564.pdf,govdocs,147040,2,false,false,true,false,767dddda08de1d7011e8c461b7f469c50db5538fc44b6aca292c240c5498b4dc,https://digitalcorpora.s3.amazonaws.com/corpora/files/govdocs1/zipfiles/005.zip,005564.pdf
govdocs-005-005610.pdf,govdocs,2236696,28,false,false,false,false,231391088ca4512dd7f04031f902115261a9b7c0d3d31b4628fa52fb8a299154,https://digitalcorpora.s3.amazonaws.com/corpora/files/govdocs1/zipfiles/005.zip,005610.pdf
govdocs-005-005697.pdf,govdocs,1335396,45,false,false,false,false,75dc5b212d3b4a89d20d32ee8958ea05eaab993764b7d2e6b58e1794c4014997,https://digitalcorpora.s3.amazonaws.com/corpora/files/govdocs1/zipfiles/005.zip,005697.pdf
govdocs-005-005716.pdf,govdocs,563042,6,false,false,true,false,3466351bb64a1d0249165a12a185d91ca8f94d8442169904f57a16997a46ce99,https://digitalcorpora.s3.amazonaws.com/corpora/files/govdocs1/zipfiles/005.zip,005716.pdf
govdocs-005-005717.pdf,govdocs,269393,32,false,false,true,false,50cf308d95f285e7f11950bc5057a72ee2a8a2e433f51c98a5e61af042c95975,https://digitalcorpora.s3.amazonaws.com/corpora/files/govdocs1/zipfiles/005.zip,005717.pdf
govdocs-005-005718.pdf,govdocs,248078,35,false,false,false,false,28f73be3535a05fe0ea92c8066a1dfb0c436bdb014e95c5a5c9859d0532af727,https://digitalcorpora.s3.amazonaws.com/corpora/files/govdocs1/zipfiles/005.zip,005718.pdf
govdocs-005-005719.pdf,govdocs,142174,13,false,false,false,false,03a15dc611306f3adf70006fd33426bbf6a7ccff9dc047c10fc8097d20b4448a,https://digitalcorpora.s3.amazonaws.com/corpora/files/govdocs1/zipfiles/005.zip,005719.pdf
govdocs-005-005720.pdf,govdocs,691320,12,false,false,false,false,c19eb5a0db298d1db03e086808fc8c6255b3d519dddb5965403bca2cc7da659e,https://digitalcorpora.s3.amazonaws.com/corpora/files/govdocs1/zipfiles/005.zip,005720.pdf
govdocs-005-005721.pdf,govdocs,2507406,177,false,false,false,true,3aecb2f2851fa9a4784d5a69aea0916c8a31ab6957735cf5e95f655cce63ba2b,https://digitalcorpora.s3.amazonaws.com/corpora/files/govdocs1/zipfiles/005.zip,005721.pdf
govdocs-005-005722.pdf,govdocs,414194,117,false,false,false,false,6b45f7485fda11327bd0f6ace0f2b61791dcf568ee05b8169598559b93c83ea7,https://digitalcorpora.s3.amazonaws.com/corpora/files/govdocs1/zipfiles/005.zip,005722.pdf
govdocs-005-005745.pdf,govdocs,734345,16,false,false,true,false,a9bbb13c4fd52c5e3f7f23ef3fcc0021de077174bb07e822f3eaae5ae132531d,https://digitalcorpora.s3.amazonaws.com/corpora/files/govdocs1/zipfiles/005.zip,005745.pdf
govdocs-005-005746.pdf,govdocs,169233,6,false,false,true,false,abacf2c9b6e78252879da010d09601817d45ae1a38ca377161dc4f0962a1f8b9,https://digitalcorpora.s3.amazonaws.com/corpora/files/govdocs1/zipfiles/005.zip,005746.pdf
govdocs-005-005747.pdf,govdocs,521572,92,false,false,false,false,a5828374e5020aa5d4431a0ab5a6c12dcc53356847c1969ce1a81ceb71a4f403,https://digitalcorpora.s3.amazonaws.com/corpora/files/govdocs1/zipfiles/005.zip,005747.pdf
govdocs-005-005748.pdf,govdocs,1073017,14,false,false,true,true,d26a0d4a5fa959c849a61ed8f17c7968dc0a939643c3d50a182a4765a80d3fa1,https://digitalcorpora.s3.amazonaws.com/corpora/files/govdocs1/zipfiles/005.zip,005748.pdf
govdocs-005-005751.pdf,govdocs,903474,19,false,false,true,false,0f2e9917f6d01a6ce471e2b41a9c251a96ab63ed7663c16083d0c6e3909a6f83,https://digitalcorpora.s3.amazonaws.com/corpora/files/govdocs1/zipfiles/005.zip,005751.pdf
govdocs-005-005752.pdf,govdocs,492149,14,false,false,false,false,f5e292910b05d7f5687214ed91b898501baf44cb4333dc9489409dec28f0b48d,https://digitalcorpora.s3.amazonaws.com/corpora/files/govdocs1/zipfiles/005.zip,005752.pdf
govdocs-005-005753.pdf,govdocs,882051,6,false,false,false,true,32fe558626d0a7e5d7629b3c40cec729fe07e0c08badbcf1cfd3bd25c58c484a,https://digitalcorpora.s3.amazonaws.com/corpora/files/govdocs1/zipfiles/005.zip,005753.pdf
govdocs-005-005754.pdf,govdocs,92075,7,false,false,false,true,dff6a6496076e81d9acc2876fef749f5d3f328fdb5bb9e8af954c6ebff2ad92b,https://digitalcorpora.s3.amazonaws.com/corpora/files/govdocs1/zipfiles/005.zip,005754.pdf
govdocs-005-005755.pdf,govdocs,43252,8,false,false,false,true,10a0d40a64be63cf09958e63e4cab25771f569aaa393497e0cef75330560a31b,https://digitalcorpora.s3.amazonaws.com/corpora/files/govdocs1/zipfiles/005.zip,005755.pdf
govdocs-005-005757.pdf,govdocs,289664,21,false,false,true,false,a65f3c501c45f379b01a68a196e757273f91a560ee4f4ad7e79e944354eee35b,https://digitalcorpora.s3.amazonaws.com/corpora/files/govdocs1/zipfiles/005.zip,005757.pdf
govdocs-005-005759.pdf,govdocs,186647,9,false,false,true,false,9a78bc39795c166290a499bb87da1aa3d9dbf64c3f38e66f2c2b1cd1f8d666f7,https://digitalcorpora.s3.amazonaws.com/corpora/files/govdocs1/zipfiles/005.zip,005759.pdf
govdocs-005-005760.pdf,govdocs,1150420,183,false,false,false,false,e95e124a7cf65a6440576db3dc4f842d699266fbfe8eb4d4af05e7885b87bc2f,https://digitalcorpora.s3.amazonaws.com/corpora/files/govdocs1/zipfiles/005.zip,005760.pdf
govdocs-005-005762.pdf,govdocs,555444,4,false,false,true,false,a23e7d865cf503c2623c9b36ca20fbea7fb7a42eacf5fc13919cda67deb0a201,https://digitalcorpora.s3.amazonaws.com/corpora/files/govdocs1/zipfiles/005.zip,005762.pdf
govdocs-005-005763.pdf,govdocs,57214,7,true,false,false,false,ff0188bc4a45ec4c7e434cf5a02c6823e42bfa7bf8ea9394f95af5fc40004aa6,https://digitalcorpora.s3.amazonaws.com/corpora/files/govdocs1/zipfiles/005.zip,005763.pdf
govdocs-005-005764.pdf,govdocs,385954,4,false,false,false,true,14295fbf82eee7f6f7e9d969a720cc56132d39a8f48de4f5dc6405e161ec0363,https://digitalcorpora.s3.amazonaws.com/corpora/files/govdocs1/zipfiles/005.zip,005764.pdf
govdocs-005-005765.pdf,govdocs,38670,1,false,false,false,false,4012c2cfa27dfdf89ced1e17821d86c27c651f507426d5250a75fef37662aa00,https://digitalcorpora.s3.amazonaws.com/corpora/files/govdocs1/zipfiles/005.zip,005765.pdf
govdocs-005-005766.pdf,govdocs,189653,2,false,false,false,true,ce89cc1791948149c3779f53f51bf4c2370cebc150dbe2cd9d258e5170c0c774,https://digitalcorpora.s3.amazonaws.com/corpora/files/govdocs1/zipfiles/005.zip,005766.pdf
govdocs-005-005767.pdf,govdocs,7422,1,false,false,false,false,4b065b5d8e6e4f7febd860b85b3eff0d97fe7fad6a559f1c71880a572610102f,https://digitalcorpora.s3.amazonaws.com/corpora/files/govdocs1/zipfiles/005.zip,005767.pdf
govdocs-005-005768.pdf,govdocs,30306,1,false,false,false,false,ceb159b741b943cb015d54c99bb93bf1a665176fa92b7c9bcaea1e2def027e6e,https://digitalcorpora.s3.amazonaws.com/corpora/files/govdocs1/zipfiles/005.zip,005768.pdf
govdocs-005-005771.pdf,govdocs,1813780,20,true,false,true,false,3a5ec3428eb118816d359c57ce527ae187c674994af84f8202755d17fc77473f,https://digitalcorpora.s3.amazonaws.com/corpora/files/govdocs1/zipfiles/005.zip,005771.pdf
govdocs-005-005772.pdf,govdocs,211606,4,false,false,false,true,0b65ef61fdffc4713f763ddaad51114d2b7028d3081964a116b5c4da62c5d2ee,https://digitalcorpora.s3.amazonaws.com/corpora/files/govdocs1/zipfiles/005.zip,005772.pdf
govdocs-005-005773.pdf,govdocs,1465190,58,false,false,false,false,e4787a3ae6c82f96d9f6ad3a9729326b7865035d8da5067b3c9db01f2c839ae4,https://digitalcorpora.s3.amazonaws.com/corpora/files/govdocs1/zipfiles/005.zip,005773.pdf
govdocs-005-005775.pdf,govdocs,74682,1,false,false,true,false,8df99b1de5888bfd684b2b14f1866386c4556f4a8889d6ac0603a603d15b1a2c,https://digitalcorpora.s3.amazonaws.com/corpora/files/govdocs1/zipfiles/005.zip,005775.pdf
govdocs-005-005776.pdf,govdocs,186084,6,false,false,false,false,0b0c962f98b65593018c9cc68edbed091a5cd14bbec5aba0c428df4175243cfd,https://digitalcorpora.s3.amazonaws.com/corpora/files/govdocs1/zipfiles/005.zip,005776.pdf
govdocs-005-005777.pdf,govdocs,3409121,33,false,false,false,false,55d73d9e6e82914197a303f49bb8e1018dd8d659c4edced4f3e1d42e5c3860b0,https://digitalcorpora.s3.amazonaws.com/corpora/files/govdocs1/zipfiles/005.zip,005777.pdf
govdocs-005-005778.pdf,govdocs,59680,45,false,false,false,false,e64f18a1a4d94455f9a1818ce72e566ed5bf3c497e8d2742798afbe0b3bc796e,https://digitalcorpora.s3.amazonaws.com/corpora/files/govdocs1/zipfiles/005.zip,005778.pdf
govdocs-005-005779.pdf,govdocs,3768089,22,false,false,true,false,590dee95873803c6dad9b614b495c475612b0fef92c842949e520293ba647943,https://digitalcorpora.s3.amazonaws.com/corpora/files/govdocs1/zipfiles/005.zip,005779.pdf
govdocs-005-005780.pdf,govdocs,163327,29,false,false,false,false,39fc6cf212951793340bd4b229de05f6b62c6a5368fc5e4d8f940e6deaf393ca,https://digitalcorpora.s3.amazonaws.com/corpora/files/govdocs1/zipfiles/005.zip,005780.pdf
govdocs-005-005781.pdf,govdocs,4635,4,false,false,false,false,bf70ce3c3ca6021a4c36b9ac75db56cdf7534bec2e2ede2f930b6302bd283e12,https://digitalcorpora.s3.amazonaws.com/corpora/files/govdocs1/zipfiles/005.zip,005781.pdf
govdocs-005-005782.pdf,govdocs,37432,3,false,false,false,false,e775d10fca7a1d53e6b14308716a60e22f1ba0702069fb6960591acbd9e1fc36,https://digitalcorpora.s3.amazonaws.com/corpora/files/govdocs1/zipfiles/005.zip,005782.pdf
govdocs-005-005783.pdf,govdocs,229690,27,false,false,false,false,2ad48d2db6cc85224e72d1343be0ff8da0b86755bfe41412cb52ae3d899befd0,https://digitalcorpora.s3.amazonaws.com/corpora/files/govdocs1/zipfiles/005.zip,005783.pdf
govdocs-005-005784.pdf,govdocs,93316,6,false,false,false,false,565806c6c87c4174e1007113df1a93a7732bef4cf4df3a64dcdb9d2eec8f24a4,https://digitalcorpora.s3.amazonaws.com/corpora/files/govdocs1/zipfiles/005.zip,005784.pdf
govdocs-005-005795.pdf,govdocs,53020,31,false,false,false,false,1e9657a1bf563a32088e7f7526f418f436c451a2a0c6ee1a5f66f6830e66e055,https://digitalcorpora.s3.amazonaws.com/corpora/files/govdocs1/zipfiles/005.zip,005795.pdf
govdocs-005-005802.pdf,govdocs,360978,24,false,false,false,false,2584cd6b4f4742b925f152a18fdc811a98de5059b5cf30e052791d850eabf40e,https://digitalcorpora.s3.amazonaws.com/corpora/files/govdocs1/zipfiles/005.zip,005802.pdf
govdocs-005-005810.pdf,govdocs,106712,2,false,false,false,false,ab37c4b376f880d26e73b3d67142265492c7b7db1ff0d979d9c75194a87e2fd2,https://digitalcorpora.s3.amazonaws.com/corpora/files/govdocs1/zipfiles/005.zip,005810.pdf
govdocs-005-005812.pdf,govdocs,31117,1,false,false,false,false,cd29390fccf025c3afa8227db27714f268de9c83061668b5862a03cbc52d6188,https://digitalcorpora.s3.amazonaws.com/corpora/files/govdocs1/zipfiles/005.zip,005812.pdf
govdocs-005-005814.pdf,govdocs,75646,1,false,false,false,false,d29959b7e83d5e264eccfe6d39e611c21994b16ec458b8aa0fc1c4095ff64608,https://digitalcorpora.s3.amazonaws.com/corpora/files/govdocs1/zipfiles/005.zip,005814.pdf
govdocs-005-005816.pdf,govdocs,867140,41,false,false,false,false,c41ffdd17bb66015c3727309bd4b4b5f31cc75f6a04f8ac674ceb42830119cd3,https://digitalcorpora.s3.amazonaws.com/corpora/files/govdocs1/zipfiles/005.zip,005816.pdf
govdocs-005-005841.pdf,govdocs,116574,4,false,false,false,false,9902f479ee6307cfac119d4caea3294c349374de383fc4c40a108918d3fe057f,https://digitalcorpora.s3.amazonaws.com/corpora/files/govdocs1/zipfiles/005.zip,005841.pdf
govdocs-005-005843.pdf,govdocs,2871459,24,false,false,false,false,7e40c375044e0b7bad9753083dfebc7e9404b62ab4a0db9f5c05ade078d48f66,https://digitalcorpora.s3.amazonaws.com/corpora/files/govdocs1/zipfiles/005.zip,005843.pdf
govdocs-005-005844.pdf,govdocs,143949,12,false,false,false,false,f8c31fe214e82ae6f37134491655f30702be699b7745fec46b04e3034cff109f,https://digitalcorpora.s3.amazonaws.com/corpora/files/govdocs1/zipfiles/005.zip,005844.pdf
govdocs-005-005845.pdf,govdocs,14244,1,false,false,false,false,69600dd502c9557cac363aa89a3e2bd9da788f9e3329fd1c4707de5cc626dbdb,https://digitalcorpora.s3.amazonaws.com/corpora/files/govdocs1/zipfiles/005.zip,005845.pdf
govdocs-005-005849.pdf,govdocs,8845,2,false,false,false,false,d02253c1c4c99a1d2d27814c6860501634f4b24118213f9ee52c6c000df53575,https://digitalcorpora.s3.amazonaws.com/corpora/files/govdocs1/zipfiles/005.zip,005849.pdf
govdocs-005-005850.pdf,govdocs,1859659,36,false,false,true,false,1a29f1fcd965c41699f60d595b25863440c6d04637d11156c85d6265dce89788,https://digitalcorpora.s3.amazonaws.com/corpora/files/govdocs1/zipfiles/005.zip,005850.pdf
govdocs-005-005851.pdf,govdocs,166925,19,false,false,false,false,c30e24a57f148ea040eaf976b9d0451d06eb44123d072fee8efbbb335aa1465f,https://digitalcorpora.s3.amazonaws.com/corpora/files/govdocs1/zipfiles/005.zip,005851.pdf
govdocs-005-005852.pdf,govdocs,495704,47,true,false,false,true,59682b72f6301ca06038e6a67d94a68163501b88deddc9929107e2d3ea205012,https://digitalcorpora.s3.amazonaws.com/corpora/files/govdocs1/zipfiles/005.zip,005852.pdf
govdocs-005-005853.pdf,govdocs,1107264,21,false,false,true,false,6f611ca5d3c39ea3ee187d11788be9aeba2c3ff2b279ad5d8bdd67038b2e3d5f,https://digitalcorpora.s3.amazonaws.com/corpora/files/govdocs1/zipfiles/005.zip,005853.pdf
govdocs-005-005854.pdf,govdocs,185071,52,false,false,true,false,4b943fa0611fadec33aebeedbd0e6e432d10d4469e8c8d144ad2faf28af0b73b,https://digitalcorpora.s3.amazonaws.com/corpora/files/govdocs1/zipfiles/005.zip,005854.pdf
govdocs-005-005855.pdf,govdocs,1581804,19,false,false,false,false,2d71732f75a1e13f521ef5a5f7d870cf45ff0249637ff2fdc5b44ff49510567a,https://digitalcorpora.s3.amazonaws.com/corpora/files/govdocs1/zipfiles/005.zip,005855.pdf
govdocs-005-005856.pdf,govdocs,119663,10,false,false,false,false,5a1700a3f53838ea1f34a9bbf11aa52fc1c387025cfc7e9deaf0a5bb85e2b869,https://digitalcorpora.s3.amazonaws.com/corpora/files/govdocs1/zipfiles/005.zip,005856.pdf
govdocs-005-005857.pdf,govdocs,121324,18,false,false,false,true,cf2e00e49240de1ad82654ae54613801e87ac7e8082f541123436c4da87670b7,https://digitalcorpora.s3.amazonaws.com/corpora/files/govdocs1/zipfiles/005.zip,005857.pdf
govdocs-005-005858.pdf,govdocs,116446,8,false,false,false,false,8ad0621f7b281d5f8205d31190d4033f86f5910e1c8296937b35695de9b89d21,https://digitalcorpora.s3.amazonaws.com/corpora/files/govdocs1/zipfiles/005.zip,005858.pdf
govdocs-005-005859.pdf,govdocs,491676,84,false,false,true,true,31d8f8b519ad6f0c4b555a708c3b042ca6ea21efdcc981e156cab9135c9087dd,https://digitalcorpora.s3.amazonaws.com/corpora/files/govdocs1/zipfiles/005.zip,005859.pdf
govdocs-005-005861.pdf,govdocs,4774410,222,false,false,false,true,cd4ea50d714be0100d5a51ecbf0ec193c34f6cf1f4eb7ea6fd9f9ce647430d69,https://digitalcorpora.s3.amazonaws.com/corpora/files/govdocs1/zipfiles/005.zip,005861.pdf
govdocs-005-005862.pdf,govdocs,719780,65,false,false,true,false,1e148841722c63da9103cc9a7653dd07317b33206552edd3b48cb5afe2187812,https://digitalcorpora.s3.amazonaws.com/corpora/files/govdocs1/zipfiles/005.zip,005862.pdf
govdocs-005-005931.pdf,govdocs,55462,9,false,false,false,false,9aa7cf7ab62473173c3818c291a3077b20766f3c28bf131ec5fbb10b864a04bb,https://digitalcorpora.s3.amazonaws.com/corpora/files/govdocs1/zipfiles/005.zip,005931.pdf
govdocs-005-005933.pdf,govdocs,1536348,18,false,false,false,false,6a9fb4d0e922f601f0fa65c378d48cef5761fd0ddd406cad151464ba5ad207f3,https://digitalcorpora.s3.amazonaws.com/corpora/files/govdocs1/zipfiles/005.zip,005933.pdf
govdocs-005-005934.pdf,govdocs,4206908,20,false,false,false,false,0856227398025579664c89a9a6f43192ebe6a8aebec3b31d44629a8d2a1974ad,https://digitalcorpora.s3.amazonaws.com/corpora/files/govdocs1/zipfiles/005.zip,005934.pdf
govdocs-005-005935.pdf,govdocs,1376494,17,false,false,false,false,7ed37079a6e59d6edbad6c7a20afd54bc1b25d0585fab5dd2b6f573eae66cf0d,https://digitalcorpora.s3.amazonaws.com/corpora/files/govdocs1/zipfiles/005.zip,005935.pdf
govdocs-005-005936.pdf,govdocs,3435998,52,false,false,false,false,164b70a472fe5cdd00fe2a01d14e8d5b6e2bd7f33522ec09942294ae6a01213c,https://digitalcorpora.s3.amazonaws.com/corpora/files/govdocs1/zipfiles/005.zip,005936.pdf
govdocs-005-005937.pdf,govdocs,1227242,16,false,false,false,false,a7fb575b602e3298679c7ac9125941098d43ac4f6ea1b4086edbd5837cef189b,https://digitalcorpora.s3.amazonaws.com/corpora/files/govdocs1/zipfiles/005.zip,005937.pdf
govdocs-005-005938.pdf,govdocs,22127,2,false,false,false,false,994694ca61d629b1bc592bacdf18c39dd6eb20249c9e2bc7681b386a891a24e7,https://digitalcorpora.s3.amazonaws.com/corpora/files/govdocs1/zipfiles/005.zip,005938.pdf
govdocs-005-005939.pdf,govdocs,313186,7,false,false,false,false,6ee81ec1b7802230547c746bb31c7b210554efee646b7efcde0da16c2e324c6e,https://digitalcorpora.s3.amazonaws.com/corpora/files/govdocs1/zipfiles/005.zip,005939.pdf
govdocs-005-005940.pdf,govdocs,181725,21,false,false,false,false,b0a943c37368930ef41b08f53d664f967b9dd4d122f46e26dc3be0be5a20be8b,https://digitalcorpora.s3.amazonaws.com/corpora/files/govdocs1/zipfiles/005.zip,005940.pdf
govdocs-005-005941.pdf,govdocs,134133,17,false,false,false,false,96999ce0052814eccceabc8359f968955e978624547668b60268c5278098e4e8,https://digitalcorpora.s3.amazonaws.com/corpora/files/govdocs1/zipfiles/005.zip,005941.pdf
govdocs-005-005942.pdf,govdocs,180973,43,false,false,true,false,13bcc4d548e76595505f1a2dfca0aa20ec36090b98529ecf0e90cab07b081bd9,https://digitalcorpora.s3.amazonaws.com/corpora/files/govdocs1/zipfiles/005.zip,005942.pdf
govdocs-005-005944.pdf,govdocs,1920162,1,false,false,false,false,94893806cb6ce3fa88c0dbfbeebdab519e3aff68fc81bf6f1e033edaa0869242,https://digitalcorpora.s3.amazonaws.com/corpora/files/govdocs1/zipfiles/005.zip,005944.pdf
govdocs-005-005946.pdf,govdocs,4925429,23,false,false,false,false,7a94c4e06e35973d3f4ca21e1801f9e7e7f07ea8e2dd55de34eb2c73a47002ff,https://digitalcorpora.s3.amazonaws.com/corpora/files/govdocs1/zipfiles/005.zip,005946.pdf
govdocs-005-005947.pdf,govdocs,401333,6,false,false,false,false,b27b0c23bc074d3b1655bb313aa62929af44516cf072617321179f6eabb01e1c,https://digitalcorpora.s3.amazonaws.com/corpora/files/govdocs1/zipfiles/005.zip,005947.pdf
ia-1969-bunnymanual.pdf,ia,718429,27,false,false,true,false,6367d97977285b8b54b3005d0634d33848855d8dd04bf3bae341bcf0e9f3bbd4,https://archive.org/details/1969-bunnymanual,1969-bunnymanual.pdf
ia-AcerServiceManualsforLaptops.pdf,ia,24633440,131,true,false,false,false,441a2eafbff541945d8bc0a2d8ac3607bfcea3f7f3a4bcfcd37d312c8d6fbc05,https://archive.org/details/AcerServiceManualsforLaptops,Travelmate 200.pdf
ia-AntonioGramsciSelectionsFromThePrisonNotebooks.pdf,ia,24803010,577,false,false,false,true,3836ee4f591c69a7ab8cb87f904c2935e86cdd8a6d78d761c82f4f54d1bb3b18,https://archive.org/details/AntonioGramsciSelectionsFromThePrisonNotebooks,Antonio-Gramsci-Selections-from-the-Prison-Notebooks.pdf
ia-APA-DSM-5.pdf,ia,7518145,992,false,false,false,false,971176ce7eedbdf7e74df6f555eab5c7cec2ed14fd5a2a8acd7f8f52734eba98,https://archive.org/details/APA-DSM-5,DSM5.pdf
ia-BlenderWikiPDFManual.pdf,ia,20371793,688,false,false,false,false,5432df458138076a4b6294e93e91f26df88459c3167f479ea8e5bfc9d0d35961,https://archive.org/details/BlenderWikiPDFManual,blender_wiki_pdf_manual_ES_20141110.pdf
ia-cia-manual-trickery-deception-2009.pdf,ia,1936367,179,false,false,false,false,52612075d46dc2b4b8548f72c8657ca8e363aaaf53bfed48febbfb657b57ead0,https://archive.org/details/cia-manual-trickery-deception-2009,cia-manual-trickery-deception-2009.pdf
ia-collectionofgunmanuals.pdf,ia,25041150,41,false,false,false,false,8bd173cbc69c629f5a940979c9b53cf675045c522473395e4886dd6450905256,https://archive.org/details/collectionofgunmanuals,beretta_ar70.pdf
ia-HammondOrganServiceManual-ModelsMM2M3M-100.pdf,ia,13393706,108,false,false,false,false,e9c645e3a191b37c7cc3661fe8baf1177375887082832c23a656bd2aac843ca4,https://archive.org/details/HammondOrganServiceManual-ModelsMM2M3M-100,M100Mm2m3SvcMan_text.pdf
ia-kirklands_manual_labor_-_super_nintendo_-_usa_-_2k_version.pdf,ia,20624622,84,false,false,false,false,9b840d6af0e583bf020d0f870622616d1839f6608ebe9de2785617b36ad143f7,https://archive.org/details/kirklands_manual_labor_-_super_nintendo_-_usa_-_2k_version,Illusion of Gaia (USA).pdf
ia-kirklands-manual-labor-nintendo-game-boy-advance-usa-4k-version.pdf,ia,26212055,48,false,false,false,true,1ab921d181dc6035006ba4cde61526cc598dcfd0a6e16abe7b4f626abec7236a,https://archive.org/details/kirklands-manual-labor-nintendo-game-boy-advance-usa-4k-version,"Legend of Zelda, The - A Link to the Past & Four Swords (USA).pdf"
ia-KoreanWarFieldManuals.pdf,ia,21546660,225,false,false,false,false,28cfbacc469530c55bc59911f1d6bf547636868f7912261bdfed4328cd2d1ae8,https://archive.org/details/KoreanWarFieldManuals,TM 9-723 ( Tank-Mounting Bulldozer M3 ).pdf
ia-lathe-manuals.pdf,ia,26111388,8,false,false,false,false,a2ce3bdc65f6048804597b662b120dd4d9f2ebe14b35322da66725a306f781b0,https://archive.org/details/lathe-manuals,Rex_VF_140.pdf
ia-manual-de-persuasao-do-fbi-by-jack-shafer-z-lib.org-.mobi.pdf,ia,2378672,342,false,false,false,false,f1103156e5dfdb393dce8cac557d596f6333c7a39245924a5f303e62bf2e809d,https://archive.org/details/manual-de-persuasao-do-fbi-by-jack-shafer-z-lib.org-.mobi,Manual-de-Persuasao-do-FBI-by-Jack-Shafer-z-lib.org_.mobi_.pdf
ia-neo-geo-pocket-manuals.pdf,ia,23462024,16,false,false,true,false,09f735383a6512e9ce859d3ebf8c8136e2248714dadd9481dcc7f9fbea8a09ae,https://archive.org/details/neo-geo-pocket-manuals,kof_battle_paradise-japanese_text.pdf
ia-OperatorsManualForM16M16a1.pdf,ia,1841281,147,false,false,false,false,7b3de20d80ae491e3026633eccf5975f50edc3494139eb0cbde1a89f0f8ba3d0,https://archive.org/details/OperatorsManualForM16M16a1,OperatorsManualForM16M16a1_text.pdf
ia-Simplesabotage.pdf,ia,2283107,36,false,false,true,true,130f05a60384e88a7b54e1cc2447a0d43a85b2f65b8e111a3b878319ba6a4a9e,https://archive.org/details/Simplesabotage,Simplesabotage.pdf
ia-snes_manual_archive.pdf,ia,26041036,12,false,false,false,false,4069018e625cbac999c2fed914d58d802b9085deb98250b6d784db3907e64763,https://archive.org/details/snes_manual_archive,James Pond 3 Operation Starfi5h ( PAL ).pdf
ia-TheManualOfFreeEnergyDevicesAndSystems.pdf,ia,14152670,128,false,false,false,false,cf5ae138b43e2f258f9b5716d0f2fd409c68e16309d0d537d47326a56fa4559c,https://archive.org/details/TheManualOfFreeEnergyDevicesAndSystems,The Manual of Free Energy Devices and Systems.pdf
ia-TopSecretBankersManualByThomasSchauf.pdf,ia,10950122,75,false,false,false,true,0855f8809b79e3a3e32634a508688b2286c6717bfcfde5863f83a3cb8b659220,https://archive.org/details/TopSecretBankersManualByThomasSchauf,Top-Secret-Bankers-Manual-by-Thomas-Schauf-Copyright-2002.pdf
ia-tsr09147thetempleofelementalevil.pdf,ia,19563011,146,false,false,false,false,654b70854ece4c2dd311e4890a6dc966f63a7b548cd9d9f8e7e46cf303134d7b,https://archive.org/details/tsr09147thetempleofelementalevil,tsr09147 - The Temple Of Elemental Evil.pdf
ia-warchive.pdf,ia,26193653,167,false,false,false,false,36c164daf988cc0e3ee1ffd04b58ac4e9c138642940759a61680ac8c65722cba,https://archive.org/details/warchive,W-400_013.pdf
